tokenID,name,description,file_name,external_url,attributes[Type],attributes[Gender],attributes[Age],attributes[HairStyle],attributes[FacialFeature],attributes[Eyes],attributes[Expression],attributes[Accessory],attributes[Rarity]
1,Loxley #1,An owner-controlled on-chain pixel agent with an immutable Public identity and one optional Outlaw transformation.,1.png,,human phantom,masculine,adult,pigtails,stubble,eyepatch,smirking,small horns,Common
2,Loxley #2,An owner-controlled on-chain pixel agent with an immutable Public identity and one optional Outlaw transformation.,2.png,,portrait cat,feminine,elder,mohawk,cybernetic jaw,glowing eyes,calm,flower behind ear,Rare
3,Loxley #3,An owner-controlled on-chain pixel agent with an immutable Public identity and one optional Outlaw transformation.,3.png,,human hacker,masculine,young,curly hair,mustache,normal eyes,scowling,neck chain,Common
4,Loxley #4,An owner-controlled on-chain pixel agent with an immutable Public identity and one optional Outlaw transformation.,4.png,,human oracle,feminine,young,bowl cut,dimples,eyepatch,serious,headband,Common
5,Loxley #5,An owner-controlled on-chain pixel agent with an immutable Public identity and one optional Outlaw transformation.,5.png,,secret agent,masculine,elder,slicked-back hair,full beard,wide eyes,neutral,high collar,Rare
6,Loxley #6,An owner-controlled on-chain pixel agent with an immutable Public identity and one optional Outlaw transformation.,6.png,,human rogue,masculine,young,cornrows,clean-shaven,normal eyes,grinning,earring,Common
7,Loxley #7,An owner-controlled on-chain pixel agent with an immutable Public identity and one optional Outlaw transformation.,7.png,,alien,feminine,adult,pigtails,war paint,sunglasses,frowning,cigarette,Rare
8,Loxley #8,An owner-controlled on-chain pixel agent with an immutable Public identity and one optional Outlaw transformation.,8.png,,human hacker,feminine,young,bangs,goatee,cyber visor,neutral,nothing on head,Common
9,Loxley #9,An owner-controlled on-chain pixel agent with an immutable Public identity and one optional Outlaw transformation.,9.png,,portrait dog,masculine,adult,hooded head,cheek markings,normal eyes,serious,hood up,Rare
10,Loxley #10,An owner-controlled on-chain pixel agent with an immutable Public identity and one optional Outlaw transformation.,10.png,,alien,androgynous,adult,spiky hair,face tattoo,monocle,frowning,flower behind ear,Rare
11,Loxley #11,An owner-controlled on-chain pixel agent with an immutable Public identity and one optional Outlaw transformation.,11.png,,portrait cat,feminine,elder,man-bun,chin strap beard,eyepatch,smiling,helmet,Rare
12,Loxley #12,An owner-controlled on-chain pixel agent with an immutable Public identity and one optional Outlaw transformation.,12.png,,portrait cat,masculine,elder,spiky hair,cybernetic jaw,cyber visor,grinning,cigarette,Rare
13,Loxley #13,An owner-controlled on-chain pixel agent with an immutable Public identity and one optional Outlaw transformation.,13.png,,human scout,feminine,adult,ponytail,freckles,big round eyes,smirking,small horns,Common
14,Loxley #14,An owner-controlled on-chain pixel agent with an immutable Public identity and one optional Outlaw transformation.,14.png,,human scout,feminine,elder,shaved sides,soul patch,sunglasses,grinning,nothing on head,Common
15,Loxley #15,An owner-controlled on-chain pixel agent with an immutable Public identity and one optional Outlaw transformation.,15.png,,human rogue,androgynous,young,messy hair,clean-shaven,narrow eyes,surprised,scarf,Common
16,Loxley #16,An owner-controlled on-chain pixel agent with an immutable Public identity and one optional Outlaw transformation.,16.png,,human scout,androgynous,elder,shaved sides,chin strap beard,sharp piercing eyes,calm,laurel wreath,Common
17,Loxley #17,An owner-controlled on-chain pixel agent with an immutable Public identity and one optional Outlaw transformation.,17.png,,human phantom,androgynous,adult,mohawk,cybernetic jaw,sunglasses,neutral,glowing halo,Common
18,Loxley #18,An owner-controlled on-chain pixel agent with an immutable Public identity and one optional Outlaw transformation.,18.png,,portrait cat,androgynous,elder,mohawk,beauty mark,heterochromia,surprised,nothing on head,Rare
19,Loxley #19,An owner-controlled on-chain pixel agent with an immutable Public identity and one optional Outlaw transformation.,19.png,,human rogue,feminine,adult,messy hair,stubble,big round eyes,serious,flower behind ear,Common
20,Loxley #20,An owner-controlled on-chain pixel agent with an immutable Public identity and one optional Outlaw transformation.,20.png,,human ranger,feminine,adult,afro hair,cheek markings,sunglasses,surprised,hood up,Common
21,Loxley #21,An owner-controlled on-chain pixel agent with an immutable Public identity and one optional Outlaw transformation.,21.png,,alien,feminine,elder,short hair,war paint,monocle,frowning,glowing halo,Rare
22,Loxley #22,An owner-controlled on-chain pixel agent with an immutable Public identity and one optional Outlaw transformation.,22.png,,human rogue,feminine,elder,undercut,face tattoo,sharp piercing eyes,smiling,high collar,Common
23,Loxley #23,An owner-controlled on-chain pixel agent with an immutable Public identity and one optional Outlaw transformation.,23.png,,human oracle,masculine,elder,shaved sides,chin strap beard,closed eyes,neutral,flower behind ear,Common
24,Loxley #24,An owner-controlled on-chain pixel agent with an immutable Public identity and one optional Outlaw transformation.,24.png,,human rogue,androgynous,young,dreadlocks,freckles,glowing eyes,calm,beanie,Common
25,Loxley #25,An owner-controlled on-chain pixel agent with an immutable Public identity and one optional Outlaw transformation.,25.png,,human oracle,masculine,elder,short hair,freckles,big round eyes,smiling,antenna,Common
26,Loxley #26,An owner-controlled on-chain pixel agent with an immutable Public identity and one optional Outlaw transformation.,26.png,,alien,androgynous,young,messy hair,face tattoo,normal eyes,neutral,small horns,Rare
27,Loxley #27,An owner-controlled on-chain pixel agent with an immutable Public identity and one optional Outlaw transformation.,27.png,,human rogue,masculine,young,hooded head,war paint,winking,scowling,neck chain,Common
28,Loxley #28,An owner-controlled on-chain pixel agent with an immutable Public identity and one optional Outlaw transformation.,28.png,,human oracle,androgynous,elder,dreadlocks,soul patch,wide eyes,frowning,neck chain,Common
29,Loxley #29,An owner-controlled on-chain pixel agent with an immutable Public identity and one optional Outlaw transformation.,29.png,,human hacker,androgynous,elder,shaved sides,wrinkles,cyber visor,calm,neck chain,Common
30,Loxley #30,An owner-controlled on-chain pixel agent with an immutable Public identity and one optional Outlaw transformation.,30.png,,human ranger,feminine,young,man-bun,eye scar,glowing cyber eye,scowling,bandana,Common
31,Loxley #31,An owner-controlled on-chain pixel agent with an immutable Public identity and one optional Outlaw transformation.,31.png,,secret agent,androgynous,adult,messy hair,nose ring,sharp piercing eyes,calm,beanie,Rare
32,Loxley #32,An owner-controlled on-chain pixel agent with an immutable Public identity and one optional Outlaw transformation.,32.png,,human hacker,masculine,adult,man-bun,chin strap beard,sharp piercing eyes,scowling,bandana,Common
33,Loxley #33,An owner-controlled on-chain pixel agent with an immutable Public identity and one optional Outlaw transformation.,33.png,,human ranger,feminine,adult,wavy hair,eye scar,round glasses,smirking,cap,Common
34,Loxley #34,An owner-controlled on-chain pixel agent with an immutable Public identity and one optional Outlaw transformation.,34.png,,human oracle,feminine,elder,bowl cut,mustache,heterochromia,smiling,flower behind ear,Common
35,Loxley #35,An owner-controlled on-chain pixel agent with an immutable Public identity and one optional Outlaw transformation.,35.png,,human ranger,androgynous,elder,bangs,cybernetic jaw,glowing cyber eye,neutral,beanie,Common
36,Loxley #36,An owner-controlled on-chain pixel agent with an immutable Public identity and one optional Outlaw transformation.,36.png,,human ranger,androgynous,young,shaved sides,wrinkles,cyber visor,frowning,earring,Common
37,Loxley #37,An owner-controlled on-chain pixel agent with an immutable Public identity and one optional Outlaw transformation.,37.png,,human rogue,feminine,elder,top-knot,soul patch,wide eyes,scowling,face mask,Common
38,Loxley #38,An owner-controlled on-chain pixel agent with an immutable Public identity and one optional Outlaw transformation.,38.png,,alien,feminine,elder,mohawk,nose ring,tired eyes,smiling,bandana,Rare
39,Loxley #39,An owner-controlled on-chain pixel agent with an immutable Public identity and one optional Outlaw transformation.,39.png,,human phantom,masculine,elder,top-knot,freckles,tired eyes,frowning,high collar,Common
40,Loxley #40,An owner-controlled on-chain pixel agent with an immutable Public identity and one optional Outlaw transformation.,40.png,,alien,masculine,adult,short hair,cybernetic jaw,big round eyes,serious,flower behind ear,Rare
41,Loxley #41,An owner-controlled on-chain pixel agent with an immutable Public identity and one optional Outlaw transformation.,41.png,,human rogue,feminine,young,receding hairline,stubble,tired eyes,neutral,high collar,Common
42,Loxley #42,An owner-controlled on-chain pixel agent with an immutable Public identity and one optional Outlaw transformation.,42.png,,human phantom,feminine,young,dreadlocks,cheek markings,tired eyes,scowling,face mask,Common
43,Loxley #43,An owner-controlled on-chain pixel agent with an immutable Public identity and one optional Outlaw transformation.,43.png,,human oracle,androgynous,elder,buzzcut,mustache,round glasses,serious,scarf,Common
44,Loxley #44,An owner-controlled on-chain pixel agent with an immutable Public identity and one optional Outlaw transformation.,44.png,,human rogue,androgynous,young,top-knot,full beard,big round eyes,grinning,high collar,Common
45,Loxley #45,An owner-controlled on-chain pixel agent with an immutable Public identity and one optional Outlaw transformation.,45.png,,human rogue,androgynous,young,slicked-back hair,goatee,sunglasses,serious,helmet,Common
46,Loxley #46,An owner-controlled on-chain pixel agent with an immutable Public identity and one optional Outlaw transformation.,46.png,,portrait cat,masculine,elder,hooded head,cheek markings,cyber visor,serious,high collar,Rare
47,Loxley #47,An owner-controlled on-chain pixel agent with an immutable Public identity and one optional Outlaw transformation.,47.png,,human scout,masculine,young,dreadlocks,face tattoo,square glasses,serious,neck chain,Common
48,Loxley #48,An owner-controlled on-chain pixel agent with an immutable Public identity and one optional Outlaw transformation.,48.png,,human scout,androgynous,adult,afro hair,face tattoo,closed eyes,calm,cap,Common
49,Loxley #49,An owner-controlled on-chain pixel agent with an immutable Public identity and one optional Outlaw transformation.,49.png,,human oracle,masculine,young,slicked-back hair,full beard,heterochromia,grinning,glowing halo,Common
50,Loxley #50,An owner-controlled on-chain pixel agent with an immutable Public identity and one optional Outlaw transformation.,50.png,,portrait cat,masculine,adult,bangs,face tattoo,narrow eyes,serious,crown,Rare
51,Loxley #51,An owner-controlled on-chain pixel agent with an immutable Public identity and one optional Outlaw transformation.,51.png,,human hacker,feminine,adult,short hair,cybernetic jaw,square glasses,serious,flower behind ear,Common
52,Loxley #52,An owner-controlled on-chain pixel agent with an immutable Public identity and one optional Outlaw transformation.,52.png,,human rogue,androgynous,adult,man-bun,goatee,tired eyes,frowning,face mask,Common
53,Loxley #53,An owner-controlled on-chain pixel agent with an immutable Public identity and one optional Outlaw transformation.,53.png,,human hacker,feminine,adult,ponytail,goatee,narrow eyes,calm,high collar,Common
54,Loxley #54,An owner-controlled on-chain pixel agent with an immutable Public identity and one optional Outlaw transformation.,54.png,,human oracle,masculine,elder,buzzcut,wrinkles,normal eyes,serious,nothing on head,Common
55,Loxley #55,An owner-controlled on-chain pixel agent with an immutable Public identity and one optional Outlaw transformation.,55.png,,human rogue,androgynous,young,hooded head,face tattoo,narrow eyes,smiling,earring,Common
56,Loxley #56,An owner-controlled on-chain pixel agent with an immutable Public identity and one optional Outlaw transformation.,56.png,,human hacker,feminine,young,cornrows,cheek markings,eyepatch,smiling,neck chain,Common
57,Loxley #57,An owner-controlled on-chain pixel agent with an immutable Public identity and one optional Outlaw transformation.,57.png,,human scout,feminine,elder,bowl cut,eye scar,big round eyes,grinning,flower behind ear,Common
58,Loxley #58,An owner-controlled on-chain pixel agent with an immutable Public identity and one optional Outlaw transformation.,58.png,,human scout,masculine,elder,messy hair,clean-shaven,big round eyes,neutral,beanie,Common
59,Loxley #59,An owner-controlled on-chain pixel agent with an immutable Public identity and one optional Outlaw transformation.,59.png,,human phantom,feminine,young,buzzcut,mustache,big round eyes,smirking,glowing halo,Common
60,Loxley #60,An owner-controlled on-chain pixel agent with an immutable Public identity and one optional Outlaw transformation.,60.png,,human scout,androgynous,young,dreadlocks,scarred cheek,narrow eyes,grinning,neck chain,Common
61,Loxley #61,An owner-controlled on-chain pixel agent with an immutable Public identity and one optional Outlaw transformation.,61.png,,human hacker,masculine,elder,bangs,chin strap beard,glowing cyber eye,serious,headband,Common
62,Loxley #62,An owner-controlled on-chain pixel agent with an immutable Public identity and one optional Outlaw transformation.,62.png,,secret agent,androgynous,young,long hair,eye scar,narrow eyes,scowling,headphones,Rare
63,Loxley #63,An owner-controlled on-chain pixel agent with an immutable Public identity and one optional Outlaw transformation.,63.png,,human scout,feminine,young,bald,sideburns,closed eyes,serious,small horns,Common
64,Loxley #64,An owner-controlled on-chain pixel agent with an immutable Public identity and one optional Outlaw transformation.,64.png,,secret agent,feminine,adult,receding hairline,wrinkles,winking,smirking,scarf,Rare
65,Loxley #65,An owner-controlled on-chain pixel agent with an immutable Public identity and one optional Outlaw transformation.,65.png,,human rogue,feminine,young,wavy hair,war paint,wide eyes,frowning,laurel wreath,Common
66,Loxley #66,An owner-controlled on-chain pixel agent with an immutable Public identity and one optional Outlaw transformation.,66.png,,human rogue,androgynous,elder,shaved sides,stubble,winking,frowning,headphones,Common
67,Loxley #67,An owner-controlled on-chain pixel agent with an immutable Public identity and one optional Outlaw transformation.,67.png,,secret agent,masculine,elder,short hair,chin strap beard,glowing eyes,frowning,face mask,Rare
68,Loxley #68,An owner-controlled on-chain pixel agent with an immutable Public identity and one optional Outlaw transformation.,68.png,,human phantom,androgynous,adult,afro hair,scarred cheek,tired eyes,neutral,bandana,Common
69,Loxley #69,An owner-controlled on-chain pixel agent with an immutable Public identity and one optional Outlaw transformation.,69.png,,secret agent,masculine,adult,afro hair,soul patch,normal eyes,smirking,nothing on head,Rare
70,Loxley #70,An owner-controlled on-chain pixel agent with an immutable Public identity and one optional Outlaw transformation.,70.png,,secret agent,feminine,young,messy hair,war paint,square glasses,frowning,beanie,Rare
71,Loxley #71,An owner-controlled on-chain pixel agent with an immutable Public identity and one optional Outlaw transformation.,71.png,,human oracle,androgynous,young,undercut,sideburns,sharp piercing eyes,smiling,small horns,Common
72,Loxley #72,An owner-controlled on-chain pixel agent with an immutable Public identity and one optional Outlaw transformation.,72.png,,portrait cat,feminine,adult,spiky hair,stubble,narrow eyes,grinning,earring,Rare
73,Loxley #73,An owner-controlled on-chain pixel agent with an immutable Public identity and one optional Outlaw transformation.,73.png,,human ranger,masculine,elder,wavy hair,war paint,glowing eyes,serious,nothing on head,Common
74,Loxley #74,An owner-controlled on-chain pixel agent with an immutable Public identity and one optional Outlaw transformation.,74.png,,human scout,masculine,elder,shaved sides,cheek markings,wide eyes,calm,crown,Common
75,Loxley #75,An owner-controlled on-chain pixel agent with an immutable Public identity and one optional Outlaw transformation.,75.png,,portrait cat,feminine,adult,receding hairline,beauty mark,sunglasses,serious,crown,Rare
76,Loxley #76,An owner-controlled on-chain pixel agent with an immutable Public identity and one optional Outlaw transformation.,76.png,,human ranger,androgynous,adult,shaved sides,cheek markings,sharp piercing eyes,surprised,scarf,Common
77,Loxley #77,An owner-controlled on-chain pixel agent with an immutable Public identity and one optional Outlaw transformation.,77.png,,alien,masculine,young,bald,mustache,closed eyes,scowling,flower behind ear,Rare
78,Loxley #78,An owner-controlled on-chain pixel agent with an immutable Public identity and one optional Outlaw transformation.,78.png,,human oracle,feminine,adult,wavy hair,mustache,heterochromia,neutral,helmet,Common
79,Loxley #79,An owner-controlled on-chain pixel agent with an immutable Public identity and one optional Outlaw transformation.,79.png,,human hacker,androgynous,young,short hair,nose ring,glowing cyber eye,calm,neck chain,Common
80,Loxley #80,An owner-controlled on-chain pixel agent with an immutable Public identity and one optional Outlaw transformation.,80.png,,human hacker,masculine,young,shaved sides,war paint,heterochromia,neutral,neck chain,Common
81,Loxley #81,An owner-controlled on-chain pixel agent with an immutable Public identity and one optional Outlaw transformation.,81.png,,alien,feminine,elder,spiky hair,freckles,glowing cyber eye,scowling,flower behind ear,Rare
82,Loxley #82,An owner-controlled on-chain pixel agent with an immutable Public identity and one optional Outlaw transformation.,82.png,,human hacker,androgynous,young,ponytail,war paint,eyepatch,calm,beanie,Common
83,Loxley #83,An owner-controlled on-chain pixel agent with an immutable Public identity and one optional Outlaw transformation.,83.png,,human scout,androgynous,young,buzzcut,chin strap beard,glowing cyber eye,scowling,scarf,Common
84,Loxley #84,An owner-controlled on-chain pixel agent with an immutable Public identity and one optional Outlaw transformation.,84.png,,portrait dog,masculine,elder,spiky hair,full beard,sunglasses,neutral,bandana,Rare
85,Loxley #85,An owner-controlled on-chain pixel agent with an immutable Public identity and one optional Outlaw transformation.,85.png,,human rogue,androgynous,adult,cornrows,cheek markings,round glasses,serious,scarf,Common
86,Loxley #86,An owner-controlled on-chain pixel agent with an immutable Public identity and one optional Outlaw transformation.,86.png,,secret agent,masculine,young,messy hair,goatee,glowing cyber eye,frowning,flower behind ear,Rare
87,Loxley #87,An owner-controlled on-chain pixel agent with an immutable Public identity and one optional Outlaw transformation.,87.png,,human rogue,masculine,young,long hair,face tattoo,closed eyes,smiling,antenna,Common
88,Loxley #88,An owner-controlled on-chain pixel agent with an immutable Public identity and one optional Outlaw transformation.,88.png,,human scout,feminine,elder,short hair,face tattoo,big round eyes,serious,small horns,Common
89,Loxley #89,An owner-controlled on-chain pixel agent with an immutable Public identity and one optional Outlaw transformation.,89.png,,secret agent,feminine,elder,pigtails,freckles,closed eyes,serious,helmet,Rare
90,Loxley #90,An owner-controlled on-chain pixel agent with an immutable Public identity and one optional Outlaw transformation.,90.png,,human phantom,feminine,adult,ponytail,freckles,sunglasses,smiling,antenna,Common
91,Loxley #91,An owner-controlled on-chain pixel agent with an immutable Public identity and one optional Outlaw transformation.,91.png,,human oracle,masculine,young,mohawk,sideburns,monocle,neutral,hood up,Common
92,Loxley #92,An owner-controlled on-chain pixel agent with an immutable Public identity and one optional Outlaw transformation.,92.png,,human hacker,feminine,young,cornrows,full beard,round glasses,serious,small horns,Common
93,Loxley #93,An owner-controlled on-chain pixel agent with an immutable Public identity and one optional Outlaw transformation.,93.png,,human phantom,androgynous,elder,hooded head,nose ring,cyber visor,neutral,headband,Common
94,Loxley #94,An owner-controlled on-chain pixel agent with an immutable Public identity and one optional Outlaw transformation.,94.png,,human rogue,masculine,adult,short hair,wrinkles,monocle,smirking,flower behind ear,Common
95,Loxley #95,An owner-controlled on-chain pixel agent with an immutable Public identity and one optional Outlaw transformation.,95.png,,human phantom,feminine,adult,bangs,scarred cheek,glowing eyes,smirking,helmet,Common
96,Loxley #96,An owner-controlled on-chain pixel agent with an immutable Public identity and one optional Outlaw transformation.,96.png,,alien,feminine,elder,buzzcut,mustache,normal eyes,surprised,hood up,Rare
97,Loxley #97,An owner-controlled on-chain pixel agent with an immutable Public identity and one optional Outlaw transformation.,97.png,,human oracle,masculine,young,short hair,full beard,tired eyes,scowling,beanie,Common
98,Loxley #98,An owner-controlled on-chain pixel agent with an immutable Public identity and one optional Outlaw transformation.,98.png,,human ranger,androgynous,adult,cornrows,freckles,big round eyes,smiling,nothing on head,Common
99,Loxley #99,An owner-controlled on-chain pixel agent with an immutable Public identity and one optional Outlaw transformation.,99.png,,human hacker,androgynous,elder,buzzcut,clean-shaven,round glasses,surprised,nothing on head,Common
100,Loxley #100,An owner-controlled on-chain pixel agent with an immutable Public identity and one optional Outlaw transformation.,100.png,,human phantom,feminine,adult,dreadlocks,clean-shaven,sharp piercing eyes,smirking,antenna,Common
101,Loxley #101,An owner-controlled on-chain pixel agent with an immutable Public identity and one optional Outlaw transformation.,101.png,,human scout,feminine,elder,spiky hair,freckles,heterochromia,surprised,face mask,Common
102,Loxley #102,An owner-controlled on-chain pixel agent with an immutable Public identity and one optional Outlaw transformation.,102.png,,human hacker,feminine,adult,buzzcut,clean-shaven,winking,serious,helmet,Common
103,Loxley #103,An owner-controlled on-chain pixel agent with an immutable Public identity and one optional Outlaw transformation.,103.png,,human oracle,feminine,young,pigtails,cybernetic jaw,tired eyes,scowling,flower behind ear,Common
104,Loxley #104,An owner-controlled on-chain pixel agent with an immutable Public identity and one optional Outlaw transformation.,104.png,,human ranger,masculine,elder,dreadlocks,cybernetic jaw,narrow eyes,calm,scarf,Common
105,Loxley #105,An owner-controlled on-chain pixel agent with an immutable Public identity and one optional Outlaw transformation.,105.png,,secret agent,androgynous,elder,dreadlocks,clean-shaven,wide eyes,neutral,scarf,Rare
106,Loxley #106,An owner-controlled on-chain pixel agent with an immutable Public identity and one optional Outlaw transformation.,106.png,,alien,feminine,elder,cornrows,full beard,closed eyes,neutral,antenna,Rare
107,Loxley #107,An owner-controlled on-chain pixel agent with an immutable Public identity and one optional Outlaw transformation.,107.png,,alien,masculine,elder,pigtails,cybernetic jaw,glowing cyber eye,smiling,headphones,Rare
108,Loxley #108,An owner-controlled on-chain pixel agent with an immutable Public identity and one optional Outlaw transformation.,108.png,,human ranger,masculine,elder,wavy hair,face tattoo,heterochromia,smiling,beanie,Common
109,Loxley #109,An owner-controlled on-chain pixel agent with an immutable Public identity and one optional Outlaw transformation.,109.png,,alien,feminine,adult,afro hair,wrinkles,wide eyes,surprised,cap,Rare
110,Loxley #110,An owner-controlled on-chain pixel agent with an immutable Public identity and one optional Outlaw transformation.,110.png,,portrait dog,feminine,adult,ponytail,sideburns,eyepatch,surprised,headphones,Rare
111,Loxley #111,An owner-controlled on-chain pixel agent with an immutable Public identity and one optional Outlaw transformation.,111.png,,human rogue,feminine,young,ponytail,mustache,tired eyes,frowning,headband,Common
112,Loxley #112,An owner-controlled on-chain pixel agent with an immutable Public identity and one optional Outlaw transformation.,112.png,,alien,androgynous,young,man-bun,chin strap beard,glowing cyber eye,smiling,headphones,Rare
113,Loxley #113,An owner-controlled on-chain pixel agent with an immutable Public identity and one optional Outlaw transformation.,113.png,,human rogue,feminine,young,slicked-back hair,scarred cheek,monocle,neutral,cap,Common
114,Loxley #114,An owner-controlled on-chain pixel agent with an immutable Public identity and one optional Outlaw transformation.,114.png,,human rogue,masculine,young,short hair,stubble,sharp piercing eyes,smirking,headband,Common
115,Loxley #115,An owner-controlled on-chain pixel agent with an immutable Public identity and one optional Outlaw transformation.,115.png,,human oracle,feminine,elder,bald,beauty mark,monocle,grinning,hood up,Common
116,Loxley #116,An owner-controlled on-chain pixel agent with an immutable Public identity and one optional Outlaw transformation.,116.png,,portrait dog,androgynous,elder,receding hairline,sideburns,glowing cyber eye,calm,cigarette,Rare
117,Loxley #117,An owner-controlled on-chain pixel agent with an immutable Public identity and one optional Outlaw transformation.,117.png,,human hacker,androgynous,elder,wavy hair,cheek markings,narrow eyes,serious,bandana,Common
118,Loxley #118,An owner-controlled on-chain pixel agent with an immutable Public identity and one optional Outlaw transformation.,118.png,,human ranger,feminine,elder,bald,chin strap beard,monocle,calm,high collar,Common
119,Loxley #119,An owner-controlled on-chain pixel agent with an immutable Public identity and one optional Outlaw transformation.,119.png,,human rogue,feminine,adult,bald,soul patch,tired eyes,scowling,nothing on head,Common
120,Loxley #120,An owner-controlled on-chain pixel agent with an immutable Public identity and one optional Outlaw transformation.,120.png,,human rogue,androgynous,young,bangs,stubble,cyber visor,smirking,crown,Common
121,Loxley #121,An owner-controlled on-chain pixel agent with an immutable Public identity and one optional Outlaw transformation.,121.png,,human oracle,feminine,adult,spiky hair,clean-shaven,round glasses,scowling,bandana,Common
122,Loxley #122,An owner-controlled on-chain pixel agent with an immutable Public identity and one optional Outlaw transformation.,122.png,,portrait cat,masculine,adult,wavy hair,cheek markings,monocle,scowling,face mask,Rare
123,Loxley #123,An owner-controlled on-chain pixel agent with an immutable Public identity and one optional Outlaw transformation.,123.png,,human phantom,androgynous,adult,man-bun,mustache,sunglasses,surprised,cap,Common
124,Loxley #124,An owner-controlled on-chain pixel agent with an immutable Public identity and one optional Outlaw transformation.,124.png,,human hacker,androgynous,young,ponytail,cybernetic jaw,big round eyes,serious,glowing halo,Common
125,Loxley #125,An owner-controlled on-chain pixel agent with an immutable Public identity and one optional Outlaw transformation.,125.png,,human phantom,androgynous,elder,wavy hair,scarred cheek,heterochromia,calm,antenna,Common
126,Loxley #126,An owner-controlled on-chain pixel agent with an immutable Public identity and one optional Outlaw transformation.,126.png,,human hacker,masculine,young,slicked-back hair,eye scar,winking,serious,beanie,Common
127,Loxley #127,An owner-controlled on-chain pixel agent with an immutable Public identity and one optional Outlaw transformation.,127.png,,human hacker,masculine,young,afro hair,scarred cheek,sunglasses,smirking,bandana,Common
128,Loxley #128,An owner-controlled on-chain pixel agent with an immutable Public identity and one optional Outlaw transformation.,128.png,,human hacker,masculine,young,wavy hair,wrinkles,eyepatch,frowning,laurel wreath,Common
129,Loxley #129,An owner-controlled on-chain pixel agent with an immutable Public identity and one optional Outlaw transformation.,129.png,,human scout,masculine,young,ponytail,cheek markings,big round eyes,calm,glowing halo,Common
130,Loxley #130,An owner-controlled on-chain pixel agent with an immutable Public identity and one optional Outlaw transformation.,130.png,,alien,androgynous,adult,pigtails,mustache,eyepatch,calm,bandana,Rare
131,Loxley #131,An owner-controlled on-chain pixel agent with an immutable Public identity and one optional Outlaw transformation.,131.png,,human scout,androgynous,elder,messy hair,sideburns,sunglasses,calm,neck chain,Common
132,Loxley #132,An owner-controlled on-chain pixel agent with an immutable Public identity and one optional Outlaw transformation.,132.png,,human hacker,androgynous,elder,short hair,nose ring,tired eyes,calm,flower behind ear,Common
133,Loxley #133,An owner-controlled on-chain pixel agent with an immutable Public identity and one optional Outlaw transformation.,133.png,,portrait dog,feminine,adult,mohawk,goatee,square glasses,surprised,headphones,Rare
134,Loxley #134,An owner-controlled on-chain pixel agent with an immutable Public identity and one optional Outlaw transformation.,134.png,,human oracle,androgynous,elder,bald,face tattoo,sharp piercing eyes,frowning,bandana,Common
135,Loxley #135,An owner-controlled on-chain pixel agent with an immutable Public identity and one optional Outlaw transformation.,135.png,,human phantom,androgynous,elder,shaved sides,face tattoo,big round eyes,smiling,laurel wreath,Common
136,Loxley #136,An owner-controlled on-chain pixel agent with an immutable Public identity and one optional Outlaw transformation.,136.png,,secret agent,masculine,elder,afro hair,full beard,cyber visor,surprised,earring,Rare
137,Loxley #137,An owner-controlled on-chain pixel agent with an immutable Public identity and one optional Outlaw transformation.,137.png,,human ranger,androgynous,adult,hooded head,wrinkles,heterochromia,smiling,helmet,Common
138,Loxley #138,An owner-controlled on-chain pixel agent with an immutable Public identity and one optional Outlaw transformation.,138.png,,human oracle,masculine,adult,receding hairline,cybernetic jaw,big round eyes,grinning,headphones,Common
139,Loxley #139,An owner-controlled on-chain pixel agent with an immutable Public identity and one optional Outlaw transformation.,139.png,,portrait dog,androgynous,adult,afro hair,cybernetic jaw,eyepatch,calm,neck chain,Rare
140,Loxley #140,An owner-controlled on-chain pixel agent with an immutable Public identity and one optional Outlaw transformation.,140.png,,human oracle,androgynous,adult,bald,beauty mark,tired eyes,smirking,headband,Common
141,Loxley #141,An owner-controlled on-chain pixel agent with an immutable Public identity and one optional Outlaw transformation.,141.png,,human ranger,feminine,adult,messy hair,dimples,square glasses,surprised,nothing on head,Common
142,Loxley #142,An owner-controlled on-chain pixel agent with an immutable Public identity and one optional Outlaw transformation.,142.png,,human oracle,masculine,young,hooded head,freckles,glowing eyes,smirking,high collar,Common
143,Loxley #143,An owner-controlled on-chain pixel agent with an immutable Public identity and one optional Outlaw transformation.,143.png,,secret agent,masculine,young,receding hairline,dimples,closed eyes,surprised,beanie,Rare
144,Loxley #144,An owner-controlled on-chain pixel agent with an immutable Public identity and one optional Outlaw transformation.,144.png,,human hacker,feminine,young,spiky hair,soul patch,winking,neutral,bandana,Common
145,Loxley #145,An owner-controlled on-chain pixel agent with an immutable Public identity and one optional Outlaw transformation.,145.png,,human oracle,androgynous,elder,messy hair,full beard,narrow eyes,calm,earring,Common
146,Loxley #146,An owner-controlled on-chain pixel agent with an immutable Public identity and one optional Outlaw transformation.,146.png,,alien,androgynous,adult,bald,full beard,winking,serious,high collar,Rare
147,Loxley #147,An owner-controlled on-chain pixel agent with an immutable Public identity and one optional Outlaw transformation.,147.png,,portrait cat,androgynous,young,short hair,nose ring,normal eyes,grinning,crown,Rare
148,Loxley #148,An owner-controlled on-chain pixel agent with an immutable Public identity and one optional Outlaw transformation.,148.png,,human scout,androgynous,elder,buzzcut,soul patch,tired eyes,scowling,neck chain,Common
149,Loxley #149,An owner-controlled on-chain pixel agent with an immutable Public identity and one optional Outlaw transformation.,149.png,,alien,androgynous,adult,messy hair,cheek markings,winking,smiling,flower behind ear,Rare
150,Loxley #150,An owner-controlled on-chain pixel agent with an immutable Public identity and one optional Outlaw transformation.,150.png,,portrait dog,androgynous,adult,wavy hair,full beard,big round eyes,smiling,cap,Rare
151,Loxley #151,An owner-controlled on-chain pixel agent with an immutable Public identity and one optional Outlaw transformation.,151.png,,human phantom,androgynous,young,wavy hair,beauty mark,glowing eyes,calm,helmet,Common
152,Loxley #152,An owner-controlled on-chain pixel agent with an immutable Public identity and one optional Outlaw transformation.,152.png,,human rogue,feminine,young,buzzcut,scarred cheek,glowing cyber eye,serious,helmet,Common
153,Loxley #153,An owner-controlled on-chain pixel agent with an immutable Public identity and one optional Outlaw transformation.,153.png,,human oracle,masculine,adult,cornrows,war paint,cyber visor,neutral,flower behind ear,Common
154,Loxley #154,An owner-controlled on-chain pixel agent with an immutable Public identity and one optional Outlaw transformation.,154.png,,human phantom,masculine,elder,messy hair,war paint,monocle,surprised,scarf,Common
155,Loxley #155,An owner-controlled on-chain pixel agent with an immutable Public identity and one optional Outlaw transformation.,155.png,,human hacker,masculine,young,slicked-back hair,sideburns,eyepatch,neutral,flower behind ear,Common
156,Loxley #156,An owner-controlled on-chain pixel agent with an immutable Public identity and one optional Outlaw transformation.,156.png,,portrait dog,androgynous,young,top-knot,cybernetic jaw,glowing cyber eye,scowling,flower behind ear,Rare
157,Loxley #157,An owner-controlled on-chain pixel agent with an immutable Public identity and one optional Outlaw transformation.,157.png,,human ranger,feminine,elder,shaved sides,freckles,sunglasses,smiling,antenna,Common
158,Loxley #158,An owner-controlled on-chain pixel agent with an immutable Public identity and one optional Outlaw transformation.,158.png,,human rogue,androgynous,young,pigtails,sideburns,big round eyes,smiling,hood up,Common
159,Loxley #159,An owner-controlled on-chain pixel agent with an immutable Public identity and one optional Outlaw transformation.,159.png,,alien,androgynous,adult,pigtails,sideburns,glowing cyber eye,serious,earring,Rare
160,Loxley #160,An owner-controlled on-chain pixel agent with an immutable Public identity and one optional Outlaw transformation.,160.png,,human scout,masculine,adult,wavy hair,chin strap beard,glowing eyes,smirking,headphones,Common
161,Loxley #161,An owner-controlled on-chain pixel agent with an immutable Public identity and one optional Outlaw transformation.,161.png,,human rogue,feminine,elder,spiky hair,eye scar,normal eyes,serious,crown,Common
162,Loxley #162,An owner-controlled on-chain pixel agent with an immutable Public identity and one optional Outlaw transformation.,162.png,,human rogue,androgynous,elder,curly hair,scarred cheek,normal eyes,surprised,beanie,Common
163,Loxley #163,An owner-controlled on-chain pixel agent with an immutable Public identity and one optional Outlaw transformation.,163.png,,human ranger,feminine,adult,dreadlocks,clean-shaven,sharp piercing eyes,scowling,small horns,Common
164,Loxley #164,An owner-controlled on-chain pixel agent with an immutable Public identity and one optional Outlaw transformation.,164.png,,human phantom,feminine,elder,ponytail,goatee,glowing cyber eye,grinning,headband,Common
165,Loxley #165,An owner-controlled on-chain pixel agent with an immutable Public identity and one optional Outlaw transformation.,165.png,,human oracle,androgynous,elder,cornrows,cybernetic jaw,eyepatch,scowling,scarf,Common
166,Loxley #166,An owner-controlled on-chain pixel agent with an immutable Public identity and one optional Outlaw transformation.,166.png,,human rogue,masculine,adult,afro hair,cybernetic jaw,wide eyes,serious,face mask,Common
167,Loxley #167,An owner-controlled on-chain pixel agent with an immutable Public identity and one optional Outlaw transformation.,167.png,,human scout,androgynous,young,receding hairline,war paint,closed eyes,neutral,bandana,Common
168,Loxley #168,An owner-controlled on-chain pixel agent with an immutable Public identity and one optional Outlaw transformation.,168.png,,human hacker,masculine,elder,dreadlocks,mustache,big round eyes,grinning,cap,Common
169,Loxley #169,An owner-controlled on-chain pixel agent with an immutable Public identity and one optional Outlaw transformation.,169.png,,portrait cat,androgynous,young,man-bun,freckles,round glasses,neutral,hood up,Rare
170,Loxley #170,An owner-controlled on-chain pixel agent with an immutable Public identity and one optional Outlaw transformation.,170.png,,human ranger,androgynous,adult,ponytail,dimples,round glasses,frowning,neck chain,Common
171,Loxley #171,An owner-controlled on-chain pixel agent with an immutable Public identity and one optional Outlaw transformation.,171.png,,human hacker,feminine,young,dreadlocks,chin strap beard,eyepatch,smiling,crown,Common
172,Loxley #172,An owner-controlled on-chain pixel agent with an immutable Public identity and one optional Outlaw transformation.,172.png,,portrait cat,masculine,young,cornrows,scarred cheek,cyber visor,calm,cap,Rare
173,Loxley #173,An owner-controlled on-chain pixel agent with an immutable Public identity and one optional Outlaw transformation.,173.png,,human phantom,feminine,elder,cornrows,mustache,heterochromia,serious,crown,Common
174,Loxley #174,An owner-controlled on-chain pixel agent with an immutable Public identity and one optional Outlaw transformation.,174.png,,alien,feminine,adult,top-knot,stubble,round glasses,smiling,crown,Rare
175,Loxley #175,An owner-controlled on-chain pixel agent with an immutable Public identity and one optional Outlaw transformation.,175.png,,human rogue,feminine,adult,bald,freckles,sunglasses,surprised,helmet,Common
176,Loxley #176,An owner-controlled on-chain pixel agent with an immutable Public identity and one optional Outlaw transformation.,176.png,,portrait dog,androgynous,elder,undercut,chin strap beard,big round eyes,surprised,crown,Rare
177,Loxley #177,An owner-controlled on-chain pixel agent with an immutable Public identity and one optional Outlaw transformation.,177.png,,portrait dog,androgynous,elder,messy hair,soul patch,square glasses,grinning,neck chain,Rare
178,Loxley #178,An owner-controlled on-chain pixel agent with an immutable Public identity and one optional Outlaw transformation.,178.png,,secret agent,androgynous,young,receding hairline,beauty mark,round glasses,neutral,face mask,Rare
179,Loxley #179,An owner-controlled on-chain pixel agent with an immutable Public identity and one optional Outlaw transformation.,179.png,,human phantom,feminine,elder,spiky hair,war paint,tired eyes,smiling,face mask,Common
180,Loxley #180,An owner-controlled on-chain pixel agent with an immutable Public identity and one optional Outlaw transformation.,180.png,,portrait cat,masculine,adult,wavy hair,dimples,eyepatch,surprised,laurel wreath,Rare
181,Loxley #181,An owner-controlled on-chain pixel agent with an immutable Public identity and one optional Outlaw transformation.,181.png,,human ranger,feminine,elder,top-knot,dimples,big round eyes,grinning,cap,Common
182,Loxley #182,An owner-controlled on-chain pixel agent with an immutable Public identity and one optional Outlaw transformation.,182.png,,portrait dog,androgynous,elder,buzzcut,war paint,sunglasses,scowling,bandana,Rare
183,Loxley #183,An owner-controlled on-chain pixel agent with an immutable Public identity and one optional Outlaw transformation.,183.png,,human phantom,masculine,young,man-bun,clean-shaven,closed eyes,neutral,hood up,Common
184,Loxley #184,An owner-controlled on-chain pixel agent with an immutable Public identity and one optional Outlaw transformation.,184.png,,alien,androgynous,elder,hooded head,stubble,tired eyes,serious,antenna,Rare
185,Loxley #185,An owner-controlled on-chain pixel agent with an immutable Public identity and one optional Outlaw transformation.,185.png,,human ranger,feminine,adult,bald,scarred cheek,eyepatch,scowling,antenna,Common
186,Loxley #186,An owner-controlled on-chain pixel agent with an immutable Public identity and one optional Outlaw transformation.,186.png,,alien,androgynous,elder,buzzcut,nose ring,closed eyes,surprised,antenna,Rare
187,Loxley #187,An owner-controlled on-chain pixel agent with an immutable Public identity and one optional Outlaw transformation.,187.png,,human rogue,masculine,adult,dreadlocks,scarred cheek,sunglasses,grinning,antenna,Common
188,Loxley #188,An owner-controlled on-chain pixel agent with an immutable Public identity and one optional Outlaw transformation.,188.png,,human scout,masculine,adult,buzzcut,full beard,monocle,smirking,glowing halo,Common
189,Loxley #189,An owner-controlled on-chain pixel agent with an immutable Public identity and one optional Outlaw transformation.,189.png,,human hacker,androgynous,young,curly hair,beauty mark,heterochromia,frowning,glowing halo,Common
190,Loxley #190,An owner-controlled on-chain pixel agent with an immutable Public identity and one optional Outlaw transformation.,190.png,,alien,feminine,elder,bald,soul patch,round glasses,smirking,neck chain,Rare
191,Loxley #191,An owner-controlled on-chain pixel agent with an immutable Public identity and one optional Outlaw transformation.,191.png,,portrait cat,androgynous,elder,ponytail,freckles,eyepatch,neutral,helmet,Rare
192,Loxley #192,An owner-controlled on-chain pixel agent with an immutable Public identity and one optional Outlaw transformation.,192.png,,human oracle,androgynous,adult,long hair,nose ring,cyber visor,smiling,beanie,Common
193,Loxley #193,An owner-controlled on-chain pixel agent with an immutable Public identity and one optional Outlaw transformation.,193.png,,human rogue,masculine,young,bald,chin strap beard,sharp piercing eyes,surprised,helmet,Common
194,Loxley #194,An owner-controlled on-chain pixel agent with an immutable Public identity and one optional Outlaw transformation.,194.png,,human hacker,androgynous,elder,wavy hair,cheek markings,narrow eyes,surprised,earring,Common
195,Loxley #195,An owner-controlled on-chain pixel agent with an immutable Public identity and one optional Outlaw transformation.,195.png,,human scout,androgynous,elder,man-bun,soul patch,square glasses,scowling,headband,Common
196,Loxley #196,An owner-controlled on-chain pixel agent with an immutable Public identity and one optional Outlaw transformation.,196.png,,alien,androgynous,young,ponytail,soul patch,sunglasses,calm,bandana,Rare
197,Loxley #197,An owner-controlled on-chain pixel agent with an immutable Public identity and one optional Outlaw transformation.,197.png,,portrait dog,masculine,elder,mohawk,freckles,sharp piercing eyes,smiling,scarf,Rare
198,Loxley #198,An owner-controlled on-chain pixel agent with an immutable Public identity and one optional Outlaw transformation.,198.png,,human oracle,masculine,adult,buzzcut,freckles,tired eyes,grinning,face mask,Common
199,Loxley #199,An owner-controlled on-chain pixel agent with an immutable Public identity and one optional Outlaw transformation.,199.png,,human rogue,feminine,young,spiky hair,cybernetic jaw,tired eyes,grinning,crown,Common
200,Loxley #200,An owner-controlled on-chain pixel agent with an immutable Public identity and one optional Outlaw transformation.,200.png,,portrait dog,masculine,elder,bangs,face tattoo,round glasses,smiling,cap,Rare
201,Loxley #201,An owner-controlled on-chain pixel agent with an immutable Public identity and one optional Outlaw transformation.,201.png,,human rogue,androgynous,adult,shaved sides,dimples,heterochromia,calm,earring,Common
202,Loxley #202,An owner-controlled on-chain pixel agent with an immutable Public identity and one optional Outlaw transformation.,202.png,,human oracle,feminine,young,slicked-back hair,clean-shaven,sharp piercing eyes,calm,helmet,Common
203,Loxley #203,An owner-controlled on-chain pixel agent with an immutable Public identity and one optional Outlaw transformation.,203.png,,human ranger,masculine,young,afro hair,nose ring,square glasses,surprised,laurel wreath,Common
204,Loxley #204,An owner-controlled on-chain pixel agent with an immutable Public identity and one optional Outlaw transformation.,204.png,,human phantom,androgynous,elder,receding hairline,wrinkles,eyepatch,calm,nothing on head,Common
205,Loxley #205,An owner-controlled on-chain pixel agent with an immutable Public identity and one optional Outlaw transformation.,205.png,,human rogue,feminine,young,mohawk,face tattoo,tired eyes,surprised,beanie,Common
206,Loxley #206,An owner-controlled on-chain pixel agent with an immutable Public identity and one optional Outlaw transformation.,206.png,,secret agent,androgynous,young,short hair,cheek markings,monocle,serious,face mask,Rare
207,Loxley #207,An owner-controlled on-chain pixel agent with an immutable Public identity and one optional Outlaw transformation.,207.png,,human oracle,masculine,elder,bald,mustache,wide eyes,grinning,crown,Common
208,Loxley #208,An owner-controlled on-chain pixel agent with an immutable Public identity and one optional Outlaw transformation.,208.png,,human scout,androgynous,young,wavy hair,scarred cheek,narrow eyes,grinning,hood up,Common
209,Loxley #209,An owner-controlled on-chain pixel agent with an immutable Public identity and one optional Outlaw transformation.,209.png,,human phantom,androgynous,adult,shaved sides,eye scar,narrow eyes,grinning,hood up,Common
210,Loxley #210,An owner-controlled on-chain pixel agent with an immutable Public identity and one optional Outlaw transformation.,210.png,,portrait dog,masculine,elder,slicked-back hair,dimples,round glasses,neutral,face mask,Rare
211,Loxley #211,An owner-controlled on-chain pixel agent with an immutable Public identity and one optional Outlaw transformation.,211.png,,human ranger,masculine,elder,spiky hair,face tattoo,narrow eyes,calm,neck chain,Common
212,Loxley #212,An owner-controlled on-chain pixel agent with an immutable Public identity and one optional Outlaw transformation.,212.png,,portrait cat,feminine,adult,cornrows,stubble,sharp piercing eyes,neutral,scarf,Rare
213,Loxley #213,An owner-controlled on-chain pixel agent with an immutable Public identity and one optional Outlaw transformation.,213.png,,human rogue,feminine,young,messy hair,war paint,glowing eyes,smirking,small horns,Common
214,Loxley #214,An owner-controlled on-chain pixel agent with an immutable Public identity and one optional Outlaw transformation.,214.png,,human phantom,masculine,adult,wavy hair,dimples,sharp piercing eyes,surprised,face mask,Common
215,Loxley #215,An owner-controlled on-chain pixel agent with an immutable Public identity and one optional Outlaw transformation.,215.png,,portrait cat,masculine,young,long hair,goatee,glowing cyber eye,neutral,cigarette,Rare
216,Loxley #216,An owner-controlled on-chain pixel agent with an immutable Public identity and one optional Outlaw transformation.,216.png,,human scout,masculine,adult,slicked-back hair,chin strap beard,big round eyes,surprised,headphones,Common
217,Loxley #217,An owner-controlled on-chain pixel agent with an immutable Public identity and one optional Outlaw transformation.,217.png,,human oracle,masculine,elder,spiky hair,cheek markings,glowing cyber eye,surprised,laurel wreath,Common
218,Loxley #218,An owner-controlled on-chain pixel agent with an immutable Public identity and one optional Outlaw transformation.,218.png,,human hacker,androgynous,elder,hooded head,sideburns,glowing eyes,smirking,nothing on head,Common
219,Loxley #219,An owner-controlled on-chain pixel agent with an immutable Public identity and one optional Outlaw transformation.,219.png,,portrait dog,androgynous,young,cornrows,goatee,heterochromia,calm,bandana,Rare
220,Loxley #220,An owner-controlled on-chain pixel agent with an immutable Public identity and one optional Outlaw transformation.,220.png,,human ranger,feminine,young,messy hair,face tattoo,big round eyes,grinning,beanie,Common
221,Loxley #221,An owner-controlled on-chain pixel agent with an immutable Public identity and one optional Outlaw transformation.,221.png,,human oracle,masculine,adult,mohawk,cheek markings,monocle,smiling,small horns,Common
222,Loxley #222,An owner-controlled on-chain pixel agent with an immutable Public identity and one optional Outlaw transformation.,222.png,,human phantom,androgynous,adult,hooded head,war paint,closed eyes,serious,glowing halo,Common
223,Loxley #223,An owner-controlled on-chain pixel agent with an immutable Public identity and one optional Outlaw transformation.,223.png,,human scout,androgynous,young,buzzcut,cheek markings,cyber visor,grinning,beanie,Common
224,Loxley #224,An owner-controlled on-chain pixel agent with an immutable Public identity and one optional Outlaw transformation.,224.png,,alien,androgynous,elder,hooded head,sideburns,heterochromia,neutral,laurel wreath,Rare
225,Loxley #225,An owner-controlled on-chain pixel agent with an immutable Public identity and one optional Outlaw transformation.,225.png,,human hacker,feminine,adult,receding hairline,sideburns,winking,calm,flower behind ear,Common
226,Loxley #226,An owner-controlled on-chain pixel agent with an immutable Public identity and one optional Outlaw transformation.,226.png,,human rogue,masculine,elder,bald,wrinkles,square glasses,smirking,bandana,Common
227,Loxley #227,An owner-controlled on-chain pixel agent with an immutable Public identity and one optional Outlaw transformation.,227.png,,portrait cat,feminine,elder,spiky hair,wrinkles,monocle,surprised,helmet,Rare
228,Loxley #228,An owner-controlled on-chain pixel agent with an immutable Public identity and one optional Outlaw transformation.,228.png,,human ranger,feminine,elder,mohawk,wrinkles,wide eyes,serious,flower behind ear,Common
229,Loxley #229,An owner-controlled on-chain pixel agent with an immutable Public identity and one optional Outlaw transformation.,229.png,,human ranger,masculine,adult,ponytail,chin strap beard,glowing cyber eye,serious,nothing on head,Common
230,Loxley #230,An owner-controlled on-chain pixel agent with an immutable Public identity and one optional Outlaw transformation.,230.png,,human scout,feminine,adult,wavy hair,cybernetic jaw,eyepatch,scowling,nothing on head,Common
231,Loxley #231,An owner-controlled on-chain pixel agent with an immutable Public identity and one optional Outlaw transformation.,231.png,,portrait cat,masculine,elder,ponytail,face tattoo,square glasses,smirking,face mask,Rare
232,Loxley #232,An owner-controlled on-chain pixel agent with an immutable Public identity and one optional Outlaw transformation.,232.png,,portrait dog,androgynous,young,long hair,goatee,big round eyes,grinning,earring,Rare
233,Loxley #233,An owner-controlled on-chain pixel agent with an immutable Public identity and one optional Outlaw transformation.,233.png,,human rogue,feminine,elder,shaved sides,face tattoo,winking,surprised,scarf,Common
234,Loxley #234,An owner-controlled on-chain pixel agent with an immutable Public identity and one optional Outlaw transformation.,234.png,,human rogue,androgynous,adult,messy hair,war paint,normal eyes,frowning,high collar,Common
235,Loxley #235,An owner-controlled on-chain pixel agent with an immutable Public identity and one optional Outlaw transformation.,235.png,,human phantom,masculine,elder,bangs,cheek markings,big round eyes,smirking,beanie,Common
236,Loxley #236,An owner-controlled on-chain pixel agent with an immutable Public identity and one optional Outlaw transformation.,236.png,,human oracle,androgynous,elder,spiky hair,wrinkles,glowing eyes,calm,helmet,Common
237,Loxley #237,An owner-controlled on-chain pixel agent with an immutable Public identity and one optional Outlaw transformation.,237.png,,alien,androgynous,adult,man-bun,wrinkles,glowing cyber eye,grinning,earring,Rare
238,Loxley #238,An owner-controlled on-chain pixel agent with an immutable Public identity and one optional Outlaw transformation.,238.png,,human rogue,masculine,elder,messy hair,soul patch,big round eyes,surprised,nothing on head,Common
239,Loxley #239,An owner-controlled on-chain pixel agent with an immutable Public identity and one optional Outlaw transformation.,239.png,,alien,masculine,elder,top-knot,cybernetic jaw,big round eyes,frowning,flower behind ear,Rare
240,Loxley #240,An owner-controlled on-chain pixel agent with an immutable Public identity and one optional Outlaw transformation.,240.png,,human oracle,androgynous,elder,messy hair,clean-shaven,round glasses,serious,antenna,Common
241,Loxley #241,An owner-controlled on-chain pixel agent with an immutable Public identity and one optional Outlaw transformation.,241.png,,human hacker,androgynous,adult,bald,cheek markings,normal eyes,scowling,helmet,Common
242,Loxley #242,An owner-controlled on-chain pixel agent with an immutable Public identity and one optional Outlaw transformation.,242.png,,human phantom,androgynous,young,shaved sides,cheek markings,cyber visor,frowning,beanie,Common
243,Loxley #243,An owner-controlled on-chain pixel agent with an immutable Public identity and one optional Outlaw transformation.,243.png,,human phantom,feminine,elder,mohawk,wrinkles,normal eyes,grinning,face mask,Common
244,Loxley #244,An owner-controlled on-chain pixel agent with an immutable Public identity and one optional Outlaw transformation.,244.png,,human oracle,androgynous,adult,long hair,eye scar,cyber visor,scowling,face mask,Common
245,Loxley #245,An owner-controlled on-chain pixel agent with an immutable Public identity and one optional Outlaw transformation.,245.png,,alien,feminine,adult,man-bun,goatee,narrow eyes,smiling,crown,Rare
246,Loxley #246,An owner-controlled on-chain pixel agent with an immutable Public identity and one optional Outlaw transformation.,246.png,,portrait cat,androgynous,adult,top-knot,chin strap beard,square glasses,neutral,face mask,Rare
247,Loxley #247,An owner-controlled on-chain pixel agent with an immutable Public identity and one optional Outlaw transformation.,247.png,,portrait cat,masculine,elder,cornrows,chin strap beard,cyber visor,surprised,scarf,Rare
248,Loxley #248,An owner-controlled on-chain pixel agent with an immutable Public identity and one optional Outlaw transformation.,248.png,,human rogue,androgynous,adult,long hair,full beard,monocle,serious,crown,Common
249,Loxley #249,An owner-controlled on-chain pixel agent with an immutable Public identity and one optional Outlaw transformation.,249.png,,human ranger,feminine,elder,long hair,chin strap beard,normal eyes,neutral,crown,Common
250,Loxley #250,An owner-controlled on-chain pixel agent with an immutable Public identity and one optional Outlaw transformation.,250.png,,alien,feminine,elder,short hair,wrinkles,monocle,smiling,bandana,Rare
251,Loxley #251,An owner-controlled on-chain pixel agent with an immutable Public identity and one optional Outlaw transformation.,251.png,,human scout,masculine,young,mohawk,full beard,glowing cyber eye,serious,nothing on head,Common
252,Loxley #252,An owner-controlled on-chain pixel agent with an immutable Public identity and one optional Outlaw transformation.,252.png,,human rogue,masculine,elder,mohawk,sideburns,wide eyes,surprised,beanie,Common
253,Loxley #253,An owner-controlled on-chain pixel agent with an immutable Public identity and one optional Outlaw transformation.,253.png,,secret agent,androgynous,young,slicked-back hair,chin strap beard,closed eyes,surprised,flower behind ear,Rare
254,Loxley #254,An owner-controlled on-chain pixel agent with an immutable Public identity and one optional Outlaw transformation.,254.png,,secret agent,masculine,young,top-knot,beauty mark,closed eyes,neutral,small horns,Rare
255,Loxley #255,An owner-controlled on-chain pixel agent with an immutable Public identity and one optional Outlaw transformation.,255.png,,human oracle,androgynous,adult,spiky hair,clean-shaven,sunglasses,calm,high collar,Common
256,Loxley #256,An owner-controlled on-chain pixel agent with an immutable Public identity and one optional Outlaw transformation.,256.png,,human ranger,feminine,adult,slicked-back hair,dimples,heterochromia,frowning,neck chain,Common
257,Loxley #257,An owner-controlled on-chain pixel agent with an immutable Public identity and one optional Outlaw transformation.,257.png,,human hacker,feminine,adult,pigtails,sideburns,glowing cyber eye,smiling,helmet,Common
258,Loxley #258,An owner-controlled on-chain pixel agent with an immutable Public identity and one optional Outlaw transformation.,258.png,,human ranger,androgynous,adult,cornrows,dimples,big round eyes,smirking,laurel wreath,Common
259,Loxley #259,An owner-controlled on-chain pixel agent with an immutable Public identity and one optional Outlaw transformation.,259.png,,human ranger,feminine,elder,spiky hair,face tattoo,cyber visor,grinning,bandana,Common
260,Loxley #260,An owner-controlled on-chain pixel agent with an immutable Public identity and one optional Outlaw transformation.,260.png,,human phantom,masculine,young,pigtails,goatee,eyepatch,smiling,nothing on head,Common
261,Loxley #261,An owner-controlled on-chain pixel agent with an immutable Public identity and one optional Outlaw transformation.,261.png,,human oracle,masculine,young,bowl cut,wrinkles,monocle,smiling,helmet,Common
262,Loxley #262,An owner-controlled on-chain pixel agent with an immutable Public identity and one optional Outlaw transformation.,262.png,,human scout,masculine,young,mohawk,war paint,square glasses,smiling,neck chain,Common
263,Loxley #263,An owner-controlled on-chain pixel agent with an immutable Public identity and one optional Outlaw transformation.,263.png,,human hacker,androgynous,young,buzzcut,full beard,eyepatch,frowning,headphones,Common
264,Loxley #264,An owner-controlled on-chain pixel agent with an immutable Public identity and one optional Outlaw transformation.,264.png,,human ranger,androgynous,adult,spiky hair,wrinkles,normal eyes,surprised,headphones,Common
265,Loxley #265,An owner-controlled on-chain pixel agent with an immutable Public identity and one optional Outlaw transformation.,265.png,,human hacker,masculine,young,ponytail,cheek markings,round glasses,calm,nothing on head,Common
266,Loxley #266,An owner-controlled on-chain pixel agent with an immutable Public identity and one optional Outlaw transformation.,266.png,,human oracle,androgynous,elder,short hair,chin strap beard,normal eyes,grinning,cap,Common
267,Loxley #267,An owner-controlled on-chain pixel agent with an immutable Public identity and one optional Outlaw transformation.,267.png,,human scout,masculine,young,cornrows,clean-shaven,wide eyes,surprised,neck chain,Common
268,Loxley #268,An owner-controlled on-chain pixel agent with an immutable Public identity and one optional Outlaw transformation.,268.png,,portrait cat,feminine,young,receding hairline,dimples,big round eyes,scowling,hood up,Rare
269,Loxley #269,An owner-controlled on-chain pixel agent with an immutable Public identity and one optional Outlaw transformation.,269.png,,human scout,masculine,adult,buzzcut,full beard,tired eyes,surprised,cap,Common
270,Loxley #270,An owner-controlled on-chain pixel agent with an immutable Public identity and one optional Outlaw transformation.,270.png,,human phantom,feminine,adult,spiky hair,wrinkles,monocle,smirking,bandana,Common
271,Loxley #271,An owner-controlled on-chain pixel agent with an immutable Public identity and one optional Outlaw transformation.,271.png,,portrait dog,androgynous,elder,receding hairline,goatee,glowing cyber eye,smiling,cap,Rare
272,Loxley #272,An owner-controlled on-chain pixel agent with an immutable Public identity and one optional Outlaw transformation.,272.png,,human oracle,androgynous,young,slicked-back hair,face tattoo,eyepatch,calm,laurel wreath,Common
273,Loxley #273,An owner-controlled on-chain pixel agent with an immutable Public identity and one optional Outlaw transformation.,273.png,,human oracle,androgynous,elder,top-knot,mustache,tired eyes,smirking,high collar,Common
274,Loxley #274,An owner-controlled on-chain pixel agent with an immutable Public identity and one optional Outlaw transformation.,274.png,,human rogue,androgynous,adult,undercut,face tattoo,eyepatch,neutral,glowing halo,Common
275,Loxley #275,An owner-controlled on-chain pixel agent with an immutable Public identity and one optional Outlaw transformation.,275.png,,human oracle,feminine,adult,spiky hair,chin strap beard,square glasses,scowling,small horns,Common
276,Loxley #276,An owner-controlled on-chain pixel agent with an immutable Public identity and one optional Outlaw transformation.,276.png,,human rogue,feminine,adult,man-bun,full beard,wide eyes,frowning,face mask,Common
277,Loxley #277,An owner-controlled on-chain pixel agent with an immutable Public identity and one optional Outlaw transformation.,277.png,,human ranger,masculine,adult,hooded head,nose ring,round glasses,smiling,beanie,Common
278,Loxley #278,An owner-controlled on-chain pixel agent with an immutable Public identity and one optional Outlaw transformation.,278.png,,human oracle,androgynous,elder,shaved sides,chin strap beard,round glasses,calm,antenna,Common
279,Loxley #279,An owner-controlled on-chain pixel agent with an immutable Public identity and one optional Outlaw transformation.,279.png,,portrait cat,masculine,elder,curly hair,face tattoo,narrow eyes,smiling,headband,Rare
280,Loxley #280,An owner-controlled on-chain pixel agent with an immutable Public identity and one optional Outlaw transformation.,280.png,,secret agent,androgynous,young,bowl cut,freckles,heterochromia,scowling,headphones,Rare
281,Loxley #281,An owner-controlled on-chain pixel agent with an immutable Public identity and one optional Outlaw transformation.,281.png,,human rogue,feminine,adult,bangs,face tattoo,normal eyes,frowning,antenna,Common
282,Loxley #282,An owner-controlled on-chain pixel agent with an immutable Public identity and one optional Outlaw transformation.,282.png,,portrait dog,masculine,young,bowl cut,freckles,winking,frowning,headband,Rare
283,Loxley #283,An owner-controlled on-chain pixel agent with an immutable Public identity and one optional Outlaw transformation.,283.png,,secret agent,feminine,adult,curly hair,face tattoo,eyepatch,surprised,cigarette,Rare
284,Loxley #284,An owner-controlled on-chain pixel agent with an immutable Public identity and one optional Outlaw transformation.,284.png,,human hacker,androgynous,adult,shaved sides,soul patch,cyber visor,neutral,glowing halo,Common
285,Loxley #285,An owner-controlled on-chain pixel agent with an immutable Public identity and one optional Outlaw transformation.,285.png,,human hacker,androgynous,young,long hair,face tattoo,monocle,neutral,crown,Common
286,Loxley #286,An owner-controlled on-chain pixel agent with an immutable Public identity and one optional Outlaw transformation.,286.png,,portrait cat,androgynous,adult,man-bun,face tattoo,sunglasses,grinning,flower behind ear,Rare
287,Loxley #287,An owner-controlled on-chain pixel agent with an immutable Public identity and one optional Outlaw transformation.,287.png,,human rogue,feminine,young,pigtails,sideburns,wide eyes,scowling,glowing halo,Common
288,Loxley #288,An owner-controlled on-chain pixel agent with an immutable Public identity and one optional Outlaw transformation.,288.png,,human hacker,androgynous,elder,man-bun,mustache,round glasses,frowning,headphones,Common
289,Loxley #289,An owner-controlled on-chain pixel agent with an immutable Public identity and one optional Outlaw transformation.,289.png,,human hacker,androgynous,adult,receding hairline,soul patch,tired eyes,frowning,cap,Common
290,Loxley #290,An owner-controlled on-chain pixel agent with an immutable Public identity and one optional Outlaw transformation.,290.png,,human scout,androgynous,elder,curly hair,soul patch,eyepatch,frowning,hood up,Common
291,Loxley #291,An owner-controlled on-chain pixel agent with an immutable Public identity and one optional Outlaw transformation.,291.png,,human ranger,feminine,elder,undercut,cybernetic jaw,monocle,surprised,headphones,Common
292,Loxley #292,An owner-controlled on-chain pixel agent with an immutable Public identity and one optional Outlaw transformation.,292.png,,human oracle,feminine,young,shaved sides,cheek markings,glowing eyes,neutral,headphones,Common
293,Loxley #293,An owner-controlled on-chain pixel agent with an immutable Public identity and one optional Outlaw transformation.,293.png,,human oracle,feminine,young,receding hairline,stubble,sharp piercing eyes,neutral,cigarette,Common
294,Loxley #294,An owner-controlled on-chain pixel agent with an immutable Public identity and one optional Outlaw transformation.,294.png,,human phantom,masculine,young,bangs,cybernetic jaw,heterochromia,neutral,laurel wreath,Common
295,Loxley #295,An owner-controlled on-chain pixel agent with an immutable Public identity and one optional Outlaw transformation.,295.png,,human ranger,feminine,young,pigtails,wrinkles,cyber visor,calm,neck chain,Common
296,Loxley #296,An owner-controlled on-chain pixel agent with an immutable Public identity and one optional Outlaw transformation.,296.png,,human oracle,feminine,young,messy hair,full beard,glowing cyber eye,surprised,laurel wreath,Common
297,Loxley #297,An owner-controlled on-chain pixel agent with an immutable Public identity and one optional Outlaw transformation.,297.png,,human rogue,masculine,young,dreadlocks,cheek markings,monocle,scowling,scarf,Common
298,Loxley #298,An owner-controlled on-chain pixel agent with an immutable Public identity and one optional Outlaw transformation.,298.png,,portrait cat,masculine,young,slicked-back hair,chin strap beard,big round eyes,surprised,hood up,Rare
299,Loxley #299,An owner-controlled on-chain pixel agent with an immutable Public identity and one optional Outlaw transformation.,299.png,,human scout,feminine,adult,bangs,face tattoo,normal eyes,neutral,neck chain,Common
300,Loxley #300,An owner-controlled on-chain pixel agent with an immutable Public identity and one optional Outlaw transformation.,300.png,,human scout,androgynous,young,bowl cut,beauty mark,wide eyes,smirking,scarf,Common
301,Loxley #301,An owner-controlled on-chain pixel agent with an immutable Public identity and one optional Outlaw transformation.,301.png,,human oracle,feminine,adult,wavy hair,scarred cheek,eyepatch,frowning,small horns,Common
302,Loxley #302,An owner-controlled on-chain pixel agent with an immutable Public identity and one optional Outlaw transformation.,302.png,,portrait cat,masculine,elder,messy hair,cheek markings,wide eyes,smiling,high collar,Rare
303,Loxley #303,An owner-controlled on-chain pixel agent with an immutable Public identity and one optional Outlaw transformation.,303.png,,portrait cat,masculine,adult,mohawk,goatee,glowing cyber eye,neutral,hood up,Rare
304,Loxley #304,An owner-controlled on-chain pixel agent with an immutable Public identity and one optional Outlaw transformation.,304.png,,portrait cat,masculine,young,bald,eye scar,sunglasses,neutral,headband,Rare
305,Loxley #305,An owner-controlled on-chain pixel agent with an immutable Public identity and one optional Outlaw transformation.,305.png,,human scout,masculine,elder,receding hairline,clean-shaven,normal eyes,scowling,small horns,Common
306,Loxley #306,An owner-controlled on-chain pixel agent with an immutable Public identity and one optional Outlaw transformation.,306.png,,alien,masculine,young,top-knot,wrinkles,big round eyes,smiling,headphones,Rare
307,Loxley #307,An owner-controlled on-chain pixel agent with an immutable Public identity and one optional Outlaw transformation.,307.png,,secret agent,androgynous,elder,shaved sides,stubble,monocle,calm,helmet,Rare
308,Loxley #308,An owner-controlled on-chain pixel agent with an immutable Public identity and one optional Outlaw transformation.,308.png,,human ranger,feminine,elder,receding hairline,soul patch,cyber visor,smiling,cigarette,Common
309,Loxley #309,An owner-controlled on-chain pixel agent with an immutable Public identity and one optional Outlaw transformation.,309.png,,human rogue,masculine,adult,long hair,face tattoo,glowing eyes,serious,headband,Common
310,Loxley #310,An owner-controlled on-chain pixel agent with an immutable Public identity and one optional Outlaw transformation.,310.png,,secret agent,androgynous,young,mohawk,war paint,round glasses,neutral,scarf,Rare
311,Loxley #311,An owner-controlled on-chain pixel agent with an immutable Public identity and one optional Outlaw transformation.,311.png,,human oracle,feminine,adult,buzzcut,freckles,square glasses,scowling,cigarette,Common
312,Loxley #312,An owner-controlled on-chain pixel agent with an immutable Public identity and one optional Outlaw transformation.,312.png,,human hacker,feminine,young,slicked-back hair,full beard,winking,calm,high collar,Common
313,Loxley #313,An owner-controlled on-chain pixel agent with an immutable Public identity and one optional Outlaw transformation.,313.png,,secret agent,androgynous,adult,receding hairline,war paint,sunglasses,scowling,neck chain,Rare
314,Loxley #314,An owner-controlled on-chain pixel agent with an immutable Public identity and one optional Outlaw transformation.,314.png,,human scout,androgynous,adult,man-bun,war paint,sharp piercing eyes,serious,flower behind ear,Common
315,Loxley #315,An owner-controlled on-chain pixel agent with an immutable Public identity and one optional Outlaw transformation.,315.png,,human hacker,feminine,adult,man-bun,goatee,normal eyes,surprised,crown,Common
316,Loxley #316,An owner-controlled on-chain pixel agent with an immutable Public identity and one optional Outlaw transformation.,316.png,,alien,androgynous,young,short hair,clean-shaven,heterochromia,serious,hood up,Rare
317,Loxley #317,An owner-controlled on-chain pixel agent with an immutable Public identity and one optional Outlaw transformation.,317.png,,secret agent,masculine,elder,undercut,eye scar,heterochromia,smirking,cap,Rare
318,Loxley #318,An owner-controlled on-chain pixel agent with an immutable Public identity and one optional Outlaw transformation.,318.png,,human oracle,androgynous,young,mohawk,beauty mark,glowing cyber eye,serious,small horns,Common
319,Loxley #319,An owner-controlled on-chain pixel agent with an immutable Public identity and one optional Outlaw transformation.,319.png,,human rogue,feminine,elder,curly hair,nose ring,glowing cyber eye,scowling,glowing halo,Common
320,Loxley #320,An owner-controlled on-chain pixel agent with an immutable Public identity and one optional Outlaw transformation.,320.png,,human phantom,feminine,young,man-bun,freckles,tired eyes,neutral,crown,Common
321,Loxley #321,An owner-controlled on-chain pixel agent with an immutable Public identity and one optional Outlaw transformation.,321.png,,human oracle,androgynous,adult,mohawk,mustache,closed eyes,neutral,beanie,Common
322,Loxley #322,An owner-controlled on-chain pixel agent with an immutable Public identity and one optional Outlaw transformation.,322.png,,human rogue,masculine,young,undercut,cheek markings,big round eyes,neutral,face mask,Common
323,Loxley #323,An owner-controlled on-chain pixel agent with an immutable Public identity and one optional Outlaw transformation.,323.png,,portrait dog,feminine,elder,messy hair,sideburns,glowing eyes,scowling,headband,Rare
324,Loxley #324,An owner-controlled on-chain pixel agent with an immutable Public identity and one optional Outlaw transformation.,324.png,,human oracle,masculine,young,bangs,goatee,closed eyes,grinning,helmet,Common
325,Loxley #325,An owner-controlled on-chain pixel agent with an immutable Public identity and one optional Outlaw transformation.,325.png,,portrait cat,feminine,young,dreadlocks,scarred cheek,glowing cyber eye,serious,helmet,Rare
326,Loxley #326,An owner-controlled on-chain pixel agent with an immutable Public identity and one optional Outlaw transformation.,326.png,,human oracle,androgynous,elder,wavy hair,stubble,cyber visor,neutral,nothing on head,Common
327,Loxley #327,An owner-controlled on-chain pixel agent with an immutable Public identity and one optional Outlaw transformation.,327.png,,portrait cat,masculine,young,slicked-back hair,eye scar,monocle,grinning,cap,Rare
328,Loxley #328,An owner-controlled on-chain pixel agent with an immutable Public identity and one optional Outlaw transformation.,328.png,,human scout,androgynous,elder,hooded head,soul patch,glowing eyes,grinning,helmet,Common
329,Loxley #329,An owner-controlled on-chain pixel agent with an immutable Public identity and one optional Outlaw transformation.,329.png,,portrait dog,androgynous,adult,bowl cut,mustache,sharp piercing eyes,scowling,hood up,Rare
330,Loxley #330,An owner-controlled on-chain pixel agent with an immutable Public identity and one optional Outlaw transformation.,330.png,,secret agent,feminine,elder,afro hair,clean-shaven,monocle,smirking,glowing halo,Rare
331,Loxley #331,An owner-controlled on-chain pixel agent with an immutable Public identity and one optional Outlaw transformation.,331.png,,portrait dog,masculine,adult,undercut,face tattoo,wide eyes,neutral,antenna,Rare
332,Loxley #332,An owner-controlled on-chain pixel agent with an immutable Public identity and one optional Outlaw transformation.,332.png,,human ranger,masculine,elder,wavy hair,dimples,cyber visor,neutral,earring,Common
333,Loxley #333,An owner-controlled on-chain pixel agent with an immutable Public identity and one optional Outlaw transformation.,333.png,,alien,androgynous,adult,afro hair,soul patch,sunglasses,scowling,scarf,Rare
334,Loxley #334,An owner-controlled on-chain pixel agent with an immutable Public identity and one optional Outlaw transformation.,334.png,,secret agent,androgynous,elder,shaved sides,full beard,tired eyes,serious,crown,Rare
335,Loxley #335,An owner-controlled on-chain pixel agent with an immutable Public identity and one optional Outlaw transformation.,335.png,,human phantom,feminine,elder,mohawk,nose ring,winking,surprised,bandana,Common
336,Loxley #336,An owner-controlled on-chain pixel agent with an immutable Public identity and one optional Outlaw transformation.,336.png,,human scout,androgynous,elder,man-bun,chin strap beard,normal eyes,smirking,high collar,Common
337,Loxley #337,An owner-controlled on-chain pixel agent with an immutable Public identity and one optional Outlaw transformation.,337.png,,human phantom,masculine,young,man-bun,scarred cheek,closed eyes,neutral,neck chain,Common
338,Loxley #338,An owner-controlled on-chain pixel agent with an immutable Public identity and one optional Outlaw transformation.,338.png,,human ranger,masculine,elder,pigtails,clean-shaven,closed eyes,scowling,beanie,Common
339,Loxley #339,An owner-controlled on-chain pixel agent with an immutable Public identity and one optional Outlaw transformation.,339.png,,portrait dog,androgynous,elder,curly hair,chin strap beard,big round eyes,scowling,beanie,Rare
340,Loxley #340,An owner-controlled on-chain pixel agent with an immutable Public identity and one optional Outlaw transformation.,340.png,,human phantom,masculine,elder,spiky hair,face tattoo,eyepatch,smirking,bandana,Common
341,Loxley #341,An owner-controlled on-chain pixel agent with an immutable Public identity and one optional Outlaw transformation.,341.png,,human oracle,feminine,young,man-bun,cheek markings,eyepatch,scowling,earring,Common
342,Loxley #342,An owner-controlled on-chain pixel agent with an immutable Public identity and one optional Outlaw transformation.,342.png,,human hacker,feminine,young,shaved sides,freckles,glowing eyes,smirking,laurel wreath,Common
343,Loxley #343,An owner-controlled on-chain pixel agent with an immutable Public identity and one optional Outlaw transformation.,343.png,,human rogue,androgynous,adult,bangs,soul patch,wide eyes,smiling,cap,Common
344,Loxley #344,An owner-controlled on-chain pixel agent with an immutable Public identity and one optional Outlaw transformation.,344.png,,secret agent,androgynous,adult,undercut,cheek markings,closed eyes,neutral,hood up,Rare
345,Loxley #345,An owner-controlled on-chain pixel agent with an immutable Public identity and one optional Outlaw transformation.,345.png,,human ranger,androgynous,young,buzzcut,war paint,big round eyes,smiling,headphones,Common
346,Loxley #346,An owner-controlled on-chain pixel agent with an immutable Public identity and one optional Outlaw transformation.,346.png,,secret agent,androgynous,young,buzzcut,cheek markings,eyepatch,frowning,face mask,Rare
347,Loxley #347,An owner-controlled on-chain pixel agent with an immutable Public identity and one optional Outlaw transformation.,347.png,,human oracle,masculine,adult,bowl cut,eye scar,closed eyes,smirking,crown,Common
348,Loxley #348,An owner-controlled on-chain pixel agent with an immutable Public identity and one optional Outlaw transformation.,348.png,,human rogue,androgynous,adult,slicked-back hair,war paint,heterochromia,smirking,headphones,Common
349,Loxley #349,An owner-controlled on-chain pixel agent with an immutable Public identity and one optional Outlaw transformation.,349.png,,human oracle,masculine,elder,long hair,cybernetic jaw,square glasses,scowling,crown,Common
350,Loxley #350,An owner-controlled on-chain pixel agent with an immutable Public identity and one optional Outlaw transformation.,350.png,,human scout,masculine,elder,man-bun,eye scar,round glasses,scowling,flower behind ear,Common
351,Loxley #351,An owner-controlled on-chain pixel agent with an immutable Public identity and one optional Outlaw transformation.,351.png,,portrait cat,masculine,adult,receding hairline,beauty mark,narrow eyes,calm,crown,Rare
352,Loxley #352,An owner-controlled on-chain pixel agent with an immutable Public identity and one optional Outlaw transformation.,352.png,,portrait dog,feminine,elder,bowl cut,soul patch,winking,frowning,scarf,Rare
353,Loxley #353,An owner-controlled on-chain pixel agent with an immutable Public identity and one optional Outlaw transformation.,353.png,,secret agent,feminine,adult,shaved sides,cheek markings,heterochromia,surprised,headphones,Rare
354,Loxley #354,An owner-controlled on-chain pixel agent with an immutable Public identity and one optional Outlaw transformation.,354.png,,human scout,masculine,elder,bald,freckles,glowing cyber eye,surprised,helmet,Common
355,Loxley #355,An owner-controlled on-chain pixel agent with an immutable Public identity and one optional Outlaw transformation.,355.png,,human scout,masculine,adult,shaved sides,face tattoo,heterochromia,surprised,earring,Common
356,Loxley #356,An owner-controlled on-chain pixel agent with an immutable Public identity and one optional Outlaw transformation.,356.png,,portrait cat,feminine,elder,undercut,wrinkles,tired eyes,smiling,earring,Rare
357,Loxley #357,An owner-controlled on-chain pixel agent with an immutable Public identity and one optional Outlaw transformation.,357.png,,human rogue,masculine,young,mohawk,chin strap beard,heterochromia,smiling,glowing halo,Common
358,Loxley #358,An owner-controlled on-chain pixel agent with an immutable Public identity and one optional Outlaw transformation.,358.png,,portrait cat,masculine,elder,undercut,nose ring,sunglasses,smiling,cigarette,Rare
359,Loxley #359,An owner-controlled on-chain pixel agent with an immutable Public identity and one optional Outlaw transformation.,359.png,,human scout,masculine,adult,cornrows,goatee,sunglasses,calm,laurel wreath,Common
360,Loxley #360,An owner-controlled on-chain pixel agent with an immutable Public identity and one optional Outlaw transformation.,360.png,,human ranger,feminine,young,short hair,eye scar,monocle,scowling,crown,Common
361,Loxley #361,An owner-controlled on-chain pixel agent with an immutable Public identity and one optional Outlaw transformation.,361.png,,human phantom,masculine,young,shaved sides,nose ring,square glasses,smirking,high collar,Common
362,Loxley #362,An owner-controlled on-chain pixel agent with an immutable Public identity and one optional Outlaw transformation.,362.png,,secret agent,feminine,elder,messy hair,scarred cheek,monocle,serious,hood up,Rare
363,Loxley #363,An owner-controlled on-chain pixel agent with an immutable Public identity and one optional Outlaw transformation.,363.png,,secret agent,androgynous,elder,afro hair,war paint,normal eyes,smiling,cap,Rare
364,Loxley #364,An owner-controlled on-chain pixel agent with an immutable Public identity and one optional Outlaw transformation.,364.png,,human ranger,masculine,elder,bald,wrinkles,glowing cyber eye,smirking,earring,Common
365,Loxley #365,An owner-controlled on-chain pixel agent with an immutable Public identity and one optional Outlaw transformation.,365.png,,secret agent,masculine,adult,buzzcut,wrinkles,monocle,surprised,scarf,Rare
366,Loxley #366,An owner-controlled on-chain pixel agent with an immutable Public identity and one optional Outlaw transformation.,366.png,,human phantom,masculine,elder,wavy hair,chin strap beard,narrow eyes,neutral,headband,Common
367,Loxley #367,An owner-controlled on-chain pixel agent with an immutable Public identity and one optional Outlaw transformation.,367.png,,human oracle,masculine,adult,mohawk,scarred cheek,monocle,smiling,laurel wreath,Common
368,Loxley #368,An owner-controlled on-chain pixel agent with an immutable Public identity and one optional Outlaw transformation.,368.png,,human hacker,feminine,elder,long hair,clean-shaven,monocle,scowling,hood up,Common
369,Loxley #369,An owner-controlled on-chain pixel agent with an immutable Public identity and one optional Outlaw transformation.,369.png,,human phantom,androgynous,adult,bowl cut,chin strap beard,closed eyes,smiling,helmet,Common
370,Loxley #370,An owner-controlled on-chain pixel agent with an immutable Public identity and one optional Outlaw transformation.,370.png,,portrait cat,androgynous,adult,undercut,nose ring,narrow eyes,surprised,cigarette,Rare
371,Loxley #371,An owner-controlled on-chain pixel agent with an immutable Public identity and one optional Outlaw transformation.,371.png,,portrait cat,feminine,young,wavy hair,dimples,square glasses,smirking,scarf,Rare
372,Loxley #372,An owner-controlled on-chain pixel agent with an immutable Public identity and one optional Outlaw transformation.,372.png,,portrait cat,feminine,adult,messy hair,freckles,eyepatch,serious,neck chain,Rare
373,Loxley #373,An owner-controlled on-chain pixel agent with an immutable Public identity and one optional Outlaw transformation.,373.png,,human oracle,masculine,adult,bangs,chin strap beard,narrow eyes,smiling,nothing on head,Common
374,Loxley #374,An owner-controlled on-chain pixel agent with an immutable Public identity and one optional Outlaw transformation.,374.png,,human scout,androgynous,adult,man-bun,cybernetic jaw,monocle,smirking,laurel wreath,Common
375,Loxley #375,An owner-controlled on-chain pixel agent with an immutable Public identity and one optional Outlaw transformation.,375.png,,alien,androgynous,elder,shaved sides,full beard,sunglasses,surprised,small horns,Rare
376,Loxley #376,An owner-controlled on-chain pixel agent with an immutable Public identity and one optional Outlaw transformation.,376.png,,secret agent,masculine,young,man-bun,eye scar,monocle,grinning,headphones,Rare
377,Loxley #377,An owner-controlled on-chain pixel agent with an immutable Public identity and one optional Outlaw transformation.,377.png,,human phantom,masculine,elder,ponytail,soul patch,closed eyes,smirking,high collar,Common
378,Loxley #378,An owner-controlled on-chain pixel agent with an immutable Public identity and one optional Outlaw transformation.,378.png,,human hacker,feminine,adult,hooded head,war paint,closed eyes,smirking,crown,Common
379,Loxley #379,An owner-controlled on-chain pixel agent with an immutable Public identity and one optional Outlaw transformation.,379.png,,portrait cat,masculine,adult,buzzcut,wrinkles,square glasses,frowning,headband,Rare
380,Loxley #380,An owner-controlled on-chain pixel agent with an immutable Public identity and one optional Outlaw transformation.,380.png,,portrait dog,feminine,adult,top-knot,stubble,tired eyes,neutral,face mask,Rare
381,Loxley #381,An owner-controlled on-chain pixel agent with an immutable Public identity and one optional Outlaw transformation.,381.png,,human scout,feminine,adult,mohawk,sideburns,narrow eyes,scowling,flower behind ear,Common
382,Loxley #382,An owner-controlled on-chain pixel agent with an immutable Public identity and one optional Outlaw transformation.,382.png,,human phantom,androgynous,elder,bangs,goatee,winking,surprised,cigarette,Common
383,Loxley #383,An owner-controlled on-chain pixel agent with an immutable Public identity and one optional Outlaw transformation.,383.png,,human ranger,masculine,young,wavy hair,scarred cheek,normal eyes,neutral,cap,Common
384,Loxley #384,An owner-controlled on-chain pixel agent with an immutable Public identity and one optional Outlaw transformation.,384.png,,human hacker,feminine,elder,messy hair,clean-shaven,winking,surprised,small horns,Common
385,Loxley #385,An owner-controlled on-chain pixel agent with an immutable Public identity and one optional Outlaw transformation.,385.png,,human scout,feminine,elder,short hair,face tattoo,wide eyes,frowning,cigarette,Common
386,Loxley #386,An owner-controlled on-chain pixel agent with an immutable Public identity and one optional Outlaw transformation.,386.png,,human hacker,feminine,elder,long hair,nose ring,glowing eyes,serious,scarf,Common
387,Loxley #387,An owner-controlled on-chain pixel agent with an immutable Public identity and one optional Outlaw transformation.,387.png,,secret agent,androgynous,adult,buzzcut,nose ring,round glasses,scowling,headphones,Rare
388,Loxley #388,An owner-controlled on-chain pixel agent with an immutable Public identity and one optional Outlaw transformation.,388.png,,human phantom,androgynous,young,afro hair,eye scar,round glasses,scowling,bandana,Common
389,Loxley #389,An owner-controlled on-chain pixel agent with an immutable Public identity and one optional Outlaw transformation.,389.png,,human scout,masculine,elder,shaved sides,war paint,normal eyes,surprised,headband,Common
390,Loxley #390,An owner-controlled on-chain pixel agent with an immutable Public identity and one optional Outlaw transformation.,390.png,,secret agent,feminine,young,pigtails,cybernetic jaw,wide eyes,surprised,bandana,Rare
391,Loxley #391,An owner-controlled on-chain pixel agent with an immutable Public identity and one optional Outlaw transformation.,391.png,,human hacker,androgynous,adult,spiky hair,cybernetic jaw,tired eyes,neutral,flower behind ear,Common
392,Loxley #392,An owner-controlled on-chain pixel agent with an immutable Public identity and one optional Outlaw transformation.,392.png,,human hacker,feminine,adult,cornrows,clean-shaven,glowing cyber eye,serious,scarf,Common
393,Loxley #393,An owner-controlled on-chain pixel agent with an immutable Public identity and one optional Outlaw transformation.,393.png,,alien,feminine,young,buzzcut,face tattoo,wide eyes,grinning,neck chain,Rare
394,Loxley #394,An owner-controlled on-chain pixel agent with an immutable Public identity and one optional Outlaw transformation.,394.png,,secret agent,androgynous,elder,hooded head,soul patch,big round eyes,surprised,bandana,Rare
395,Loxley #395,An owner-controlled on-chain pixel agent with an immutable Public identity and one optional Outlaw transformation.,395.png,,portrait dog,androgynous,elder,afro hair,soul patch,normal eyes,scowling,cap,Rare
396,Loxley #396,An owner-controlled on-chain pixel agent with an immutable Public identity and one optional Outlaw transformation.,396.png,,alien,androgynous,young,receding hairline,stubble,glowing eyes,surprised,face mask,Rare
397,Loxley #397,An owner-controlled on-chain pixel agent with an immutable Public identity and one optional Outlaw transformation.,397.png,,human oracle,masculine,young,afro hair,mustache,round glasses,calm,antenna,Common
398,Loxley #398,An owner-controlled on-chain pixel agent with an immutable Public identity and one optional Outlaw transformation.,398.png,,human phantom,masculine,elder,buzzcut,chin strap beard,heterochromia,smiling,headphones,Common
399,Loxley #399,An owner-controlled on-chain pixel agent with an immutable Public identity and one optional Outlaw transformation.,399.png,,human rogue,masculine,adult,dreadlocks,freckles,narrow eyes,scowling,glowing halo,Common
400,Loxley #400,An owner-controlled on-chain pixel agent with an immutable Public identity and one optional Outlaw transformation.,400.png,,human hacker,androgynous,elder,spiky hair,soul patch,sunglasses,neutral,laurel wreath,Common
401,Loxley #401,An owner-controlled on-chain pixel agent with an immutable Public identity and one optional Outlaw transformation.,401.png,,human hacker,masculine,adult,spiky hair,mustache,winking,calm,crown,Common
402,Loxley #402,An owner-controlled on-chain pixel agent with an immutable Public identity and one optional Outlaw transformation.,402.png,,human scout,feminine,young,messy hair,goatee,glowing cyber eye,surprised,headphones,Common
403,Loxley #403,An owner-controlled on-chain pixel agent with an immutable Public identity and one optional Outlaw transformation.,403.png,,human ranger,feminine,adult,shaved sides,sideburns,winking,grinning,earring,Common
404,Loxley #404,An owner-controlled on-chain pixel agent with an immutable Public identity and one optional Outlaw transformation.,404.png,,human oracle,androgynous,young,short hair,chin strap beard,square glasses,smiling,headphones,Common
405,Loxley #405,An owner-controlled on-chain pixel agent with an immutable Public identity and one optional Outlaw transformation.,405.png,,human oracle,masculine,adult,messy hair,goatee,heterochromia,frowning,earring,Common
406,Loxley #406,An owner-controlled on-chain pixel agent with an immutable Public identity and one optional Outlaw transformation.,406.png,,human phantom,androgynous,young,curly hair,soul patch,big round eyes,smirking,small horns,Common
407,Loxley #407,An owner-controlled on-chain pixel agent with an immutable Public identity and one optional Outlaw transformation.,407.png,,human scout,masculine,young,top-knot,nose ring,normal eyes,scowling,bandana,Common
408,Loxley #408,An owner-controlled on-chain pixel agent with an immutable Public identity and one optional Outlaw transformation.,408.png,,human ranger,masculine,elder,bald,eye scar,eyepatch,smirking,hood up,Common
409,Loxley #409,An owner-controlled on-chain pixel agent with an immutable Public identity and one optional Outlaw transformation.,409.png,,secret agent,masculine,young,wavy hair,clean-shaven,normal eyes,scowling,helmet,Rare
410,Loxley #410,An owner-controlled on-chain pixel agent with an immutable Public identity and one optional Outlaw transformation.,410.png,,human phantom,masculine,adult,ponytail,beauty mark,glowing eyes,neutral,flower behind ear,Common
411,Loxley #411,An owner-controlled on-chain pixel agent with an immutable Public identity and one optional Outlaw transformation.,411.png,,human phantom,androgynous,elder,messy hair,cybernetic jaw,eyepatch,scowling,small horns,Common
412,Loxley #412,An owner-controlled on-chain pixel agent with an immutable Public identity and one optional Outlaw transformation.,412.png,,human hacker,androgynous,adult,receding hairline,stubble,closed eyes,grinning,small horns,Common
413,Loxley #413,An owner-controlled on-chain pixel agent with an immutable Public identity and one optional Outlaw transformation.,413.png,,human hacker,androgynous,young,ponytail,nose ring,eyepatch,surprised,beanie,Common
414,Loxley #414,An owner-controlled on-chain pixel agent with an immutable Public identity and one optional Outlaw transformation.,414.png,,human phantom,androgynous,adult,ponytail,eye scar,monocle,smirking,nothing on head,Common
415,Loxley #415,An owner-controlled on-chain pixel agent with an immutable Public identity and one optional Outlaw transformation.,415.png,,human rogue,feminine,young,messy hair,mustache,narrow eyes,calm,neck chain,Common
416,Loxley #416,An owner-controlled on-chain pixel agent with an immutable Public identity and one optional Outlaw transformation.,416.png,,alien,masculine,adult,pigtails,cybernetic jaw,monocle,smiling,nothing on head,Rare
417,Loxley #417,An owner-controlled on-chain pixel agent with an immutable Public identity and one optional Outlaw transformation.,417.png,,human scout,feminine,adult,wavy hair,full beard,winking,serious,laurel wreath,Common
418,Loxley #418,An owner-controlled on-chain pixel agent with an immutable Public identity and one optional Outlaw transformation.,418.png,,human rogue,feminine,adult,curly hair,eye scar,glowing eyes,calm,small horns,Common
419,Loxley #419,An owner-controlled on-chain pixel agent with an immutable Public identity and one optional Outlaw transformation.,419.png,,portrait cat,masculine,adult,wavy hair,war paint,tired eyes,serious,hood up,Rare
420,Loxley #420,An owner-controlled on-chain pixel agent with an immutable Public identity and one optional Outlaw transformation.,420.png,,human hacker,feminine,adult,wavy hair,war paint,narrow eyes,scowling,hood up,Common
421,Loxley #421,An owner-controlled on-chain pixel agent with an immutable Public identity and one optional Outlaw transformation.,421.png,,alien,androgynous,adult,wavy hair,scarred cheek,sharp piercing eyes,calm,antenna,Rare
422,Loxley #422,An owner-controlled on-chain pixel agent with an immutable Public identity and one optional Outlaw transformation.,422.png,,human hacker,androgynous,young,hooded head,dimples,square glasses,smiling,headphones,Common
423,Loxley #423,An owner-controlled on-chain pixel agent with an immutable Public identity and one optional Outlaw transformation.,423.png,,portrait cat,androgynous,adult,receding hairline,scarred cheek,glowing eyes,surprised,high collar,Rare
424,Loxley #424,An owner-controlled on-chain pixel agent with an immutable Public identity and one optional Outlaw transformation.,424.png,,human scout,masculine,young,slicked-back hair,scarred cheek,winking,smirking,laurel wreath,Common
425,Loxley #425,An owner-controlled on-chain pixel agent with an immutable Public identity and one optional Outlaw transformation.,425.png,,human hacker,feminine,young,man-bun,sideburns,winking,serious,scarf,Common
426,Loxley #426,An owner-controlled on-chain pixel agent with an immutable Public identity and one optional Outlaw transformation.,426.png,,human phantom,masculine,elder,wavy hair,scarred cheek,wide eyes,smirking,small horns,Common
427,Loxley #427,An owner-controlled on-chain pixel agent with an immutable Public identity and one optional Outlaw transformation.,427.png,,human rogue,feminine,young,shaved sides,eye scar,normal eyes,surprised,face mask,Common
428,Loxley #428,An owner-controlled on-chain pixel agent with an immutable Public identity and one optional Outlaw transformation.,428.png,,alien,feminine,adult,undercut,dimples,square glasses,calm,hood up,Rare
429,Loxley #429,An owner-controlled on-chain pixel agent with an immutable Public identity and one optional Outlaw transformation.,429.png,,human oracle,androgynous,elder,hooded head,sideburns,winking,scowling,small horns,Common
430,Loxley #430,An owner-controlled on-chain pixel agent with an immutable Public identity and one optional Outlaw transformation.,430.png,,human phantom,feminine,young,receding hairline,stubble,normal eyes,smiling,helmet,Common
431,Loxley #431,An owner-controlled on-chain pixel agent with an immutable Public identity and one optional Outlaw transformation.,431.png,,human scout,feminine,young,wavy hair,scarred cheek,monocle,grinning,beanie,Common
432,Loxley #432,An owner-controlled on-chain pixel agent with an immutable Public identity and one optional Outlaw transformation.,432.png,,human hacker,masculine,adult,pigtails,stubble,eyepatch,smiling,antenna,Common
433,Loxley #433,An owner-controlled on-chain pixel agent with an immutable Public identity and one optional Outlaw transformation.,433.png,,human rogue,androgynous,young,afro hair,freckles,closed eyes,grinning,helmet,Common
434,Loxley #434,An owner-controlled on-chain pixel agent with an immutable Public identity and one optional Outlaw transformation.,434.png,,human hacker,feminine,young,undercut,goatee,square glasses,surprised,nothing on head,Common
435,Loxley #435,An owner-controlled on-chain pixel agent with an immutable Public identity and one optional Outlaw transformation.,435.png,,human hacker,feminine,adult,undercut,cheek markings,sunglasses,calm,glowing halo,Common
436,Loxley #436,An owner-controlled on-chain pixel agent with an immutable Public identity and one optional Outlaw transformation.,436.png,,portrait dog,androgynous,young,long hair,nose ring,glowing cyber eye,surprised,high collar,Rare
437,Loxley #437,An owner-controlled on-chain pixel agent with an immutable Public identity and one optional Outlaw transformation.,437.png,,portrait dog,androgynous,young,bowl cut,soul patch,eyepatch,grinning,headphones,Rare
438,Loxley #438,An owner-controlled on-chain pixel agent with an immutable Public identity and one optional Outlaw transformation.,438.png,,human ranger,feminine,adult,hooded head,wrinkles,glowing eyes,scowling,hood up,Common
439,Loxley #439,An owner-controlled on-chain pixel agent with an immutable Public identity and one optional Outlaw transformation.,439.png,,portrait dog,masculine,elder,long hair,goatee,monocle,frowning,hood up,Rare
440,Loxley #440,An owner-controlled on-chain pixel agent with an immutable Public identity and one optional Outlaw transformation.,440.png,,human ranger,androgynous,young,slicked-back hair,nose ring,eyepatch,smirking,hood up,Common
441,Loxley #441,An owner-controlled on-chain pixel agent with an immutable Public identity and one optional Outlaw transformation.,441.png,,human rogue,feminine,elder,receding hairline,cheek markings,normal eyes,surprised,nothing on head,Common
442,Loxley #442,An owner-controlled on-chain pixel agent with an immutable Public identity and one optional Outlaw transformation.,442.png,,human ranger,androgynous,elder,curly hair,clean-shaven,monocle,frowning,earring,Common
443,Loxley #443,An owner-controlled on-chain pixel agent with an immutable Public identity and one optional Outlaw transformation.,443.png,,human scout,androgynous,young,long hair,cybernetic jaw,big round eyes,neutral,cigarette,Common
444,Loxley #444,An owner-controlled on-chain pixel agent with an immutable Public identity and one optional Outlaw transformation.,444.png,,portrait dog,masculine,young,ponytail,face tattoo,sharp piercing eyes,smiling,hood up,Rare
445,Loxley #445,An owner-controlled on-chain pixel agent with an immutable Public identity and one optional Outlaw transformation.,445.png,,human scout,androgynous,adult,mohawk,dimples,square glasses,grinning,neck chain,Common
446,Loxley #446,An owner-controlled on-chain pixel agent with an immutable Public identity and one optional Outlaw transformation.,446.png,,human rogue,feminine,young,curly hair,chin strap beard,wide eyes,smiling,helmet,Common
447,Loxley #447,An owner-controlled on-chain pixel agent with an immutable Public identity and one optional Outlaw transformation.,447.png,,secret agent,androgynous,elder,receding hairline,freckles,narrow eyes,smirking,high collar,Rare
448,Loxley #448,An owner-controlled on-chain pixel agent with an immutable Public identity and one optional Outlaw transformation.,448.png,,human ranger,androgynous,adult,dreadlocks,war paint,glowing cyber eye,calm,bandana,Common
449,Loxley #449,An owner-controlled on-chain pixel agent with an immutable Public identity and one optional Outlaw transformation.,449.png,,human oracle,feminine,elder,spiky hair,cheek markings,eyepatch,smiling,scarf,Common
450,Loxley #450,An owner-controlled on-chain pixel agent with an immutable Public identity and one optional Outlaw transformation.,450.png,,portrait cat,feminine,adult,man-bun,cheek markings,eyepatch,neutral,hood up,Rare
451,Loxley #451,An owner-controlled on-chain pixel agent with an immutable Public identity and one optional Outlaw transformation.,451.png,,human scout,feminine,young,pigtails,cheek markings,eyepatch,neutral,antenna,Common
452,Loxley #452,An owner-controlled on-chain pixel agent with an immutable Public identity and one optional Outlaw transformation.,452.png,,human rogue,feminine,adult,bowl cut,war paint,square glasses,grinning,small horns,Common
453,Loxley #453,An owner-controlled on-chain pixel agent with an immutable Public identity and one optional Outlaw transformation.,453.png,,human phantom,masculine,adult,bangs,dimples,glowing cyber eye,serious,antenna,Common
454,Loxley #454,An owner-controlled on-chain pixel agent with an immutable Public identity and one optional Outlaw transformation.,454.png,,human scout,androgynous,young,slicked-back hair,chin strap beard,cyber visor,scowling,hood up,Common
455,Loxley #455,An owner-controlled on-chain pixel agent with an immutable Public identity and one optional Outlaw transformation.,455.png,,secret agent,masculine,young,bowl cut,soul patch,normal eyes,scowling,flower behind ear,Rare
456,Loxley #456,An owner-controlled on-chain pixel agent with an immutable Public identity and one optional Outlaw transformation.,456.png,,human ranger,feminine,young,messy hair,nose ring,wide eyes,smiling,high collar,Common
457,Loxley #457,An owner-controlled on-chain pixel agent with an immutable Public identity and one optional Outlaw transformation.,457.png,,human phantom,masculine,young,wavy hair,cheek markings,glowing cyber eye,smirking,cap,Common
458,Loxley #458,An owner-controlled on-chain pixel agent with an immutable Public identity and one optional Outlaw transformation.,458.png,,human oracle,masculine,elder,wavy hair,clean-shaven,closed eyes,neutral,face mask,Common
459,Loxley #459,An owner-controlled on-chain pixel agent with an immutable Public identity and one optional Outlaw transformation.,459.png,,human rogue,masculine,adult,shaved sides,full beard,monocle,surprised,nothing on head,Common
460,Loxley #460,An owner-controlled on-chain pixel agent with an immutable Public identity and one optional Outlaw transformation.,460.png,,human rogue,androgynous,elder,wavy hair,goatee,narrow eyes,smirking,scarf,Common
461,Loxley #461,An owner-controlled on-chain pixel agent with an immutable Public identity and one optional Outlaw transformation.,461.png,,human hacker,androgynous,elder,wavy hair,sideburns,narrow eyes,frowning,hood up,Common
462,Loxley #462,An owner-controlled on-chain pixel agent with an immutable Public identity and one optional Outlaw transformation.,462.png,,human oracle,androgynous,young,wavy hair,scarred cheek,tired eyes,calm,cigarette,Common
463,Loxley #463,An owner-controlled on-chain pixel agent with an immutable Public identity and one optional Outlaw transformation.,463.png,,human phantom,masculine,elder,shaved sides,scarred cheek,tired eyes,scowling,face mask,Common
464,Loxley #464,An owner-controlled on-chain pixel agent with an immutable Public identity and one optional Outlaw transformation.,464.png,,portrait cat,androgynous,elder,slicked-back hair,cheek markings,round glasses,smirking,flower behind ear,Rare
465,Loxley #465,An owner-controlled on-chain pixel agent with an immutable Public identity and one optional Outlaw transformation.,465.png,,human hacker,feminine,young,undercut,full beard,big round eyes,neutral,hood up,Common
466,Loxley #466,An owner-controlled on-chain pixel agent with an immutable Public identity and one optional Outlaw transformation.,466.png,,secret agent,masculine,adult,afro hair,nose ring,glowing eyes,scowling,earring,Rare
467,Loxley #467,An owner-controlled on-chain pixel agent with an immutable Public identity and one optional Outlaw transformation.,467.png,,human ranger,androgynous,young,dreadlocks,eye scar,monocle,neutral,high collar,Common
468,Loxley #468,An owner-controlled on-chain pixel agent with an immutable Public identity and one optional Outlaw transformation.,468.png,,secret agent,masculine,elder,messy hair,stubble,cyber visor,frowning,scarf,Rare
469,Loxley #469,An owner-controlled on-chain pixel agent with an immutable Public identity and one optional Outlaw transformation.,469.png,,human phantom,masculine,young,hooded head,soul patch,winking,frowning,earring,Common
470,Loxley #470,An owner-controlled on-chain pixel agent with an immutable Public identity and one optional Outlaw transformation.,470.png,,portrait dog,masculine,young,bald,scarred cheek,normal eyes,neutral,high collar,Rare
471,Loxley #471,An owner-controlled on-chain pixel agent with an immutable Public identity and one optional Outlaw transformation.,471.png,,human rogue,androgynous,adult,short hair,soul patch,sunglasses,calm,flower behind ear,Common
472,Loxley #472,An owner-controlled on-chain pixel agent with an immutable Public identity and one optional Outlaw transformation.,472.png,,portrait cat,feminine,young,mohawk,goatee,cyber visor,smirking,high collar,Rare
473,Loxley #473,An owner-controlled on-chain pixel agent with an immutable Public identity and one optional Outlaw transformation.,473.png,,human phantom,masculine,young,wavy hair,mustache,closed eyes,smiling,headband,Common
474,Loxley #474,An owner-controlled on-chain pixel agent with an immutable Public identity and one optional Outlaw transformation.,474.png,,human ranger,androgynous,adult,pigtails,face tattoo,heterochromia,calm,face mask,Common
475,Loxley #475,An owner-controlled on-chain pixel agent with an immutable Public identity and one optional Outlaw transformation.,475.png,,human rogue,feminine,elder,hooded head,wrinkles,wide eyes,frowning,neck chain,Common
476,Loxley #476,An owner-controlled on-chain pixel agent with an immutable Public identity and one optional Outlaw transformation.,476.png,,portrait dog,androgynous,young,cornrows,nose ring,sunglasses,frowning,high collar,Rare
477,Loxley #477,An owner-controlled on-chain pixel agent with an immutable Public identity and one optional Outlaw transformation.,477.png,,secret agent,feminine,elder,ponytail,face tattoo,cyber visor,scowling,small horns,Rare
478,Loxley #478,An owner-controlled on-chain pixel agent with an immutable Public identity and one optional Outlaw transformation.,478.png,,portrait cat,masculine,elder,curly hair,freckles,narrow eyes,calm,beanie,Rare
479,Loxley #479,An owner-controlled on-chain pixel agent with an immutable Public identity and one optional Outlaw transformation.,479.png,,human phantom,androgynous,adult,afro hair,war paint,heterochromia,calm,headband,Common
480,Loxley #480,An owner-controlled on-chain pixel agent with an immutable Public identity and one optional Outlaw transformation.,480.png,,human hacker,androgynous,adult,mohawk,sideburns,eyepatch,serious,headband,Common
481,Loxley #481,An owner-controlled on-chain pixel agent with an immutable Public identity and one optional Outlaw transformation.,481.png,,human scout,feminine,young,dreadlocks,clean-shaven,sunglasses,neutral,helmet,Common
482,Loxley #482,An owner-controlled on-chain pixel agent with an immutable Public identity and one optional Outlaw transformation.,482.png,,portrait cat,masculine,elder,receding hairline,war paint,normal eyes,grinning,earring,Rare
483,Loxley #483,An owner-controlled on-chain pixel agent with an immutable Public identity and one optional Outlaw transformation.,483.png,,human hacker,masculine,adult,undercut,beauty mark,square glasses,grinning,flower behind ear,Common
484,Loxley #484,An owner-controlled on-chain pixel agent with an immutable Public identity and one optional Outlaw transformation.,484.png,,human phantom,androgynous,adult,man-bun,face tattoo,normal eyes,smirking,scarf,Common
485,Loxley #485,An owner-controlled on-chain pixel agent with an immutable Public identity and one optional Outlaw transformation.,485.png,,human scout,feminine,elder,long hair,cheek markings,normal eyes,neutral,scarf,Common
486,Loxley #486,An owner-controlled on-chain pixel agent with an immutable Public identity and one optional Outlaw transformation.,486.png,,human rogue,masculine,adult,curly hair,sideburns,tired eyes,frowning,antenna,Common
487,Loxley #487,An owner-controlled on-chain pixel agent with an immutable Public identity and one optional Outlaw transformation.,487.png,,human rogue,feminine,young,pigtails,cheek markings,glowing eyes,surprised,laurel wreath,Common
488,Loxley #488,An owner-controlled on-chain pixel agent with an immutable Public identity and one optional Outlaw transformation.,488.png,,human rogue,androgynous,adult,receding hairline,freckles,narrow eyes,grinning,earring,Common
489,Loxley #489,An owner-controlled on-chain pixel agent with an immutable Public identity and one optional Outlaw transformation.,489.png,,human ranger,androgynous,elder,short hair,soul patch,glowing cyber eye,smiling,antenna,Common
490,Loxley #490,An owner-controlled on-chain pixel agent with an immutable Public identity and one optional Outlaw transformation.,490.png,,human ranger,androgynous,adult,dreadlocks,cybernetic jaw,square glasses,scowling,nothing on head,Common
491,Loxley #491,An owner-controlled on-chain pixel agent with an immutable Public identity and one optional Outlaw transformation.,491.png,,alien,masculine,young,receding hairline,chin strap beard,closed eyes,frowning,headphones,Rare
492,Loxley #492,An owner-controlled on-chain pixel agent with an immutable Public identity and one optional Outlaw transformation.,492.png,,alien,androgynous,adult,messy hair,clean-shaven,tired eyes,neutral,high collar,Rare
493,Loxley #493,An owner-controlled on-chain pixel agent with an immutable Public identity and one optional Outlaw transformation.,493.png,,secret agent,feminine,adult,bowl cut,stubble,heterochromia,surprised,glowing halo,Rare
494,Loxley #494,An owner-controlled on-chain pixel agent with an immutable Public identity and one optional Outlaw transformation.,494.png,,human phantom,masculine,elder,undercut,stubble,glowing eyes,frowning,flower behind ear,Common
495,Loxley #495,An owner-controlled on-chain pixel agent with an immutable Public identity and one optional Outlaw transformation.,495.png,,portrait dog,masculine,young,undercut,cybernetic jaw,square glasses,surprised,crown,Rare
496,Loxley #496,An owner-controlled on-chain pixel agent with an immutable Public identity and one optional Outlaw transformation.,496.png,,human hacker,masculine,adult,mohawk,beauty mark,tired eyes,neutral,crown,Common
497,Loxley #497,An owner-controlled on-chain pixel agent with an immutable Public identity and one optional Outlaw transformation.,497.png,,portrait cat,feminine,young,shaved sides,wrinkles,sunglasses,serious,headphones,Rare
498,Loxley #498,An owner-controlled on-chain pixel agent with an immutable Public identity and one optional Outlaw transformation.,498.png,,secret agent,masculine,elder,afro hair,stubble,round glasses,grinning,cigarette,Rare
499,Loxley #499,An owner-controlled on-chain pixel agent with an immutable Public identity and one optional Outlaw transformation.,499.png,,human hacker,androgynous,adult,man-bun,full beard,glowing cyber eye,frowning,scarf,Common
500,Loxley #500,An owner-controlled on-chain pixel agent with an immutable Public identity and one optional Outlaw transformation.,500.png,,human ranger,feminine,adult,bangs,nose ring,narrow eyes,surprised,antenna,Common
501,Loxley #501,An owner-controlled on-chain pixel agent with an immutable Public identity and one optional Outlaw transformation.,501.png,,human oracle,androgynous,adult,wavy hair,cybernetic jaw,sharp piercing eyes,smirking,high collar,Common
502,Loxley #502,An owner-controlled on-chain pixel agent with an immutable Public identity and one optional Outlaw transformation.,502.png,,portrait dog,feminine,elder,ponytail,full beard,eyepatch,scowling,cigarette,Rare
503,Loxley #503,An owner-controlled on-chain pixel agent with an immutable Public identity and one optional Outlaw transformation.,503.png,,human rogue,feminine,adult,cornrows,face tattoo,normal eyes,grinning,beanie,Common
504,Loxley #504,An owner-controlled on-chain pixel agent with an immutable Public identity and one optional Outlaw transformation.,504.png,,human rogue,androgynous,young,spiky hair,nose ring,glowing eyes,smiling,scarf,Common
505,Loxley #505,An owner-controlled on-chain pixel agent with an immutable Public identity and one optional Outlaw transformation.,505.png,,human ranger,androgynous,young,cornrows,sideburns,glowing eyes,neutral,neck chain,Common
506,Loxley #506,An owner-controlled on-chain pixel agent with an immutable Public identity and one optional Outlaw transformation.,506.png,,portrait dog,feminine,elder,buzzcut,cybernetic jaw,square glasses,scowling,crown,Rare
507,Loxley #507,An owner-controlled on-chain pixel agent with an immutable Public identity and one optional Outlaw transformation.,507.png,,human phantom,androgynous,young,shaved sides,mustache,sharp piercing eyes,scowling,neck chain,Common
508,Loxley #508,An owner-controlled on-chain pixel agent with an immutable Public identity and one optional Outlaw transformation.,508.png,,secret agent,androgynous,adult,dreadlocks,war paint,tired eyes,scowling,scarf,Rare
509,Loxley #509,An owner-controlled on-chain pixel agent with an immutable Public identity and one optional Outlaw transformation.,509.png,,human ranger,androgynous,young,receding hairline,sideburns,glowing eyes,smiling,headband,Common
510,Loxley #510,An owner-controlled on-chain pixel agent with an immutable Public identity and one optional Outlaw transformation.,510.png,,human oracle,feminine,adult,undercut,scarred cheek,closed eyes,scowling,high collar,Common
511,Loxley #511,An owner-controlled on-chain pixel agent with an immutable Public identity and one optional Outlaw transformation.,511.png,,human ranger,masculine,adult,man-bun,war paint,glowing eyes,frowning,bandana,Common
512,Loxley #512,An owner-controlled on-chain pixel agent with an immutable Public identity and one optional Outlaw transformation.,512.png,,human ranger,androgynous,adult,dreadlocks,scarred cheek,cyber visor,calm,beanie,Common
513,Loxley #513,An owner-controlled on-chain pixel agent with an immutable Public identity and one optional Outlaw transformation.,513.png,,human phantom,masculine,adult,curly hair,stubble,cyber visor,serious,laurel wreath,Common
514,Loxley #514,An owner-controlled on-chain pixel agent with an immutable Public identity and one optional Outlaw transformation.,514.png,,secret agent,feminine,elder,bowl cut,mustache,wide eyes,grinning,headband,Rare
515,Loxley #515,An owner-controlled on-chain pixel agent with an immutable Public identity and one optional Outlaw transformation.,515.png,,human scout,androgynous,adult,bald,full beard,glowing eyes,serious,glowing halo,Common
516,Loxley #516,An owner-controlled on-chain pixel agent with an immutable Public identity and one optional Outlaw transformation.,516.png,,secret agent,androgynous,elder,mohawk,soul patch,monocle,smiling,cigarette,Rare
517,Loxley #517,An owner-controlled on-chain pixel agent with an immutable Public identity and one optional Outlaw transformation.,517.png,,human scout,feminine,elder,spiky hair,scarred cheek,tired eyes,smirking,high collar,Common
518,Loxley #518,An owner-controlled on-chain pixel agent with an immutable Public identity and one optional Outlaw transformation.,518.png,,human oracle,masculine,young,top-knot,war paint,cyber visor,frowning,laurel wreath,Common
519,Loxley #519,An owner-controlled on-chain pixel agent with an immutable Public identity and one optional Outlaw transformation.,519.png,,portrait cat,feminine,young,receding hairline,freckles,eyepatch,calm,headphones,Rare
520,Loxley #520,An owner-controlled on-chain pixel agent with an immutable Public identity and one optional Outlaw transformation.,520.png,,human rogue,masculine,young,hooded head,clean-shaven,normal eyes,smirking,beanie,Common
521,Loxley #521,An owner-controlled on-chain pixel agent with an immutable Public identity and one optional Outlaw transformation.,521.png,,human phantom,androgynous,adult,long hair,full beard,eyepatch,smiling,glowing halo,Common
522,Loxley #522,An owner-controlled on-chain pixel agent with an immutable Public identity and one optional Outlaw transformation.,522.png,,human hacker,feminine,adult,bowl cut,soul patch,cyber visor,calm,earring,Common
523,Loxley #523,An owner-controlled on-chain pixel agent with an immutable Public identity and one optional Outlaw transformation.,523.png,,human hacker,androgynous,adult,man-bun,sideburns,monocle,frowning,laurel wreath,Common
524,Loxley #524,An owner-controlled on-chain pixel agent with an immutable Public identity and one optional Outlaw transformation.,524.png,,human hacker,masculine,adult,hooded head,dimples,eyepatch,scowling,face mask,Common
525,Loxley #525,An owner-controlled on-chain pixel agent with an immutable Public identity and one optional Outlaw transformation.,525.png,,alien,masculine,young,mohawk,soul patch,glowing eyes,calm,hood up,Rare
526,Loxley #526,An owner-controlled on-chain pixel agent with an immutable Public identity and one optional Outlaw transformation.,526.png,,portrait dog,feminine,adult,bowl cut,cheek markings,narrow eyes,smirking,antenna,Rare
527,Loxley #527,An owner-controlled on-chain pixel agent with an immutable Public identity and one optional Outlaw transformation.,527.png,,human scout,feminine,young,bangs,chin strap beard,sharp piercing eyes,serious,neck chain,Common
528,Loxley #528,An owner-controlled on-chain pixel agent with an immutable Public identity and one optional Outlaw transformation.,528.png,,human scout,feminine,young,pigtails,full beard,normal eyes,scowling,high collar,Common
529,Loxley #529,An owner-controlled on-chain pixel agent with an immutable Public identity and one optional Outlaw transformation.,529.png,,human phantom,androgynous,young,spiky hair,soul patch,square glasses,neutral,high collar,Common
530,Loxley #530,An owner-controlled on-chain pixel agent with an immutable Public identity and one optional Outlaw transformation.,530.png,,human rogue,masculine,elder,hooded head,soul patch,eyepatch,smiling,high collar,Common
531,Loxley #531,An owner-controlled on-chain pixel agent with an immutable Public identity and one optional Outlaw transformation.,531.png,,human hacker,androgynous,elder,hooded head,war paint,normal eyes,smiling,headband,Common
532,Loxley #532,An owner-controlled on-chain pixel agent with an immutable Public identity and one optional Outlaw transformation.,532.png,,human hacker,masculine,young,top-knot,cheek markings,glowing cyber eye,serious,antenna,Common
533,Loxley #533,An owner-controlled on-chain pixel agent with an immutable Public identity and one optional Outlaw transformation.,533.png,,human oracle,androgynous,adult,spiky hair,cheek markings,normal eyes,surprised,nothing on head,Common
534,Loxley #534,An owner-controlled on-chain pixel agent with an immutable Public identity and one optional Outlaw transformation.,534.png,,human ranger,masculine,adult,man-bun,eye scar,cyber visor,frowning,beanie,Common
535,Loxley #535,An owner-controlled on-chain pixel agent with an immutable Public identity and one optional Outlaw transformation.,535.png,,human scout,feminine,young,pigtails,nose ring,tired eyes,grinning,helmet,Common
536,Loxley #536,An owner-controlled on-chain pixel agent with an immutable Public identity and one optional Outlaw transformation.,536.png,,human rogue,masculine,young,mohawk,cybernetic jaw,narrow eyes,serious,bandana,Common
537,Loxley #537,An owner-controlled on-chain pixel agent with an immutable Public identity and one optional Outlaw transformation.,537.png,,portrait dog,feminine,young,hooded head,freckles,monocle,frowning,crown,Rare
538,Loxley #538,An owner-controlled on-chain pixel agent with an immutable Public identity and one optional Outlaw transformation.,538.png,,human scout,androgynous,elder,dreadlocks,stubble,big round eyes,grinning,bandana,Common
539,Loxley #539,An owner-controlled on-chain pixel agent with an immutable Public identity and one optional Outlaw transformation.,539.png,,human rogue,feminine,adult,long hair,goatee,eyepatch,frowning,headband,Common
540,Loxley #540,An owner-controlled on-chain pixel agent with an immutable Public identity and one optional Outlaw transformation.,540.png,,human oracle,androgynous,adult,undercut,soul patch,narrow eyes,smiling,antenna,Common
541,Loxley #541,An owner-controlled on-chain pixel agent with an immutable Public identity and one optional Outlaw transformation.,541.png,,human oracle,feminine,elder,afro hair,mustache,eyepatch,neutral,headband,Common
542,Loxley #542,An owner-controlled on-chain pixel agent with an immutable Public identity and one optional Outlaw transformation.,542.png,,portrait cat,androgynous,young,ponytail,clean-shaven,narrow eyes,scowling,headband,Rare
543,Loxley #543,An owner-controlled on-chain pixel agent with an immutable Public identity and one optional Outlaw transformation.,543.png,,human rogue,androgynous,adult,ponytail,stubble,monocle,frowning,laurel wreath,Common
544,Loxley #544,An owner-controlled on-chain pixel agent with an immutable Public identity and one optional Outlaw transformation.,544.png,,human ranger,feminine,elder,messy hair,stubble,wide eyes,serious,headphones,Common
545,Loxley #545,An owner-controlled on-chain pixel agent with an immutable Public identity and one optional Outlaw transformation.,545.png,,human hacker,feminine,young,spiky hair,chin strap beard,narrow eyes,smirking,bandana,Common
546,Loxley #546,An owner-controlled on-chain pixel agent with an immutable Public identity and one optional Outlaw transformation.,546.png,,human oracle,feminine,elder,hooded head,eye scar,sharp piercing eyes,calm,headband,Common
547,Loxley #547,An owner-controlled on-chain pixel agent with an immutable Public identity and one optional Outlaw transformation.,547.png,,human hacker,feminine,young,slicked-back hair,chin strap beard,glowing eyes,surprised,helmet,Common
548,Loxley #548,An owner-controlled on-chain pixel agent with an immutable Public identity and one optional Outlaw transformation.,548.png,,human rogue,feminine,adult,receding hairline,mustache,big round eyes,grinning,cap,Common
549,Loxley #549,An owner-controlled on-chain pixel agent with an immutable Public identity and one optional Outlaw transformation.,549.png,,human hacker,androgynous,elder,short hair,soul patch,glowing eyes,smiling,laurel wreath,Common
550,Loxley #550,An owner-controlled on-chain pixel agent with an immutable Public identity and one optional Outlaw transformation.,550.png,,human hacker,masculine,adult,mohawk,mustache,normal eyes,neutral,hood up,Common
551,Loxley #551,An owner-controlled on-chain pixel agent with an immutable Public identity and one optional Outlaw transformation.,551.png,,portrait dog,feminine,young,undercut,clean-shaven,sharp piercing eyes,surprised,headphones,Rare
552,Loxley #552,An owner-controlled on-chain pixel agent with an immutable Public identity and one optional Outlaw transformation.,552.png,,secret agent,masculine,elder,curly hair,full beard,winking,serious,flower behind ear,Rare
553,Loxley #553,An owner-controlled on-chain pixel agent with an immutable Public identity and one optional Outlaw transformation.,553.png,,human phantom,feminine,young,dreadlocks,nose ring,normal eyes,surprised,nothing on head,Common
554,Loxley #554,An owner-controlled on-chain pixel agent with an immutable Public identity and one optional Outlaw transformation.,554.png,,human rogue,feminine,adult,cornrows,mustache,cyber visor,grinning,bandana,Common
555,Loxley #555,An owner-controlled on-chain pixel agent with an immutable Public identity and one optional Outlaw transformation.,555.png,,human oracle,masculine,adult,slicked-back hair,face tattoo,narrow eyes,scowling,headphones,Common
556,Loxley #556,An owner-controlled on-chain pixel agent with an immutable Public identity and one optional Outlaw transformation.,556.png,,human phantom,androgynous,elder,receding hairline,chin strap beard,normal eyes,grinning,flower behind ear,Common
557,Loxley #557,An owner-controlled on-chain pixel agent with an immutable Public identity and one optional Outlaw transformation.,557.png,,human rogue,masculine,adult,hooded head,goatee,normal eyes,surprised,helmet,Common
558,Loxley #558,An owner-controlled on-chain pixel agent with an immutable Public identity and one optional Outlaw transformation.,558.png,,human ranger,feminine,adult,wavy hair,chin strap beard,glowing cyber eye,smiling,antenna,Common
559,Loxley #559,An owner-controlled on-chain pixel agent with an immutable Public identity and one optional Outlaw transformation.,559.png,,human phantom,masculine,adult,undercut,face tattoo,sharp piercing eyes,smirking,high collar,Common
560,Loxley #560,An owner-controlled on-chain pixel agent with an immutable Public identity and one optional Outlaw transformation.,560.png,,portrait cat,masculine,adult,wavy hair,scarred cheek,narrow eyes,calm,helmet,Rare
561,Loxley #561,An owner-controlled on-chain pixel agent with an immutable Public identity and one optional Outlaw transformation.,561.png,,secret agent,feminine,adult,messy hair,freckles,glowing cyber eye,neutral,crown,Rare
562,Loxley #562,An owner-controlled on-chain pixel agent with an immutable Public identity and one optional Outlaw transformation.,562.png,,human rogue,androgynous,young,top-knot,dimples,glowing cyber eye,smirking,small horns,Common
563,Loxley #563,An owner-controlled on-chain pixel agent with an immutable Public identity and one optional Outlaw transformation.,563.png,,human scout,feminine,young,ponytail,chin strap beard,heterochromia,scowling,headband,Common
564,Loxley #564,An owner-controlled on-chain pixel agent with an immutable Public identity and one optional Outlaw transformation.,564.png,,human scout,masculine,adult,receding hairline,goatee,heterochromia,grinning,headband,Common
565,Loxley #565,An owner-controlled on-chain pixel agent with an immutable Public identity and one optional Outlaw transformation.,565.png,,secret agent,masculine,young,bangs,wrinkles,eyepatch,neutral,scarf,Rare
566,Loxley #566,An owner-controlled on-chain pixel agent with an immutable Public identity and one optional Outlaw transformation.,566.png,,human scout,feminine,young,long hair,dimples,glowing cyber eye,calm,cap,Common
567,Loxley #567,An owner-controlled on-chain pixel agent with an immutable Public identity and one optional Outlaw transformation.,567.png,,human ranger,feminine,young,man-bun,clean-shaven,monocle,scowling,hood up,Common
568,Loxley #568,An owner-controlled on-chain pixel agent with an immutable Public identity and one optional Outlaw transformation.,568.png,,human rogue,feminine,adult,undercut,mustache,tired eyes,calm,nothing on head,Common
569,Loxley #569,An owner-controlled on-chain pixel agent with an immutable Public identity and one optional Outlaw transformation.,569.png,,human rogue,masculine,young,curly hair,stubble,round glasses,smiling,headband,Common
570,Loxley #570,An owner-controlled on-chain pixel agent with an immutable Public identity and one optional Outlaw transformation.,570.png,,human phantom,feminine,adult,afro hair,mustache,normal eyes,smirking,small horns,Common
571,Loxley #571,An owner-controlled on-chain pixel agent with an immutable Public identity and one optional Outlaw transformation.,571.png,,human oracle,androgynous,adult,top-knot,clean-shaven,square glasses,smiling,hood up,Common
572,Loxley #572,An owner-controlled on-chain pixel agent with an immutable Public identity and one optional Outlaw transformation.,572.png,,portrait cat,feminine,adult,short hair,clean-shaven,glowing cyber eye,frowning,crown,Rare
573,Loxley #573,An owner-controlled on-chain pixel agent with an immutable Public identity and one optional Outlaw transformation.,573.png,,portrait dog,masculine,young,bowl cut,clean-shaven,winking,frowning,cigarette,Rare
574,Loxley #574,An owner-controlled on-chain pixel agent with an immutable Public identity and one optional Outlaw transformation.,574.png,,human scout,feminine,elder,buzzcut,wrinkles,cyber visor,scowling,antenna,Common
575,Loxley #575,An owner-controlled on-chain pixel agent with an immutable Public identity and one optional Outlaw transformation.,575.png,,human rogue,masculine,adult,afro hair,cybernetic jaw,big round eyes,calm,flower behind ear,Common
576,Loxley #576,An owner-controlled on-chain pixel agent with an immutable Public identity and one optional Outlaw transformation.,576.png,,human scout,feminine,elder,man-bun,goatee,big round eyes,grinning,beanie,Common
577,Loxley #577,An owner-controlled on-chain pixel agent with an immutable Public identity and one optional Outlaw transformation.,577.png,,human ranger,masculine,elder,long hair,chin strap beard,winking,smirking,headband,Common
578,Loxley #578,An owner-controlled on-chain pixel agent with an immutable Public identity and one optional Outlaw transformation.,578.png,,alien,androgynous,elder,pigtails,soul patch,tired eyes,scowling,neck chain,Rare
579,Loxley #579,An owner-controlled on-chain pixel agent with an immutable Public identity and one optional Outlaw transformation.,579.png,,human rogue,androgynous,elder,slicked-back hair,eye scar,sharp piercing eyes,smiling,helmet,Common
580,Loxley #580,An owner-controlled on-chain pixel agent with an immutable Public identity and one optional Outlaw transformation.,580.png,,human rogue,feminine,young,dreadlocks,beauty mark,closed eyes,scowling,beanie,Common
581,Loxley #581,An owner-controlled on-chain pixel agent with an immutable Public identity and one optional Outlaw transformation.,581.png,,human oracle,feminine,elder,ponytail,beauty mark,monocle,surprised,flower behind ear,Common
582,Loxley #582,An owner-controlled on-chain pixel agent with an immutable Public identity and one optional Outlaw transformation.,582.png,,human oracle,feminine,adult,spiky hair,full beard,normal eyes,frowning,antenna,Common
583,Loxley #583,An owner-controlled on-chain pixel agent with an immutable Public identity and one optional Outlaw transformation.,583.png,,human scout,feminine,young,cornrows,nose ring,wide eyes,smiling,antenna,Common
584,Loxley #584,An owner-controlled on-chain pixel agent with an immutable Public identity and one optional Outlaw transformation.,584.png,,human oracle,masculine,young,bald,nose ring,cyber visor,grinning,neck chain,Common
585,Loxley #585,An owner-controlled on-chain pixel agent with an immutable Public identity and one optional Outlaw transformation.,585.png,,alien,masculine,elder,spiky hair,freckles,sunglasses,serious,neck chain,Rare
586,Loxley #586,An owner-controlled on-chain pixel agent with an immutable Public identity and one optional Outlaw transformation.,586.png,,human rogue,androgynous,young,spiky hair,mustache,winking,surprised,laurel wreath,Common
587,Loxley #587,An owner-controlled on-chain pixel agent with an immutable Public identity and one optional Outlaw transformation.,587.png,,portrait dog,masculine,young,bald,stubble,heterochromia,frowning,headphones,Rare
588,Loxley #588,An owner-controlled on-chain pixel agent with an immutable Public identity and one optional Outlaw transformation.,588.png,,portrait cat,masculine,elder,wavy hair,clean-shaven,heterochromia,smiling,antenna,Rare
589,Loxley #589,An owner-controlled on-chain pixel agent with an immutable Public identity and one optional Outlaw transformation.,589.png,,human oracle,masculine,elder,spiky hair,beauty mark,heterochromia,smirking,nothing on head,Common
590,Loxley #590,An owner-controlled on-chain pixel agent with an immutable Public identity and one optional Outlaw transformation.,590.png,,human ranger,masculine,elder,buzzcut,sideburns,round glasses,smiling,nothing on head,Common
591,Loxley #591,An owner-controlled on-chain pixel agent with an immutable Public identity and one optional Outlaw transformation.,591.png,,human rogue,androgynous,adult,undercut,stubble,monocle,scowling,helmet,Common
592,Loxley #592,An owner-controlled on-chain pixel agent with an immutable Public identity and one optional Outlaw transformation.,592.png,,human oracle,androgynous,adult,bald,full beard,eyepatch,serious,bandana,Common
593,Loxley #593,An owner-controlled on-chain pixel agent with an immutable Public identity and one optional Outlaw transformation.,593.png,,portrait cat,androgynous,adult,bangs,full beard,big round eyes,calm,glowing halo,Rare
594,Loxley #594,An owner-controlled on-chain pixel agent with an immutable Public identity and one optional Outlaw transformation.,594.png,,human scout,feminine,adult,cornrows,scarred cheek,narrow eyes,calm,nothing on head,Common
595,Loxley #595,An owner-controlled on-chain pixel agent with an immutable Public identity and one optional Outlaw transformation.,595.png,,human hacker,androgynous,adult,mohawk,cheek markings,sharp piercing eyes,grinning,scarf,Common
596,Loxley #596,An owner-controlled on-chain pixel agent with an immutable Public identity and one optional Outlaw transformation.,596.png,,human scout,androgynous,elder,undercut,eye scar,sunglasses,surprised,glowing halo,Common
597,Loxley #597,An owner-controlled on-chain pixel agent with an immutable Public identity and one optional Outlaw transformation.,597.png,,human ranger,feminine,elder,ponytail,sideburns,monocle,surprised,nothing on head,Common
598,Loxley #598,An owner-controlled on-chain pixel agent with an immutable Public identity and one optional Outlaw transformation.,598.png,,human hacker,androgynous,adult,long hair,face tattoo,heterochromia,smirking,laurel wreath,Common
599,Loxley #599,An owner-controlled on-chain pixel agent with an immutable Public identity and one optional Outlaw transformation.,599.png,,human oracle,masculine,adult,messy hair,nose ring,round glasses,smirking,crown,Common
600,Loxley #600,An owner-controlled on-chain pixel agent with an immutable Public identity and one optional Outlaw transformation.,600.png,,human oracle,feminine,young,shaved sides,goatee,sunglasses,surprised,flower behind ear,Common
601,Loxley #601,An owner-controlled on-chain pixel agent with an immutable Public identity and one optional Outlaw transformation.,601.png,,human scout,feminine,adult,bald,war paint,round glasses,grinning,helmet,Common
602,Loxley #602,An owner-controlled on-chain pixel agent with an immutable Public identity and one optional Outlaw transformation.,602.png,,portrait dog,masculine,young,cornrows,war paint,winking,neutral,small horns,Rare
603,Loxley #603,An owner-controlled on-chain pixel agent with an immutable Public identity and one optional Outlaw transformation.,603.png,,alien,feminine,young,short hair,wrinkles,normal eyes,grinning,cap,Rare
604,Loxley #604,An owner-controlled on-chain pixel agent with an immutable Public identity and one optional Outlaw transformation.,604.png,,human ranger,feminine,elder,curly hair,full beard,big round eyes,serious,nothing on head,Common
605,Loxley #605,An owner-controlled on-chain pixel agent with an immutable Public identity and one optional Outlaw transformation.,605.png,,secret agent,feminine,elder,cornrows,wrinkles,glowing cyber eye,neutral,small horns,Rare
606,Loxley #606,An owner-controlled on-chain pixel agent with an immutable Public identity and one optional Outlaw transformation.,606.png,,human oracle,androgynous,young,slicked-back hair,sideburns,big round eyes,neutral,headband,Common
607,Loxley #607,An owner-controlled on-chain pixel agent with an immutable Public identity and one optional Outlaw transformation.,607.png,,human rogue,androgynous,young,hooded head,sideburns,wide eyes,grinning,nothing on head,Common
608,Loxley #608,An owner-controlled on-chain pixel agent with an immutable Public identity and one optional Outlaw transformation.,608.png,,secret agent,androgynous,young,curly hair,eye scar,cyber visor,neutral,neck chain,Rare
609,Loxley #609,An owner-controlled on-chain pixel agent with an immutable Public identity and one optional Outlaw transformation.,609.png,,secret agent,androgynous,adult,receding hairline,full beard,monocle,neutral,laurel wreath,Rare
610,Loxley #610,An owner-controlled on-chain pixel agent with an immutable Public identity and one optional Outlaw transformation.,610.png,,human phantom,feminine,adult,afro hair,cheek markings,glowing cyber eye,calm,headband,Common
611,Loxley #611,An owner-controlled on-chain pixel agent with an immutable Public identity and one optional Outlaw transformation.,611.png,,human hacker,feminine,adult,shaved sides,goatee,winking,serious,headphones,Common
612,Loxley #612,An owner-controlled on-chain pixel agent with an immutable Public identity and one optional Outlaw transformation.,612.png,,human oracle,masculine,elder,ponytail,face tattoo,heterochromia,surprised,glowing halo,Common
613,Loxley #613,An owner-controlled on-chain pixel agent with an immutable Public identity and one optional Outlaw transformation.,613.png,,human ranger,androgynous,adult,short hair,soul patch,big round eyes,smiling,antenna,Common
614,Loxley #614,An owner-controlled on-chain pixel agent with an immutable Public identity and one optional Outlaw transformation.,614.png,,human hacker,androgynous,adult,man-bun,freckles,cyber visor,scowling,headphones,Common
615,Loxley #615,An owner-controlled on-chain pixel agent with an immutable Public identity and one optional Outlaw transformation.,615.png,,human scout,masculine,elder,curly hair,nose ring,round glasses,neutral,headband,Common
616,Loxley #616,An owner-controlled on-chain pixel agent with an immutable Public identity and one optional Outlaw transformation.,616.png,,human scout,masculine,elder,curly hair,goatee,big round eyes,smiling,nothing on head,Common
617,Loxley #617,An owner-controlled on-chain pixel agent with an immutable Public identity and one optional Outlaw transformation.,617.png,,human phantom,masculine,elder,ponytail,cybernetic jaw,big round eyes,neutral,earring,Common
618,Loxley #618,An owner-controlled on-chain pixel agent with an immutable Public identity and one optional Outlaw transformation.,618.png,,human oracle,feminine,young,man-bun,war paint,normal eyes,smirking,high collar,Common
619,Loxley #619,An owner-controlled on-chain pixel agent with an immutable Public identity and one optional Outlaw transformation.,619.png,,human ranger,masculine,young,hooded head,clean-shaven,eyepatch,smiling,glowing halo,Common
620,Loxley #620,An owner-controlled on-chain pixel agent with an immutable Public identity and one optional Outlaw transformation.,620.png,,human phantom,masculine,adult,buzzcut,dimples,cyber visor,grinning,bandana,Common
621,Loxley #621,An owner-controlled on-chain pixel agent with an immutable Public identity and one optional Outlaw transformation.,621.png,,human ranger,masculine,adult,curly hair,stubble,square glasses,calm,neck chain,Common
622,Loxley #622,An owner-controlled on-chain pixel agent with an immutable Public identity and one optional Outlaw transformation.,622.png,,human oracle,androgynous,adult,slicked-back hair,soul patch,monocle,smiling,small horns,Common
623,Loxley #623,An owner-controlled on-chain pixel agent with an immutable Public identity and one optional Outlaw transformation.,623.png,,alien,feminine,adult,buzzcut,wrinkles,square glasses,smiling,nothing on head,Rare
624,Loxley #624,An owner-controlled on-chain pixel agent with an immutable Public identity and one optional Outlaw transformation.,624.png,,human hacker,feminine,adult,bald,beauty mark,wide eyes,neutral,high collar,Common
625,Loxley #625,An owner-controlled on-chain pixel agent with an immutable Public identity and one optional Outlaw transformation.,625.png,,human scout,feminine,adult,bald,full beard,wide eyes,frowning,beanie,Common
626,Loxley #626,An owner-controlled on-chain pixel agent with an immutable Public identity and one optional Outlaw transformation.,626.png,,portrait dog,androgynous,adult,shaved sides,cheek markings,monocle,neutral,headband,Rare
627,Loxley #627,An owner-controlled on-chain pixel agent with an immutable Public identity and one optional Outlaw transformation.,627.png,,human oracle,androgynous,elder,man-bun,cybernetic jaw,big round eyes,calm,neck chain,Common
628,Loxley #628,An owner-controlled on-chain pixel agent with an immutable Public identity and one optional Outlaw transformation.,628.png,,portrait cat,feminine,elder,curly hair,mustache,normal eyes,neutral,scarf,Rare
629,Loxley #629,An owner-controlled on-chain pixel agent with an immutable Public identity and one optional Outlaw transformation.,629.png,,human phantom,masculine,young,shaved sides,stubble,eyepatch,calm,headband,Common
630,Loxley #630,An owner-controlled on-chain pixel agent with an immutable Public identity and one optional Outlaw transformation.,630.png,,secret agent,androgynous,young,man-bun,goatee,cyber visor,surprised,helmet,Rare
631,Loxley #631,An owner-controlled on-chain pixel agent with an immutable Public identity and one optional Outlaw transformation.,631.png,,human scout,androgynous,elder,wavy hair,eye scar,eyepatch,calm,cap,Common
632,Loxley #632,An owner-controlled on-chain pixel agent with an immutable Public identity and one optional Outlaw transformation.,632.png,,human scout,androgynous,elder,top-knot,nose ring,round glasses,serious,flower behind ear,Common
633,Loxley #633,An owner-controlled on-chain pixel agent with an immutable Public identity and one optional Outlaw transformation.,633.png,,human scout,masculine,adult,spiky hair,cybernetic jaw,square glasses,frowning,crown,Common
634,Loxley #634,An owner-controlled on-chain pixel agent with an immutable Public identity and one optional Outlaw transformation.,634.png,,secret agent,masculine,young,buzzcut,wrinkles,glowing cyber eye,calm,cigarette,Rare
635,Loxley #635,An owner-controlled on-chain pixel agent with an immutable Public identity and one optional Outlaw transformation.,635.png,,human rogue,androgynous,elder,short hair,beauty mark,cyber visor,frowning,crown,Common
636,Loxley #636,An owner-controlled on-chain pixel agent with an immutable Public identity and one optional Outlaw transformation.,636.png,,portrait dog,androgynous,young,mohawk,beauty mark,closed eyes,calm,earring,Rare
637,Loxley #637,An owner-controlled on-chain pixel agent with an immutable Public identity and one optional Outlaw transformation.,637.png,,secret agent,masculine,adult,mohawk,freckles,normal eyes,grinning,small horns,Rare
638,Loxley #638,An owner-controlled on-chain pixel agent with an immutable Public identity and one optional Outlaw transformation.,638.png,,portrait cat,androgynous,young,afro hair,eye scar,normal eyes,frowning,bandana,Rare
639,Loxley #639,An owner-controlled on-chain pixel agent with an immutable Public identity and one optional Outlaw transformation.,639.png,,portrait cat,feminine,young,spiky hair,full beard,glowing cyber eye,smiling,glowing halo,Rare
640,Loxley #640,An owner-controlled on-chain pixel agent with an immutable Public identity and one optional Outlaw transformation.,640.png,,human ranger,feminine,adult,cornrows,scarred cheek,monocle,grinning,crown,Common
641,Loxley #641,An owner-controlled on-chain pixel agent with an immutable Public identity and one optional Outlaw transformation.,641.png,,human scout,androgynous,young,messy hair,eye scar,narrow eyes,smirking,headband,Common
642,Loxley #642,An owner-controlled on-chain pixel agent with an immutable Public identity and one optional Outlaw transformation.,642.png,,human hacker,feminine,adult,bowl cut,eye scar,heterochromia,smiling,flower behind ear,Common
643,Loxley #643,An owner-controlled on-chain pixel agent with an immutable Public identity and one optional Outlaw transformation.,643.png,,human ranger,androgynous,elder,messy hair,mustache,eyepatch,grinning,flower behind ear,Common
644,Loxley #644,An owner-controlled on-chain pixel agent with an immutable Public identity and one optional Outlaw transformation.,644.png,,alien,feminine,young,messy hair,scarred cheek,eyepatch,smiling,earring,Rare
645,Loxley #645,An owner-controlled on-chain pixel agent with an immutable Public identity and one optional Outlaw transformation.,645.png,,human hacker,masculine,elder,bangs,mustache,heterochromia,calm,bandana,Common
646,Loxley #646,An owner-controlled on-chain pixel agent with an immutable Public identity and one optional Outlaw transformation.,646.png,,secret agent,androgynous,elder,bangs,goatee,wide eyes,calm,small horns,Rare
647,Loxley #647,An owner-controlled on-chain pixel agent with an immutable Public identity and one optional Outlaw transformation.,647.png,,human rogue,feminine,elder,bald,nose ring,normal eyes,surprised,nothing on head,Common
648,Loxley #648,An owner-controlled on-chain pixel agent with an immutable Public identity and one optional Outlaw transformation.,648.png,,human scout,masculine,adult,dreadlocks,sideburns,cyber visor,neutral,high collar,Common
649,Loxley #649,An owner-controlled on-chain pixel agent with an immutable Public identity and one optional Outlaw transformation.,649.png,,portrait cat,masculine,adult,long hair,scarred cheek,winking,neutral,scarf,Rare
650,Loxley #650,An owner-controlled on-chain pixel agent with an immutable Public identity and one optional Outlaw transformation.,650.png,,human phantom,feminine,young,long hair,war paint,monocle,smirking,neck chain,Common
651,Loxley #651,An owner-controlled on-chain pixel agent with an immutable Public identity and one optional Outlaw transformation.,651.png,,human phantom,masculine,young,afro hair,sideburns,wide eyes,frowning,glowing halo,Common
652,Loxley #652,An owner-controlled on-chain pixel agent with an immutable Public identity and one optional Outlaw transformation.,652.png,,human phantom,androgynous,adult,mohawk,war paint,winking,smiling,scarf,Common
653,Loxley #653,An owner-controlled on-chain pixel agent with an immutable Public identity and one optional Outlaw transformation.,653.png,,human hacker,androgynous,elder,long hair,eye scar,sharp piercing eyes,serious,nothing on head,Common
654,Loxley #654,An owner-controlled on-chain pixel agent with an immutable Public identity and one optional Outlaw transformation.,654.png,,human scout,masculine,adult,long hair,cheek markings,glowing cyber eye,grinning,high collar,Common
655,Loxley #655,An owner-controlled on-chain pixel agent with an immutable Public identity and one optional Outlaw transformation.,655.png,,portrait cat,feminine,elder,spiky hair,stubble,glowing cyber eye,surprised,nothing on head,Rare
656,Loxley #656,An owner-controlled on-chain pixel agent with an immutable Public identity and one optional Outlaw transformation.,656.png,,human oracle,feminine,adult,buzzcut,full beard,narrow eyes,smirking,earring,Common
657,Loxley #657,An owner-controlled on-chain pixel agent with an immutable Public identity and one optional Outlaw transformation.,657.png,,human hacker,androgynous,elder,spiky hair,nose ring,tired eyes,serious,neck chain,Common
658,Loxley #658,An owner-controlled on-chain pixel agent with an immutable Public identity and one optional Outlaw transformation.,658.png,,human phantom,androgynous,elder,afro hair,chin strap beard,wide eyes,smiling,face mask,Common
659,Loxley #659,An owner-controlled on-chain pixel agent with an immutable Public identity and one optional Outlaw transformation.,659.png,,human scout,androgynous,young,bangs,dimples,winking,smirking,cigarette,Common
660,Loxley #660,An owner-controlled on-chain pixel agent with an immutable Public identity and one optional Outlaw transformation.,660.png,,alien,masculine,elder,receding hairline,wrinkles,winking,smirking,laurel wreath,Rare
661,Loxley #661,An owner-controlled on-chain pixel agent with an immutable Public identity and one optional Outlaw transformation.,661.png,,human oracle,masculine,young,cornrows,war paint,big round eyes,grinning,laurel wreath,Common
662,Loxley #662,An owner-controlled on-chain pixel agent with an immutable Public identity and one optional Outlaw transformation.,662.png,,human phantom,androgynous,elder,wavy hair,soul patch,heterochromia,serious,beanie,Common
663,Loxley #663,An owner-controlled on-chain pixel agent with an immutable Public identity and one optional Outlaw transformation.,663.png,,portrait cat,androgynous,young,spiky hair,freckles,monocle,surprised,headband,Rare
664,Loxley #664,An owner-controlled on-chain pixel agent with an immutable Public identity and one optional Outlaw transformation.,664.png,,human rogue,feminine,young,bald,goatee,sharp piercing eyes,serious,laurel wreath,Common
665,Loxley #665,An owner-controlled on-chain pixel agent with an immutable Public identity and one optional Outlaw transformation.,665.png,,human hacker,masculine,adult,shaved sides,face tattoo,glowing eyes,scowling,antenna,Common
666,Loxley #666,An owner-controlled on-chain pixel agent with an immutable Public identity and one optional Outlaw transformation.,666.png,,human ranger,masculine,elder,shaved sides,sideburns,glowing cyber eye,calm,flower behind ear,Common
667,Loxley #667,An owner-controlled on-chain pixel agent with an immutable Public identity and one optional Outlaw transformation.,667.png,,secret agent,androgynous,young,undercut,face tattoo,narrow eyes,smirking,earring,Rare
668,Loxley #668,An owner-controlled on-chain pixel agent with an immutable Public identity and one optional Outlaw transformation.,668.png,,human ranger,masculine,adult,afro hair,soul patch,winking,scowling,crown,Common
669,Loxley #669,An owner-controlled on-chain pixel agent with an immutable Public identity and one optional Outlaw transformation.,669.png,,human rogue,masculine,young,ponytail,full beard,eyepatch,neutral,helmet,Common
670,Loxley #670,An owner-controlled on-chain pixel agent with an immutable Public identity and one optional Outlaw transformation.,670.png,,human phantom,feminine,adult,hooded head,cheek markings,glowing eyes,scowling,headphones,Common
671,Loxley #671,An owner-controlled on-chain pixel agent with an immutable Public identity and one optional Outlaw transformation.,671.png,,human oracle,feminine,adult,pigtails,eye scar,monocle,neutral,earring,Common
672,Loxley #672,An owner-controlled on-chain pixel agent with an immutable Public identity and one optional Outlaw transformation.,672.png,,human phantom,feminine,elder,ponytail,chin strap beard,round glasses,frowning,flower behind ear,Common
673,Loxley #673,An owner-controlled on-chain pixel agent with an immutable Public identity and one optional Outlaw transformation.,673.png,,alien,androgynous,elder,afro hair,clean-shaven,narrow eyes,smirking,headband,Rare
674,Loxley #674,An owner-controlled on-chain pixel agent with an immutable Public identity and one optional Outlaw transformation.,674.png,,human scout,masculine,young,shaved sides,full beard,monocle,calm,helmet,Common
675,Loxley #675,An owner-controlled on-chain pixel agent with an immutable Public identity and one optional Outlaw transformation.,675.png,,human hacker,masculine,adult,wavy hair,stubble,sunglasses,smiling,cap,Common
676,Loxley #676,An owner-controlled on-chain pixel agent with an immutable Public identity and one optional Outlaw transformation.,676.png,,portrait cat,androgynous,young,receding hairline,beauty mark,glowing eyes,smiling,scarf,Rare
677,Loxley #677,An owner-controlled on-chain pixel agent with an immutable Public identity and one optional Outlaw transformation.,677.png,,human phantom,masculine,elder,pigtails,goatee,tired eyes,frowning,earring,Common
678,Loxley #678,An owner-controlled on-chain pixel agent with an immutable Public identity and one optional Outlaw transformation.,678.png,,human rogue,masculine,elder,top-knot,dimples,tired eyes,frowning,earring,Common
679,Loxley #679,An owner-controlled on-chain pixel agent with an immutable Public identity and one optional Outlaw transformation.,679.png,,alien,masculine,young,afro hair,soul patch,winking,smirking,earring,Rare
680,Loxley #680,An owner-controlled on-chain pixel agent with an immutable Public identity and one optional Outlaw transformation.,680.png,,human rogue,androgynous,young,messy hair,scarred cheek,sharp piercing eyes,neutral,face mask,Common
681,Loxley #681,An owner-controlled on-chain pixel agent with an immutable Public identity and one optional Outlaw transformation.,681.png,,human rogue,androgynous,young,curly hair,wrinkles,big round eyes,smirking,helmet,Common
682,Loxley #682,An owner-controlled on-chain pixel agent with an immutable Public identity and one optional Outlaw transformation.,682.png,,portrait dog,feminine,young,receding hairline,sideburns,wide eyes,serious,flower behind ear,Rare
683,Loxley #683,An owner-controlled on-chain pixel agent with an immutable Public identity and one optional Outlaw transformation.,683.png,,portrait dog,androgynous,elder,afro hair,freckles,big round eyes,serious,glowing halo,Rare
684,Loxley #684,An owner-controlled on-chain pixel agent with an immutable Public identity and one optional Outlaw transformation.,684.png,,secret agent,androgynous,young,hooded head,face tattoo,normal eyes,grinning,hood up,Rare
685,Loxley #685,An owner-controlled on-chain pixel agent with an immutable Public identity and one optional Outlaw transformation.,685.png,,secret agent,masculine,adult,afro hair,wrinkles,winking,surprised,helmet,Rare
686,Loxley #686,An owner-controlled on-chain pixel agent with an immutable Public identity and one optional Outlaw transformation.,686.png,,human scout,masculine,elder,spiky hair,full beard,monocle,serious,scarf,Common
687,Loxley #687,An owner-controlled on-chain pixel agent with an immutable Public identity and one optional Outlaw transformation.,687.png,,secret agent,androgynous,elder,pigtails,mustache,winking,smiling,bandana,Rare
688,Loxley #688,An owner-controlled on-chain pixel agent with an immutable Public identity and one optional Outlaw transformation.,688.png,,human ranger,androgynous,young,messy hair,face tattoo,winking,smiling,laurel wreath,Common
689,Loxley #689,An owner-controlled on-chain pixel agent with an immutable Public identity and one optional Outlaw transformation.,689.png,,human hacker,masculine,young,bowl cut,mustache,winking,frowning,neck chain,Common
690,Loxley #690,An owner-controlled on-chain pixel agent with an immutable Public identity and one optional Outlaw transformation.,690.png,,human oracle,masculine,young,buzzcut,freckles,cyber visor,surprised,nothing on head,Common
691,Loxley #691,An owner-controlled on-chain pixel agent with an immutable Public identity and one optional Outlaw transformation.,691.png,,alien,androgynous,elder,short hair,mustache,sunglasses,scowling,earring,Rare
692,Loxley #692,An owner-controlled on-chain pixel agent with an immutable Public identity and one optional Outlaw transformation.,692.png,,human oracle,feminine,adult,buzzcut,chin strap beard,glowing eyes,frowning,headphones,Common
693,Loxley #693,An owner-controlled on-chain pixel agent with an immutable Public identity and one optional Outlaw transformation.,693.png,,human rogue,feminine,young,dreadlocks,sideburns,wide eyes,serious,hood up,Common
694,Loxley #694,An owner-controlled on-chain pixel agent with an immutable Public identity and one optional Outlaw transformation.,694.png,,alien,androgynous,young,long hair,stubble,glowing eyes,smiling,cap,Rare
695,Loxley #695,An owner-controlled on-chain pixel agent with an immutable Public identity and one optional Outlaw transformation.,695.png,,human ranger,masculine,adult,dreadlocks,mustache,heterochromia,calm,earring,Common
696,Loxley #696,An owner-controlled on-chain pixel agent with an immutable Public identity and one optional Outlaw transformation.,696.png,,human hacker,androgynous,young,buzzcut,cheek markings,winking,smiling,flower behind ear,Common
697,Loxley #697,An owner-controlled on-chain pixel agent with an immutable Public identity and one optional Outlaw transformation.,697.png,,portrait cat,androgynous,adult,mohawk,full beard,narrow eyes,frowning,face mask,Rare
698,Loxley #698,An owner-controlled on-chain pixel agent with an immutable Public identity and one optional Outlaw transformation.,698.png,,human rogue,androgynous,elder,messy hair,chin strap beard,heterochromia,smirking,glowing halo,Common
699,Loxley #699,An owner-controlled on-chain pixel agent with an immutable Public identity and one optional Outlaw transformation.,699.png,,human ranger,androgynous,elder,cornrows,soul patch,cyber visor,neutral,high collar,Common
700,Loxley #700,An owner-controlled on-chain pixel agent with an immutable Public identity and one optional Outlaw transformation.,700.png,,human oracle,androgynous,elder,slicked-back hair,cheek markings,heterochromia,smirking,scarf,Common
701,Loxley #701,An owner-controlled on-chain pixel agent with an immutable Public identity and one optional Outlaw transformation.,701.png,,human ranger,feminine,adult,dreadlocks,sideburns,winking,neutral,high collar,Common
702,Loxley #702,An owner-controlled on-chain pixel agent with an immutable Public identity and one optional Outlaw transformation.,702.png,,human hacker,masculine,elder,curly hair,nose ring,sunglasses,surprised,hood up,Common
703,Loxley #703,An owner-controlled on-chain pixel agent with an immutable Public identity and one optional Outlaw transformation.,703.png,,human phantom,androgynous,elder,short hair,chin strap beard,monocle,surprised,earring,Common
704,Loxley #704,An owner-controlled on-chain pixel agent with an immutable Public identity and one optional Outlaw transformation.,704.png,,human hacker,androgynous,young,curly hair,nose ring,narrow eyes,calm,high collar,Common
705,Loxley #705,An owner-controlled on-chain pixel agent with an immutable Public identity and one optional Outlaw transformation.,705.png,,secret agent,masculine,adult,bald,full beard,heterochromia,neutral,headband,Rare
706,Loxley #706,An owner-controlled on-chain pixel agent with an immutable Public identity and one optional Outlaw transformation.,706.png,,human hacker,androgynous,young,shaved sides,sideburns,big round eyes,smirking,cap,Common
707,Loxley #707,An owner-controlled on-chain pixel agent with an immutable Public identity and one optional Outlaw transformation.,707.png,,human rogue,androgynous,adult,bangs,clean-shaven,glowing cyber eye,calm,small horns,Common
708,Loxley #708,An owner-controlled on-chain pixel agent with an immutable Public identity and one optional Outlaw transformation.,708.png,,human ranger,masculine,adult,pigtails,full beard,normal eyes,calm,laurel wreath,Common
709,Loxley #709,An owner-controlled on-chain pixel agent with an immutable Public identity and one optional Outlaw transformation.,709.png,,portrait dog,masculine,young,top-knot,sideburns,winking,surprised,earring,Rare
710,Loxley #710,An owner-controlled on-chain pixel agent with an immutable Public identity and one optional Outlaw transformation.,710.png,,alien,feminine,adult,buzzcut,scarred cheek,closed eyes,serious,glowing halo,Rare
711,Loxley #711,An owner-controlled on-chain pixel agent with an immutable Public identity and one optional Outlaw transformation.,711.png,,human rogue,masculine,young,dreadlocks,mustache,wide eyes,scowling,cigarette,Common
712,Loxley #712,An owner-controlled on-chain pixel agent with an immutable Public identity and one optional Outlaw transformation.,712.png,,human rogue,feminine,adult,hooded head,full beard,narrow eyes,surprised,beanie,Common
713,Loxley #713,An owner-controlled on-chain pixel agent with an immutable Public identity and one optional Outlaw transformation.,713.png,,human ranger,feminine,adult,dreadlocks,sideburns,sunglasses,scowling,antenna,Common
714,Loxley #714,An owner-controlled on-chain pixel agent with an immutable Public identity and one optional Outlaw transformation.,714.png,,portrait cat,androgynous,elder,undercut,nose ring,monocle,smiling,bandana,Rare
715,Loxley #715,An owner-controlled on-chain pixel agent with an immutable Public identity and one optional Outlaw transformation.,715.png,,portrait cat,androgynous,young,undercut,cheek markings,cyber visor,scowling,headphones,Rare
716,Loxley #716,An owner-controlled on-chain pixel agent with an immutable Public identity and one optional Outlaw transformation.,716.png,,human phantom,feminine,young,long hair,beauty mark,closed eyes,frowning,cap,Common
717,Loxley #717,An owner-controlled on-chain pixel agent with an immutable Public identity and one optional Outlaw transformation.,717.png,,human scout,feminine,young,cornrows,freckles,square glasses,surprised,high collar,Common
718,Loxley #718,An owner-controlled on-chain pixel agent with an immutable Public identity and one optional Outlaw transformation.,718.png,,human rogue,androgynous,adult,top-knot,nose ring,glowing eyes,grinning,headband,Common
719,Loxley #719,An owner-controlled on-chain pixel agent with an immutable Public identity and one optional Outlaw transformation.,719.png,,human oracle,androgynous,elder,messy hair,eye scar,heterochromia,smiling,cigarette,Common
720,Loxley #720,An owner-controlled on-chain pixel agent with an immutable Public identity and one optional Outlaw transformation.,720.png,,human oracle,masculine,young,short hair,eye scar,tired eyes,calm,crown,Common
721,Loxley #721,An owner-controlled on-chain pixel agent with an immutable Public identity and one optional Outlaw transformation.,721.png,,human ranger,androgynous,elder,bald,cheek markings,wide eyes,calm,headphones,Common
722,Loxley #722,An owner-controlled on-chain pixel agent with an immutable Public identity and one optional Outlaw transformation.,722.png,,human oracle,masculine,elder,bangs,stubble,glowing cyber eye,serious,flower behind ear,Common
723,Loxley #723,An owner-controlled on-chain pixel agent with an immutable Public identity and one optional Outlaw transformation.,723.png,,human ranger,feminine,elder,bowl cut,soul patch,glowing cyber eye,neutral,helmet,Common
724,Loxley #724,An owner-controlled on-chain pixel agent with an immutable Public identity and one optional Outlaw transformation.,724.png,,portrait cat,masculine,elder,top-knot,dimples,round glasses,smirking,antenna,Rare
725,Loxley #725,An owner-controlled on-chain pixel agent with an immutable Public identity and one optional Outlaw transformation.,725.png,,human rogue,androgynous,adult,top-knot,sideburns,wide eyes,calm,hood up,Common
726,Loxley #726,An owner-controlled on-chain pixel agent with an immutable Public identity and one optional Outlaw transformation.,726.png,,human phantom,feminine,young,bowl cut,clean-shaven,round glasses,frowning,neck chain,Common
727,Loxley #727,An owner-controlled on-chain pixel agent with an immutable Public identity and one optional Outlaw transformation.,727.png,,portrait dog,androgynous,elder,ponytail,sideburns,heterochromia,scowling,earring,Rare
728,Loxley #728,An owner-controlled on-chain pixel agent with an immutable Public identity and one optional Outlaw transformation.,728.png,,human scout,masculine,adult,afro hair,cybernetic jaw,square glasses,smiling,crown,Common
729,Loxley #729,An owner-controlled on-chain pixel agent with an immutable Public identity and one optional Outlaw transformation.,729.png,,human rogue,feminine,adult,top-knot,wrinkles,sunglasses,scowling,crown,Common
730,Loxley #730,An owner-controlled on-chain pixel agent with an immutable Public identity and one optional Outlaw transformation.,730.png,,human ranger,masculine,adult,bald,soul patch,closed eyes,frowning,cap,Common
731,Loxley #731,An owner-controlled on-chain pixel agent with an immutable Public identity and one optional Outlaw transformation.,731.png,,secret agent,feminine,elder,bowl cut,stubble,eyepatch,smirking,crown,Rare
732,Loxley #732,An owner-controlled on-chain pixel agent with an immutable Public identity and one optional Outlaw transformation.,732.png,,alien,masculine,young,curly hair,scarred cheek,normal eyes,scowling,scarf,Rare
733,Loxley #733,An owner-controlled on-chain pixel agent with an immutable Public identity and one optional Outlaw transformation.,733.png,,human hacker,androgynous,elder,curly hair,sideburns,monocle,serious,face mask,Common
734,Loxley #734,An owner-controlled on-chain pixel agent with an immutable Public identity and one optional Outlaw transformation.,734.png,,portrait cat,feminine,elder,mohawk,mustache,narrow eyes,neutral,glowing halo,Rare
735,Loxley #735,An owner-controlled on-chain pixel agent with an immutable Public identity and one optional Outlaw transformation.,735.png,,human phantom,masculine,young,afro hair,eye scar,eyepatch,surprised,flower behind ear,Common
736,Loxley #736,An owner-controlled on-chain pixel agent with an immutable Public identity and one optional Outlaw transformation.,736.png,,human phantom,masculine,elder,receding hairline,wrinkles,normal eyes,calm,headphones,Common
737,Loxley #737,An owner-controlled on-chain pixel agent with an immutable Public identity and one optional Outlaw transformation.,737.png,,portrait dog,masculine,adult,spiky hair,cybernetic jaw,cyber visor,calm,cap,Rare
738,Loxley #738,An owner-controlled on-chain pixel agent with an immutable Public identity and one optional Outlaw transformation.,738.png,,human rogue,feminine,elder,messy hair,face tattoo,wide eyes,frowning,headphones,Common
739,Loxley #739,An owner-controlled on-chain pixel agent with an immutable Public identity and one optional Outlaw transformation.,739.png,,human scout,masculine,young,curly hair,wrinkles,heterochromia,frowning,glowing halo,Common
740,Loxley #740,An owner-controlled on-chain pixel agent with an immutable Public identity and one optional Outlaw transformation.,740.png,,human scout,androgynous,elder,slicked-back hair,scarred cheek,tired eyes,frowning,crown,Common
741,Loxley #741,An owner-controlled on-chain pixel agent with an immutable Public identity and one optional Outlaw transformation.,741.png,,human oracle,feminine,adult,buzzcut,stubble,square glasses,serious,antenna,Common
742,Loxley #742,An owner-controlled on-chain pixel agent with an immutable Public identity and one optional Outlaw transformation.,742.png,,human scout,feminine,adult,spiky hair,cheek markings,normal eyes,serious,small horns,Common
743,Loxley #743,An owner-controlled on-chain pixel agent with an immutable Public identity and one optional Outlaw transformation.,743.png,,human ranger,feminine,elder,dreadlocks,eye scar,closed eyes,neutral,glowing halo,Common
744,Loxley #744,An owner-controlled on-chain pixel agent with an immutable Public identity and one optional Outlaw transformation.,744.png,,human phantom,feminine,young,afro hair,scarred cheek,round glasses,calm,laurel wreath,Common
745,Loxley #745,An owner-controlled on-chain pixel agent with an immutable Public identity and one optional Outlaw transformation.,745.png,,portrait cat,feminine,elder,shaved sides,scarred cheek,sunglasses,smirking,neck chain,Rare
746,Loxley #746,An owner-controlled on-chain pixel agent with an immutable Public identity and one optional Outlaw transformation.,746.png,,portrait cat,androgynous,elder,bowl cut,clean-shaven,eyepatch,smirking,headphones,Rare
747,Loxley #747,An owner-controlled on-chain pixel agent with an immutable Public identity and one optional Outlaw transformation.,747.png,,human phantom,feminine,adult,bangs,beauty mark,cyber visor,scowling,helmet,Common
748,Loxley #748,An owner-controlled on-chain pixel agent with an immutable Public identity and one optional Outlaw transformation.,748.png,,secret agent,androgynous,adult,buzzcut,beauty mark,monocle,neutral,cigarette,Rare
749,Loxley #749,An owner-controlled on-chain pixel agent with an immutable Public identity and one optional Outlaw transformation.,749.png,,secret agent,androgynous,elder,buzzcut,stubble,tired eyes,surprised,helmet,Rare
750,Loxley #750,An owner-controlled on-chain pixel agent with an immutable Public identity and one optional Outlaw transformation.,750.png,,human scout,feminine,elder,long hair,nose ring,cyber visor,neutral,nothing on head,Common
751,Loxley #751,An owner-controlled on-chain pixel agent with an immutable Public identity and one optional Outlaw transformation.,751.png,,human phantom,masculine,elder,slicked-back hair,mustache,tired eyes,smirking,flower behind ear,Common
752,Loxley #752,An owner-controlled on-chain pixel agent with an immutable Public identity and one optional Outlaw transformation.,752.png,,secret agent,androgynous,elder,man-bun,chin strap beard,closed eyes,neutral,neck chain,Rare
753,Loxley #753,An owner-controlled on-chain pixel agent with an immutable Public identity and one optional Outlaw transformation.,753.png,,secret agent,feminine,young,bangs,cybernetic jaw,big round eyes,calm,helmet,Rare
754,Loxley #754,An owner-controlled on-chain pixel agent with an immutable Public identity and one optional Outlaw transformation.,754.png,,secret agent,feminine,elder,bowl cut,clean-shaven,narrow eyes,calm,high collar,Rare
755,Loxley #755,An owner-controlled on-chain pixel agent with an immutable Public identity and one optional Outlaw transformation.,755.png,,human phantom,androgynous,adult,long hair,face tattoo,normal eyes,frowning,hood up,Common
756,Loxley #756,An owner-controlled on-chain pixel agent with an immutable Public identity and one optional Outlaw transformation.,756.png,,alien,androgynous,elder,wavy hair,stubble,narrow eyes,neutral,glowing halo,Rare
757,Loxley #757,An owner-controlled on-chain pixel agent with an immutable Public identity and one optional Outlaw transformation.,757.png,,human rogue,feminine,adult,top-knot,cheek markings,square glasses,neutral,helmet,Common
758,Loxley #758,An owner-controlled on-chain pixel agent with an immutable Public identity and one optional Outlaw transformation.,758.png,,human ranger,masculine,young,top-knot,mustache,cyber visor,neutral,headband,Common
759,Loxley #759,An owner-controlled on-chain pixel agent with an immutable Public identity and one optional Outlaw transformation.,759.png,,human scout,androgynous,adult,undercut,mustache,eyepatch,smirking,bandana,Common
760,Loxley #760,An owner-controlled on-chain pixel agent with an immutable Public identity and one optional Outlaw transformation.,760.png,,human oracle,masculine,adult,bangs,nose ring,wide eyes,surprised,crown,Common
761,Loxley #761,An owner-controlled on-chain pixel agent with an immutable Public identity and one optional Outlaw transformation.,761.png,,portrait cat,masculine,elder,afro hair,sideburns,big round eyes,frowning,neck chain,Rare
762,Loxley #762,An owner-controlled on-chain pixel agent with an immutable Public identity and one optional Outlaw transformation.,762.png,,human rogue,masculine,elder,slicked-back hair,cheek markings,normal eyes,scowling,headband,Common
763,Loxley #763,An owner-controlled on-chain pixel agent with an immutable Public identity and one optional Outlaw transformation.,763.png,,human ranger,androgynous,elder,receding hairline,freckles,eyepatch,neutral,cap,Common
764,Loxley #764,An owner-controlled on-chain pixel agent with an immutable Public identity and one optional Outlaw transformation.,764.png,,human ranger,feminine,adult,receding hairline,eye scar,big round eyes,smiling,cap,Common
765,Loxley #765,An owner-controlled on-chain pixel agent with an immutable Public identity and one optional Outlaw transformation.,765.png,,human rogue,feminine,young,bangs,full beard,winking,calm,small horns,Common
766,Loxley #766,An owner-controlled on-chain pixel agent with an immutable Public identity and one optional Outlaw transformation.,766.png,,portrait cat,androgynous,young,shaved sides,freckles,normal eyes,smiling,nothing on head,Rare
767,Loxley #767,An owner-controlled on-chain pixel agent with an immutable Public identity and one optional Outlaw transformation.,767.png,,secret agent,masculine,adult,curly hair,full beard,winking,smiling,headband,Rare
768,Loxley #768,An owner-controlled on-chain pixel agent with an immutable Public identity and one optional Outlaw transformation.,768.png,,human scout,masculine,adult,receding hairline,face tattoo,tired eyes,grinning,helmet,Common
769,Loxley #769,An owner-controlled on-chain pixel agent with an immutable Public identity and one optional Outlaw transformation.,769.png,,alien,feminine,adult,short hair,scarred cheek,eyepatch,surprised,beanie,Rare
770,Loxley #770,An owner-controlled on-chain pixel agent with an immutable Public identity and one optional Outlaw transformation.,770.png,,human scout,masculine,adult,dreadlocks,soul patch,round glasses,scowling,bandana,Common
771,Loxley #771,An owner-controlled on-chain pixel agent with an immutable Public identity and one optional Outlaw transformation.,771.png,,human rogue,masculine,adult,pigtails,stubble,sharp piercing eyes,neutral,laurel wreath,Common
772,Loxley #772,An owner-controlled on-chain pixel agent with an immutable Public identity and one optional Outlaw transformation.,772.png,,human scout,feminine,adult,shaved sides,goatee,closed eyes,scowling,nothing on head,Common
773,Loxley #773,An owner-controlled on-chain pixel agent with an immutable Public identity and one optional Outlaw transformation.,773.png,,human ranger,masculine,young,receding hairline,dimples,eyepatch,calm,neck chain,Common
774,Loxley #774,An owner-controlled on-chain pixel agent with an immutable Public identity and one optional Outlaw transformation.,774.png,,portrait cat,masculine,elder,mohawk,sideburns,narrow eyes,scowling,bandana,Rare
775,Loxley #775,An owner-controlled on-chain pixel agent with an immutable Public identity and one optional Outlaw transformation.,775.png,,human phantom,feminine,young,bald,scarred cheek,glowing cyber eye,smirking,hood up,Common
776,Loxley #776,An owner-controlled on-chain pixel agent with an immutable Public identity and one optional Outlaw transformation.,776.png,,human rogue,feminine,adult,bowl cut,goatee,wide eyes,neutral,hood up,Common
777,Loxley #777,An owner-controlled on-chain pixel agent with an immutable Public identity and one optional Outlaw transformation.,777.png,,human scout,masculine,young,top-knot,cybernetic jaw,big round eyes,calm,flower behind ear,Common
778,Loxley #778,An owner-controlled on-chain pixel agent with an immutable Public identity and one optional Outlaw transformation.,778.png,,human scout,feminine,elder,messy hair,eye scar,glowing cyber eye,smirking,face mask,Common
779,Loxley #779,An owner-controlled on-chain pixel agent with an immutable Public identity and one optional Outlaw transformation.,779.png,,human phantom,androgynous,adult,wavy hair,cheek markings,narrow eyes,frowning,earring,Common
780,Loxley #780,An owner-controlled on-chain pixel agent with an immutable Public identity and one optional Outlaw transformation.,780.png,,human rogue,feminine,adult,buzzcut,mustache,monocle,smiling,cigarette,Common
781,Loxley #781,An owner-controlled on-chain pixel agent with an immutable Public identity and one optional Outlaw transformation.,781.png,,human phantom,masculine,young,man-bun,face tattoo,wide eyes,grinning,hood up,Common
782,Loxley #782,An owner-controlled on-chain pixel agent with an immutable Public identity and one optional Outlaw transformation.,782.png,,human scout,androgynous,adult,hooded head,scarred cheek,glowing eyes,surprised,cigarette,Common
783,Loxley #783,An owner-controlled on-chain pixel agent with an immutable Public identity and one optional Outlaw transformation.,783.png,,human ranger,masculine,young,short hair,cheek markings,sharp piercing eyes,smiling,scarf,Common
784,Loxley #784,An owner-controlled on-chain pixel agent with an immutable Public identity and one optional Outlaw transformation.,784.png,,human scout,masculine,elder,spiky hair,stubble,heterochromia,calm,scarf,Common
785,Loxley #785,An owner-controlled on-chain pixel agent with an immutable Public identity and one optional Outlaw transformation.,785.png,,human oracle,androgynous,young,pigtails,sideburns,glowing eyes,grinning,hood up,Common
786,Loxley #786,An owner-controlled on-chain pixel agent with an immutable Public identity and one optional Outlaw transformation.,786.png,,human hacker,masculine,adult,messy hair,war paint,normal eyes,calm,cigarette,Common
787,Loxley #787,An owner-controlled on-chain pixel agent with an immutable Public identity and one optional Outlaw transformation.,787.png,,human scout,feminine,elder,afro hair,cheek markings,monocle,neutral,bandana,Common
788,Loxley #788,An owner-controlled on-chain pixel agent with an immutable Public identity and one optional Outlaw transformation.,788.png,,portrait cat,androgynous,elder,spiky hair,wrinkles,heterochromia,grinning,laurel wreath,Rare
789,Loxley #789,An owner-controlled on-chain pixel agent with an immutable Public identity and one optional Outlaw transformation.,789.png,,human hacker,masculine,young,bowl cut,cheek markings,glowing cyber eye,surprised,antenna,Common
790,Loxley #790,An owner-controlled on-chain pixel agent with an immutable Public identity and one optional Outlaw transformation.,790.png,,human hacker,androgynous,young,undercut,goatee,tired eyes,frowning,laurel wreath,Common
791,Loxley #791,An owner-controlled on-chain pixel agent with an immutable Public identity and one optional Outlaw transformation.,791.png,,human oracle,feminine,elder,cornrows,beauty mark,winking,calm,high collar,Common
792,Loxley #792,An owner-controlled on-chain pixel agent with an immutable Public identity and one optional Outlaw transformation.,792.png,,alien,androgynous,adult,top-knot,mustache,sharp piercing eyes,calm,face mask,Rare
793,Loxley #793,An owner-controlled on-chain pixel agent with an immutable Public identity and one optional Outlaw transformation.,793.png,,human oracle,masculine,young,bangs,soul patch,closed eyes,grinning,face mask,Common
794,Loxley #794,An owner-controlled on-chain pixel agent with an immutable Public identity and one optional Outlaw transformation.,794.png,,human oracle,masculine,adult,bald,full beard,wide eyes,scowling,glowing halo,Common
795,Loxley #795,An owner-controlled on-chain pixel agent with an immutable Public identity and one optional Outlaw transformation.,795.png,,human oracle,masculine,elder,short hair,goatee,narrow eyes,smiling,headband,Common
796,Loxley #796,An owner-controlled on-chain pixel agent with an immutable Public identity and one optional Outlaw transformation.,796.png,,human scout,androgynous,elder,shaved sides,goatee,glowing eyes,frowning,glowing halo,Common
797,Loxley #797,An owner-controlled on-chain pixel agent with an immutable Public identity and one optional Outlaw transformation.,797.png,,human hacker,masculine,elder,afro hair,freckles,monocle,surprised,hood up,Common
798,Loxley #798,An owner-controlled on-chain pixel agent with an immutable Public identity and one optional Outlaw transformation.,798.png,,portrait dog,feminine,adult,long hair,wrinkles,eyepatch,smiling,neck chain,Rare
799,Loxley #799,An owner-controlled on-chain pixel agent with an immutable Public identity and one optional Outlaw transformation.,799.png,,human scout,androgynous,adult,mohawk,clean-shaven,wide eyes,surprised,crown,Common
800,Loxley #800,An owner-controlled on-chain pixel agent with an immutable Public identity and one optional Outlaw transformation.,800.png,,human ranger,masculine,adult,short hair,cybernetic jaw,wide eyes,scowling,face mask,Common
801,Loxley #801,An owner-controlled on-chain pixel agent with an immutable Public identity and one optional Outlaw transformation.,801.png,,portrait dog,masculine,adult,buzzcut,mustache,sharp piercing eyes,neutral,glowing halo,Rare
802,Loxley #802,An owner-controlled on-chain pixel agent with an immutable Public identity and one optional Outlaw transformation.,802.png,,human oracle,androgynous,young,mohawk,sideburns,narrow eyes,grinning,small horns,Common
803,Loxley #803,An owner-controlled on-chain pixel agent with an immutable Public identity and one optional Outlaw transformation.,803.png,,human phantom,androgynous,young,curly hair,full beard,sharp piercing eyes,smirking,scarf,Common
804,Loxley #804,An owner-controlled on-chain pixel agent with an immutable Public identity and one optional Outlaw transformation.,804.png,,alien,masculine,young,afro hair,sideburns,narrow eyes,surprised,cigarette,Rare
805,Loxley #805,An owner-controlled on-chain pixel agent with an immutable Public identity and one optional Outlaw transformation.,805.png,,secret agent,feminine,elder,spiky hair,cybernetic jaw,wide eyes,frowning,antenna,Rare
806,Loxley #806,An owner-controlled on-chain pixel agent with an immutable Public identity and one optional Outlaw transformation.,806.png,,portrait cat,androgynous,elder,man-bun,scarred cheek,eyepatch,scowling,glowing halo,Rare
807,Loxley #807,An owner-controlled on-chain pixel agent with an immutable Public identity and one optional Outlaw transformation.,807.png,,portrait dog,feminine,young,bald,stubble,sharp piercing eyes,smiling,bandana,Rare
808,Loxley #808,An owner-controlled on-chain pixel agent with an immutable Public identity and one optional Outlaw transformation.,808.png,,human rogue,masculine,young,slicked-back hair,clean-shaven,heterochromia,frowning,earring,Common
809,Loxley #809,An owner-controlled on-chain pixel agent with an immutable Public identity and one optional Outlaw transformation.,809.png,,human phantom,androgynous,young,undercut,scarred cheek,glowing cyber eye,neutral,crown,Common
810,Loxley #810,An owner-controlled on-chain pixel agent with an immutable Public identity and one optional Outlaw transformation.,810.png,,human ranger,masculine,young,undercut,scarred cheek,square glasses,serious,earring,Common
811,Loxley #811,An owner-controlled on-chain pixel agent with an immutable Public identity and one optional Outlaw transformation.,811.png,,human hacker,androgynous,young,bald,eye scar,wide eyes,smirking,high collar,Common
812,Loxley #812,An owner-controlled on-chain pixel agent with an immutable Public identity and one optional Outlaw transformation.,812.png,,portrait cat,masculine,young,buzzcut,cheek markings,sharp piercing eyes,neutral,cigarette,Rare
813,Loxley #813,An owner-controlled on-chain pixel agent with an immutable Public identity and one optional Outlaw transformation.,813.png,,alien,masculine,elder,undercut,sideburns,wide eyes,neutral,crown,Rare
814,Loxley #814,An owner-controlled on-chain pixel agent with an immutable Public identity and one optional Outlaw transformation.,814.png,,human scout,masculine,young,ponytail,scarred cheek,big round eyes,frowning,flower behind ear,Common
815,Loxley #815,An owner-controlled on-chain pixel agent with an immutable Public identity and one optional Outlaw transformation.,815.png,,human oracle,feminine,adult,man-bun,dimples,cyber visor,frowning,face mask,Common
816,Loxley #816,An owner-controlled on-chain pixel agent with an immutable Public identity and one optional Outlaw transformation.,816.png,,portrait cat,masculine,young,curly hair,chin strap beard,winking,surprised,glowing halo,Rare
817,Loxley #817,An owner-controlled on-chain pixel agent with an immutable Public identity and one optional Outlaw transformation.,817.png,,secret agent,androgynous,elder,top-knot,full beard,narrow eyes,neutral,flower behind ear,Rare
818,Loxley #818,An owner-controlled on-chain pixel agent with an immutable Public identity and one optional Outlaw transformation.,818.png,,portrait dog,masculine,elder,curly hair,nose ring,sharp piercing eyes,grinning,nothing on head,Rare
819,Loxley #819,An owner-controlled on-chain pixel agent with an immutable Public identity and one optional Outlaw transformation.,819.png,,human phantom,androgynous,young,short hair,clean-shaven,closed eyes,smiling,headband,Common
820,Loxley #820,An owner-controlled on-chain pixel agent with an immutable Public identity and one optional Outlaw transformation.,820.png,,human oracle,androgynous,elder,receding hairline,scarred cheek,glowing eyes,surprised,nothing on head,Common
821,Loxley #821,An owner-controlled on-chain pixel agent with an immutable Public identity and one optional Outlaw transformation.,821.png,,human scout,masculine,elder,cornrows,cheek markings,cyber visor,scowling,laurel wreath,Common
822,Loxley #822,An owner-controlled on-chain pixel agent with an immutable Public identity and one optional Outlaw transformation.,822.png,,human oracle,androgynous,young,undercut,face tattoo,cyber visor,surprised,headband,Common
823,Loxley #823,An owner-controlled on-chain pixel agent with an immutable Public identity and one optional Outlaw transformation.,823.png,,human hacker,masculine,elder,bald,war paint,wide eyes,smirking,scarf,Common
824,Loxley #824,An owner-controlled on-chain pixel agent with an immutable Public identity and one optional Outlaw transformation.,824.png,,human phantom,feminine,adult,pigtails,full beard,closed eyes,smiling,headband,Common
825,Loxley #825,An owner-controlled on-chain pixel agent with an immutable Public identity and one optional Outlaw transformation.,825.png,,human hacker,feminine,adult,buzzcut,freckles,normal eyes,smiling,headphones,Common
826,Loxley #826,An owner-controlled on-chain pixel agent with an immutable Public identity and one optional Outlaw transformation.,826.png,,human ranger,masculine,adult,slicked-back hair,cheek markings,narrow eyes,frowning,cap,Common
827,Loxley #827,An owner-controlled on-chain pixel agent with an immutable Public identity and one optional Outlaw transformation.,827.png,,portrait dog,androgynous,elder,messy hair,freckles,tired eyes,grinning,neck chain,Rare
828,Loxley #828,An owner-controlled on-chain pixel agent with an immutable Public identity and one optional Outlaw transformation.,828.png,,secret agent,androgynous,young,long hair,cybernetic jaw,glowing cyber eye,neutral,nothing on head,Rare
829,Loxley #829,An owner-controlled on-chain pixel agent with an immutable Public identity and one optional Outlaw transformation.,829.png,,human scout,androgynous,young,spiky hair,sideburns,square glasses,calm,neck chain,Common
830,Loxley #830,An owner-controlled on-chain pixel agent with an immutable Public identity and one optional Outlaw transformation.,830.png,,human rogue,masculine,young,ponytail,cybernetic jaw,square glasses,calm,headband,Common
831,Loxley #831,An owner-controlled on-chain pixel agent with an immutable Public identity and one optional Outlaw transformation.,831.png,,secret agent,masculine,elder,curly hair,clean-shaven,round glasses,neutral,laurel wreath,Rare
832,Loxley #832,An owner-controlled on-chain pixel agent with an immutable Public identity and one optional Outlaw transformation.,832.png,,human scout,androgynous,young,bangs,scarred cheek,heterochromia,frowning,cigarette,Common
833,Loxley #833,An owner-controlled on-chain pixel agent with an immutable Public identity and one optional Outlaw transformation.,833.png,,human hacker,feminine,elder,bald,war paint,winking,frowning,flower behind ear,Common
834,Loxley #834,An owner-controlled on-chain pixel agent with an immutable Public identity and one optional Outlaw transformation.,834.png,,portrait cat,androgynous,elder,curly hair,eye scar,wide eyes,frowning,cigarette,Rare
835,Loxley #835,An owner-controlled on-chain pixel agent with an immutable Public identity and one optional Outlaw transformation.,835.png,,human phantom,feminine,young,receding hairline,cybernetic jaw,round glasses,calm,scarf,Common
836,Loxley #836,An owner-controlled on-chain pixel agent with an immutable Public identity and one optional Outlaw transformation.,836.png,,human hacker,androgynous,elder,undercut,sideburns,glowing cyber eye,neutral,laurel wreath,Common
837,Loxley #837,An owner-controlled on-chain pixel agent with an immutable Public identity and one optional Outlaw transformation.,837.png,,human scout,feminine,elder,ponytail,soul patch,square glasses,scowling,neck chain,Common
838,Loxley #838,An owner-controlled on-chain pixel agent with an immutable Public identity and one optional Outlaw transformation.,838.png,,human hacker,feminine,young,curly hair,stubble,big round eyes,frowning,flower behind ear,Common
839,Loxley #839,An owner-controlled on-chain pixel agent with an immutable Public identity and one optional Outlaw transformation.,839.png,,human oracle,feminine,elder,buzzcut,face tattoo,sharp piercing eyes,scowling,bandana,Common
840,Loxley #840,An owner-controlled on-chain pixel agent with an immutable Public identity and one optional Outlaw transformation.,840.png,,secret agent,feminine,adult,wavy hair,full beard,closed eyes,serious,crown,Rare
841,Loxley #841,An owner-controlled on-chain pixel agent with an immutable Public identity and one optional Outlaw transformation.,841.png,,portrait dog,masculine,young,pigtails,war paint,winking,grinning,earring,Rare
842,Loxley #842,An owner-controlled on-chain pixel agent with an immutable Public identity and one optional Outlaw transformation.,842.png,,human hacker,masculine,young,bowl cut,chin strap beard,eyepatch,surprised,glowing halo,Common
843,Loxley #843,An owner-controlled on-chain pixel agent with an immutable Public identity and one optional Outlaw transformation.,843.png,,human rogue,masculine,adult,mohawk,dimples,glowing eyes,smiling,glowing halo,Common
844,Loxley #844,An owner-controlled on-chain pixel agent with an immutable Public identity and one optional Outlaw transformation.,844.png,,human phantom,feminine,adult,mohawk,full beard,normal eyes,neutral,neck chain,Common
845,Loxley #845,An owner-controlled on-chain pixel agent with an immutable Public identity and one optional Outlaw transformation.,845.png,,human hacker,feminine,adult,long hair,stubble,closed eyes,calm,earring,Common
846,Loxley #846,An owner-controlled on-chain pixel agent with an immutable Public identity and one optional Outlaw transformation.,846.png,,human phantom,masculine,adult,bangs,freckles,sharp piercing eyes,serious,cigarette,Common
847,Loxley #847,An owner-controlled on-chain pixel agent with an immutable Public identity and one optional Outlaw transformation.,847.png,,human ranger,feminine,young,buzzcut,beauty mark,cyber visor,neutral,earring,Common
848,Loxley #848,An owner-controlled on-chain pixel agent with an immutable Public identity and one optional Outlaw transformation.,848.png,,portrait cat,androgynous,young,curly hair,clean-shaven,sharp piercing eyes,neutral,beanie,Rare
849,Loxley #849,An owner-controlled on-chain pixel agent with an immutable Public identity and one optional Outlaw transformation.,849.png,,human phantom,feminine,adult,bangs,cybernetic jaw,sunglasses,scowling,hood up,Common
850,Loxley #850,An owner-controlled on-chain pixel agent with an immutable Public identity and one optional Outlaw transformation.,850.png,,portrait dog,masculine,young,messy hair,full beard,sunglasses,smirking,headphones,Rare
851,Loxley #851,An owner-controlled on-chain pixel agent with an immutable Public identity and one optional Outlaw transformation.,851.png,,human rogue,androgynous,young,curly hair,cybernetic jaw,round glasses,smirking,neck chain,Common
852,Loxley #852,An owner-controlled on-chain pixel agent with an immutable Public identity and one optional Outlaw transformation.,852.png,,human rogue,feminine,adult,man-bun,eye scar,cyber visor,grinning,beanie,Common
853,Loxley #853,An owner-controlled on-chain pixel agent with an immutable Public identity and one optional Outlaw transformation.,853.png,,human scout,masculine,elder,undercut,face tattoo,sunglasses,calm,glowing halo,Common
854,Loxley #854,An owner-controlled on-chain pixel agent with an immutable Public identity and one optional Outlaw transformation.,854.png,,human oracle,masculine,elder,curly hair,scarred cheek,glowing eyes,smiling,cigarette,Common
855,Loxley #855,An owner-controlled on-chain pixel agent with an immutable Public identity and one optional Outlaw transformation.,855.png,,portrait cat,androgynous,adult,long hair,chin strap beard,big round eyes,neutral,small horns,Rare
856,Loxley #856,An owner-controlled on-chain pixel agent with an immutable Public identity and one optional Outlaw transformation.,856.png,,human oracle,masculine,adult,curly hair,clean-shaven,sunglasses,grinning,headphones,Common
857,Loxley #857,An owner-controlled on-chain pixel agent with an immutable Public identity and one optional Outlaw transformation.,857.png,,human oracle,masculine,adult,messy hair,scarred cheek,round glasses,frowning,earring,Common
858,Loxley #858,An owner-controlled on-chain pixel agent with an immutable Public identity and one optional Outlaw transformation.,858.png,,alien,feminine,young,wavy hair,stubble,eyepatch,smirking,nothing on head,Rare
859,Loxley #859,An owner-controlled on-chain pixel agent with an immutable Public identity and one optional Outlaw transformation.,859.png,,human phantom,androgynous,young,dreadlocks,stubble,cyber visor,surprised,glowing halo,Common
860,Loxley #860,An owner-controlled on-chain pixel agent with an immutable Public identity and one optional Outlaw transformation.,860.png,,portrait dog,feminine,elder,afro hair,beauty mark,cyber visor,serious,face mask,Rare
861,Loxley #861,An owner-controlled on-chain pixel agent with an immutable Public identity and one optional Outlaw transformation.,861.png,,human rogue,masculine,elder,receding hairline,war paint,cyber visor,neutral,earring,Common
862,Loxley #862,An owner-controlled on-chain pixel agent with an immutable Public identity and one optional Outlaw transformation.,862.png,,human scout,androgynous,elder,long hair,dimples,winking,smiling,beanie,Common
863,Loxley #863,An owner-controlled on-chain pixel agent with an immutable Public identity and one optional Outlaw transformation.,863.png,,secret agent,masculine,elder,pigtails,goatee,heterochromia,grinning,flower behind ear,Rare
864,Loxley #864,An owner-controlled on-chain pixel agent with an immutable Public identity and one optional Outlaw transformation.,864.png,,human hacker,feminine,young,afro hair,soul patch,glowing eyes,serious,laurel wreath,Common
865,Loxley #865,An owner-controlled on-chain pixel agent with an immutable Public identity and one optional Outlaw transformation.,865.png,,human scout,androgynous,elder,short hair,nose ring,eyepatch,frowning,face mask,Common
866,Loxley #866,An owner-controlled on-chain pixel agent with an immutable Public identity and one optional Outlaw transformation.,866.png,,human ranger,androgynous,adult,bald,cybernetic jaw,winking,frowning,face mask,Common
867,Loxley #867,An owner-controlled on-chain pixel agent with an immutable Public identity and one optional Outlaw transformation.,867.png,,secret agent,androgynous,young,bowl cut,full beard,heterochromia,smirking,crown,Rare
868,Loxley #868,An owner-controlled on-chain pixel agent with an immutable Public identity and one optional Outlaw transformation.,868.png,,human hacker,masculine,young,top-knot,beauty mark,glowing eyes,scowling,nothing on head,Common
869,Loxley #869,An owner-controlled on-chain pixel agent with an immutable Public identity and one optional Outlaw transformation.,869.png,,portrait dog,feminine,adult,curly hair,full beard,winking,grinning,cigarette,Rare
870,Loxley #870,An owner-controlled on-chain pixel agent with an immutable Public identity and one optional Outlaw transformation.,870.png,,human ranger,androgynous,young,shaved sides,war paint,square glasses,smirking,hood up,Common
871,Loxley #871,An owner-controlled on-chain pixel agent with an immutable Public identity and one optional Outlaw transformation.,871.png,,human oracle,androgynous,elder,wavy hair,cheek markings,glowing eyes,grinning,cap,Common
872,Loxley #872,An owner-controlled on-chain pixel agent with an immutable Public identity and one optional Outlaw transformation.,872.png,,human oracle,androgynous,elder,bowl cut,sideburns,sunglasses,grinning,nothing on head,Common
873,Loxley #873,An owner-controlled on-chain pixel agent with an immutable Public identity and one optional Outlaw transformation.,873.png,,human hacker,androgynous,elder,curly hair,face tattoo,glowing cyber eye,smiling,face mask,Common
874,Loxley #874,An owner-controlled on-chain pixel agent with an immutable Public identity and one optional Outlaw transformation.,874.png,,human ranger,feminine,young,slicked-back hair,mustache,monocle,smiling,beanie,Common
875,Loxley #875,An owner-controlled on-chain pixel agent with an immutable Public identity and one optional Outlaw transformation.,875.png,,human rogue,feminine,young,bald,war paint,tired eyes,smirking,flower behind ear,Common
876,Loxley #876,An owner-controlled on-chain pixel agent with an immutable Public identity and one optional Outlaw transformation.,876.png,,human oracle,androgynous,elder,bald,war paint,cyber visor,surprised,scarf,Common
877,Loxley #877,An owner-controlled on-chain pixel agent with an immutable Public identity and one optional Outlaw transformation.,877.png,,human scout,feminine,elder,long hair,dimples,normal eyes,calm,glowing halo,Common
878,Loxley #878,An owner-controlled on-chain pixel agent with an immutable Public identity and one optional Outlaw transformation.,878.png,,human ranger,masculine,adult,slicked-back hair,goatee,heterochromia,neutral,small horns,Common
879,Loxley #879,An owner-controlled on-chain pixel agent with an immutable Public identity and one optional Outlaw transformation.,879.png,,secret agent,androgynous,adult,ponytail,cybernetic jaw,tired eyes,scowling,nothing on head,Rare
880,Loxley #880,An owner-controlled on-chain pixel agent with an immutable Public identity and one optional Outlaw transformation.,880.png,,human hacker,feminine,adult,buzzcut,mustache,sharp piercing eyes,scowling,flower behind ear,Common
881,Loxley #881,An owner-controlled on-chain pixel agent with an immutable Public identity and one optional Outlaw transformation.,881.png,,portrait dog,masculine,adult,buzzcut,beauty mark,glowing cyber eye,calm,beanie,Rare
882,Loxley #882,An owner-controlled on-chain pixel agent with an immutable Public identity and one optional Outlaw transformation.,882.png,,alien,androgynous,adult,short hair,face tattoo,cyber visor,scowling,scarf,Rare
883,Loxley #883,An owner-controlled on-chain pixel agent with an immutable Public identity and one optional Outlaw transformation.,883.png,,human oracle,masculine,adult,cornrows,cheek markings,glowing eyes,serious,glowing halo,Common
884,Loxley #884,An owner-controlled on-chain pixel agent with an immutable Public identity and one optional Outlaw transformation.,884.png,,human hacker,feminine,young,shaved sides,wrinkles,closed eyes,smiling,beanie,Common
885,Loxley #885,An owner-controlled on-chain pixel agent with an immutable Public identity and one optional Outlaw transformation.,885.png,,portrait dog,androgynous,adult,cornrows,cybernetic jaw,heterochromia,frowning,face mask,Rare
886,Loxley #886,An owner-controlled on-chain pixel agent with an immutable Public identity and one optional Outlaw transformation.,886.png,,human phantom,feminine,adult,hooded head,goatee,sunglasses,grinning,neck chain,Common
887,Loxley #887,An owner-controlled on-chain pixel agent with an immutable Public identity and one optional Outlaw transformation.,887.png,,secret agent,masculine,adult,receding hairline,cybernetic jaw,big round eyes,smirking,nothing on head,Rare
888,Loxley #888,An owner-controlled on-chain pixel agent with an immutable Public identity and one optional Outlaw transformation.,888.png,,human phantom,feminine,elder,spiky hair,wrinkles,round glasses,neutral,helmet,Common
889,Loxley #889,An owner-controlled on-chain pixel agent with an immutable Public identity and one optional Outlaw transformation.,889.png,,human phantom,feminine,adult,bowl cut,face tattoo,wide eyes,smiling,cap,Common
890,Loxley #890,An owner-controlled on-chain pixel agent with an immutable Public identity and one optional Outlaw transformation.,890.png,,human oracle,androgynous,young,shaved sides,war paint,tired eyes,serious,cap,Common
891,Loxley #891,An owner-controlled on-chain pixel agent with an immutable Public identity and one optional Outlaw transformation.,891.png,,human oracle,feminine,young,short hair,nose ring,wide eyes,serious,headphones,Common
892,Loxley #892,An owner-controlled on-chain pixel agent with an immutable Public identity and one optional Outlaw transformation.,892.png,,human scout,feminine,adult,bald,scarred cheek,cyber visor,scowling,laurel wreath,Common
893,Loxley #893,An owner-controlled on-chain pixel agent with an immutable Public identity and one optional Outlaw transformation.,893.png,,human rogue,androgynous,adult,ponytail,clean-shaven,cyber visor,neutral,hood up,Common
894,Loxley #894,An owner-controlled on-chain pixel agent with an immutable Public identity and one optional Outlaw transformation.,894.png,,human rogue,androgynous,adult,top-knot,goatee,winking,calm,glowing halo,Common
895,Loxley #895,An owner-controlled on-chain pixel agent with an immutable Public identity and one optional Outlaw transformation.,895.png,,portrait cat,feminine,elder,bald,soul patch,closed eyes,smirking,laurel wreath,Rare
896,Loxley #896,An owner-controlled on-chain pixel agent with an immutable Public identity and one optional Outlaw transformation.,896.png,,human phantom,feminine,elder,spiky hair,clean-shaven,sharp piercing eyes,neutral,laurel wreath,Common
897,Loxley #897,An owner-controlled on-chain pixel agent with an immutable Public identity and one optional Outlaw transformation.,897.png,,human scout,masculine,adult,slicked-back hair,dimples,eyepatch,smiling,earring,Common
898,Loxley #898,An owner-controlled on-chain pixel agent with an immutable Public identity and one optional Outlaw transformation.,898.png,,human phantom,androgynous,young,man-bun,chin strap beard,winking,scowling,scarf,Common
899,Loxley #899,An owner-controlled on-chain pixel agent with an immutable Public identity and one optional Outlaw transformation.,899.png,,human rogue,feminine,adult,shaved sides,scarred cheek,sunglasses,calm,bandana,Common
900,Loxley #900,An owner-controlled on-chain pixel agent with an immutable Public identity and one optional Outlaw transformation.,900.png,,human phantom,masculine,adult,bald,soul patch,monocle,surprised,small horns,Common
901,Loxley #901,An owner-controlled on-chain pixel agent with an immutable Public identity and one optional Outlaw transformation.,901.png,,alien,masculine,young,slicked-back hair,soul patch,glowing eyes,smiling,small horns,Rare
902,Loxley #902,An owner-controlled on-chain pixel agent with an immutable Public identity and one optional Outlaw transformation.,902.png,,portrait cat,masculine,adult,short hair,wrinkles,cyber visor,calm,face mask,Rare
903,Loxley #903,An owner-controlled on-chain pixel agent with an immutable Public identity and one optional Outlaw transformation.,903.png,,portrait cat,androgynous,adult,man-bun,clean-shaven,normal eyes,scowling,antenna,Rare
904,Loxley #904,An owner-controlled on-chain pixel agent with an immutable Public identity and one optional Outlaw transformation.,904.png,,human phantom,androgynous,adult,afro hair,soul patch,glowing eyes,surprised,cap,Common
905,Loxley #905,An owner-controlled on-chain pixel agent with an immutable Public identity and one optional Outlaw transformation.,905.png,,secret agent,feminine,adult,long hair,sideburns,big round eyes,surprised,beanie,Rare
906,Loxley #906,An owner-controlled on-chain pixel agent with an immutable Public identity and one optional Outlaw transformation.,906.png,,human scout,masculine,young,spiky hair,stubble,square glasses,scowling,earring,Common
907,Loxley #907,An owner-controlled on-chain pixel agent with an immutable Public identity and one optional Outlaw transformation.,907.png,,portrait cat,feminine,adult,short hair,face tattoo,sharp piercing eyes,calm,antenna,Rare
908,Loxley #908,An owner-controlled on-chain pixel agent with an immutable Public identity and one optional Outlaw transformation.,908.png,,human hacker,masculine,elder,cornrows,face tattoo,winking,serious,scarf,Common
909,Loxley #909,An owner-controlled on-chain pixel agent with an immutable Public identity and one optional Outlaw transformation.,909.png,,alien,masculine,adult,bald,beauty mark,tired eyes,scowling,flower behind ear,Rare
910,Loxley #910,An owner-controlled on-chain pixel agent with an immutable Public identity and one optional Outlaw transformation.,910.png,,alien,androgynous,elder,bald,soul patch,round glasses,calm,antenna,Rare
911,Loxley #911,An owner-controlled on-chain pixel agent with an immutable Public identity and one optional Outlaw transformation.,911.png,,human phantom,feminine,elder,shaved sides,nose ring,sunglasses,surprised,headphones,Common
912,Loxley #912,An owner-controlled on-chain pixel agent with an immutable Public identity and one optional Outlaw transformation.,912.png,,human ranger,feminine,adult,receding hairline,dimples,heterochromia,smirking,hood up,Common
913,Loxley #913,An owner-controlled on-chain pixel agent with an immutable Public identity and one optional Outlaw transformation.,913.png,,human oracle,feminine,young,dreadlocks,eye scar,winking,calm,small horns,Common
914,Loxley #914,An owner-controlled on-chain pixel agent with an immutable Public identity and one optional Outlaw transformation.,914.png,,human rogue,masculine,elder,cornrows,sideburns,sharp piercing eyes,smiling,scarf,Common
915,Loxley #915,An owner-controlled on-chain pixel agent with an immutable Public identity and one optional Outlaw transformation.,915.png,,human ranger,androgynous,adult,mohawk,goatee,wide eyes,surprised,cigarette,Common
916,Loxley #916,An owner-controlled on-chain pixel agent with an immutable Public identity and one optional Outlaw transformation.,916.png,,human oracle,feminine,elder,receding hairline,soul patch,round glasses,serious,headband,Common
917,Loxley #917,An owner-controlled on-chain pixel agent with an immutable Public identity and one optional Outlaw transformation.,917.png,,portrait cat,androgynous,young,receding hairline,wrinkles,tired eyes,frowning,face mask,Rare
918,Loxley #918,An owner-controlled on-chain pixel agent with an immutable Public identity and one optional Outlaw transformation.,918.png,,alien,androgynous,elder,pigtails,clean-shaven,round glasses,serious,headphones,Rare
919,Loxley #919,An owner-controlled on-chain pixel agent with an immutable Public identity and one optional Outlaw transformation.,919.png,,human scout,masculine,elder,bowl cut,goatee,cyber visor,smirking,laurel wreath,Common
920,Loxley #920,An owner-controlled on-chain pixel agent with an immutable Public identity and one optional Outlaw transformation.,920.png,,alien,feminine,adult,mohawk,scarred cheek,narrow eyes,frowning,bandana,Rare
921,Loxley #921,An owner-controlled on-chain pixel agent with an immutable Public identity and one optional Outlaw transformation.,921.png,,human ranger,masculine,young,bowl cut,face tattoo,square glasses,smiling,glowing halo,Common
922,Loxley #922,An owner-controlled on-chain pixel agent with an immutable Public identity and one optional Outlaw transformation.,922.png,,human oracle,feminine,adult,hooded head,cheek markings,glowing cyber eye,frowning,bandana,Common
923,Loxley #923,An owner-controlled on-chain pixel agent with an immutable Public identity and one optional Outlaw transformation.,923.png,,portrait cat,androgynous,elder,top-knot,war paint,narrow eyes,calm,face mask,Rare
924,Loxley #924,An owner-controlled on-chain pixel agent with an immutable Public identity and one optional Outlaw transformation.,924.png,,alien,androgynous,elder,bangs,cybernetic jaw,tired eyes,calm,laurel wreath,Rare
925,Loxley #925,An owner-controlled on-chain pixel agent with an immutable Public identity and one optional Outlaw transformation.,925.png,,portrait dog,masculine,adult,pigtails,war paint,wide eyes,surprised,antenna,Rare
926,Loxley #926,An owner-controlled on-chain pixel agent with an immutable Public identity and one optional Outlaw transformation.,926.png,,portrait dog,feminine,adult,cornrows,stubble,big round eyes,smirking,nothing on head,Rare
927,Loxley #927,An owner-controlled on-chain pixel agent with an immutable Public identity and one optional Outlaw transformation.,927.png,,portrait cat,androgynous,young,curly hair,clean-shaven,narrow eyes,smirking,cap,Rare
928,Loxley #928,An owner-controlled on-chain pixel agent with an immutable Public identity and one optional Outlaw transformation.,928.png,,human ranger,masculine,elder,ponytail,face tattoo,round glasses,calm,nothing on head,Common
929,Loxley #929,An owner-controlled on-chain pixel agent with an immutable Public identity and one optional Outlaw transformation.,929.png,,portrait cat,masculine,adult,receding hairline,freckles,winking,frowning,small horns,Rare
930,Loxley #930,An owner-controlled on-chain pixel agent with an immutable Public identity and one optional Outlaw transformation.,930.png,,human hacker,androgynous,adult,undercut,scarred cheek,tired eyes,scowling,laurel wreath,Common
931,Loxley #931,An owner-controlled on-chain pixel agent with an immutable Public identity and one optional Outlaw transformation.,931.png,,secret agent,masculine,adult,spiky hair,face tattoo,sharp piercing eyes,frowning,glowing halo,Rare
932,Loxley #932,An owner-controlled on-chain pixel agent with an immutable Public identity and one optional Outlaw transformation.,932.png,,human hacker,masculine,adult,ponytail,full beard,sharp piercing eyes,grinning,face mask,Common
933,Loxley #933,An owner-controlled on-chain pixel agent with an immutable Public identity and one optional Outlaw transformation.,933.png,,human rogue,androgynous,elder,short hair,war paint,big round eyes,neutral,face mask,Common
934,Loxley #934,An owner-controlled on-chain pixel agent with an immutable Public identity and one optional Outlaw transformation.,934.png,,human ranger,feminine,adult,mohawk,soul patch,glowing cyber eye,calm,cap,Common
935,Loxley #935,An owner-controlled on-chain pixel agent with an immutable Public identity and one optional Outlaw transformation.,935.png,,human oracle,androgynous,elder,pigtails,cheek markings,closed eyes,smirking,antenna,Common
936,Loxley #936,An owner-controlled on-chain pixel agent with an immutable Public identity and one optional Outlaw transformation.,936.png,,portrait cat,androgynous,elder,ponytail,cheek markings,glowing eyes,surprised,high collar,Rare
937,Loxley #937,An owner-controlled on-chain pixel agent with an immutable Public identity and one optional Outlaw transformation.,937.png,,human phantom,androgynous,adult,curly hair,full beard,wide eyes,smirking,bandana,Common
938,Loxley #938,An owner-controlled on-chain pixel agent with an immutable Public identity and one optional Outlaw transformation.,938.png,,alien,masculine,adult,cornrows,wrinkles,tired eyes,scowling,face mask,Rare
939,Loxley #939,An owner-controlled on-chain pixel agent with an immutable Public identity and one optional Outlaw transformation.,939.png,,secret agent,androgynous,elder,afro hair,soul patch,sharp piercing eyes,smirking,earring,Rare
940,Loxley #940,An owner-controlled on-chain pixel agent with an immutable Public identity and one optional Outlaw transformation.,940.png,,alien,masculine,elder,long hair,face tattoo,glowing cyber eye,neutral,flower behind ear,Rare
941,Loxley #941,An owner-controlled on-chain pixel agent with an immutable Public identity and one optional Outlaw transformation.,941.png,,portrait dog,androgynous,young,undercut,beauty mark,monocle,surprised,headband,Rare
942,Loxley #942,An owner-controlled on-chain pixel agent with an immutable Public identity and one optional Outlaw transformation.,942.png,,human rogue,androgynous,elder,slicked-back hair,wrinkles,glowing cyber eye,grinning,high collar,Common
943,Loxley #943,An owner-controlled on-chain pixel agent with an immutable Public identity and one optional Outlaw transformation.,943.png,,human rogue,androgynous,adult,hooded head,eye scar,sunglasses,surprised,small horns,Common
944,Loxley #944,An owner-controlled on-chain pixel agent with an immutable Public identity and one optional Outlaw transformation.,944.png,,human hacker,androgynous,adult,afro hair,chin strap beard,big round eyes,serious,high collar,Common
945,Loxley #945,An owner-controlled on-chain pixel agent with an immutable Public identity and one optional Outlaw transformation.,945.png,,human scout,feminine,adult,man-bun,clean-shaven,sunglasses,grinning,earring,Common
946,Loxley #946,An owner-controlled on-chain pixel agent with an immutable Public identity and one optional Outlaw transformation.,946.png,,human oracle,androgynous,elder,afro hair,cheek markings,tired eyes,calm,laurel wreath,Common
947,Loxley #947,An owner-controlled on-chain pixel agent with an immutable Public identity and one optional Outlaw transformation.,947.png,,portrait cat,masculine,young,mohawk,cheek markings,tired eyes,smiling,cigarette,Rare
948,Loxley #948,An owner-controlled on-chain pixel agent with an immutable Public identity and one optional Outlaw transformation.,948.png,,human phantom,androgynous,young,cornrows,cheek markings,glowing eyes,neutral,bandana,Common
949,Loxley #949,An owner-controlled on-chain pixel agent with an immutable Public identity and one optional Outlaw transformation.,949.png,,human ranger,feminine,elder,long hair,wrinkles,round glasses,surprised,hood up,Common
950,Loxley #950,An owner-controlled on-chain pixel agent with an immutable Public identity and one optional Outlaw transformation.,950.png,,human scout,masculine,young,curly hair,eye scar,big round eyes,scowling,crown,Common
951,Loxley #951,An owner-controlled on-chain pixel agent with an immutable Public identity and one optional Outlaw transformation.,951.png,,alien,masculine,young,top-knot,goatee,winking,grinning,cigarette,Rare
952,Loxley #952,An owner-controlled on-chain pixel agent with an immutable Public identity and one optional Outlaw transformation.,952.png,,human ranger,feminine,elder,ponytail,clean-shaven,glowing eyes,frowning,bandana,Common
953,Loxley #953,An owner-controlled on-chain pixel agent with an immutable Public identity and one optional Outlaw transformation.,953.png,,portrait cat,androgynous,adult,short hair,beauty mark,round glasses,serious,high collar,Rare
954,Loxley #954,An owner-controlled on-chain pixel agent with an immutable Public identity and one optional Outlaw transformation.,954.png,,human ranger,masculine,elder,curly hair,eye scar,glowing cyber eye,scowling,laurel wreath,Common
955,Loxley #955,An owner-controlled on-chain pixel agent with an immutable Public identity and one optional Outlaw transformation.,955.png,,secret agent,masculine,adult,hooded head,full beard,eyepatch,smiling,glowing halo,Rare
956,Loxley #956,An owner-controlled on-chain pixel agent with an immutable Public identity and one optional Outlaw transformation.,956.png,,human scout,masculine,young,slicked-back hair,goatee,glowing cyber eye,surprised,beanie,Common
957,Loxley #957,An owner-controlled on-chain pixel agent with an immutable Public identity and one optional Outlaw transformation.,957.png,,human phantom,masculine,adult,bowl cut,sideburns,winking,surprised,glowing halo,Common
958,Loxley #958,An owner-controlled on-chain pixel agent with an immutable Public identity and one optional Outlaw transformation.,958.png,,secret agent,feminine,adult,mohawk,mustache,winking,surprised,cigarette,Rare
959,Loxley #959,An owner-controlled on-chain pixel agent with an immutable Public identity and one optional Outlaw transformation.,959.png,,human phantom,androgynous,young,wavy hair,freckles,square glasses,calm,flower behind ear,Common
960,Loxley #960,An owner-controlled on-chain pixel agent with an immutable Public identity and one optional Outlaw transformation.,960.png,,alien,feminine,young,buzzcut,beauty mark,glowing eyes,calm,hood up,Rare
961,Loxley #961,An owner-controlled on-chain pixel agent with an immutable Public identity and one optional Outlaw transformation.,961.png,,human scout,feminine,adult,curly hair,cybernetic jaw,round glasses,smirking,nothing on head,Common
962,Loxley #962,An owner-controlled on-chain pixel agent with an immutable Public identity and one optional Outlaw transformation.,962.png,,human phantom,androgynous,elder,top-knot,goatee,closed eyes,calm,hood up,Common
963,Loxley #963,An owner-controlled on-chain pixel agent with an immutable Public identity and one optional Outlaw transformation.,963.png,,human rogue,feminine,adult,bald,scarred cheek,monocle,calm,hood up,Common
964,Loxley #964,An owner-controlled on-chain pixel agent with an immutable Public identity and one optional Outlaw transformation.,964.png,,alien,feminine,elder,mohawk,nose ring,square glasses,serious,cigarette,Rare
965,Loxley #965,An owner-controlled on-chain pixel agent with an immutable Public identity and one optional Outlaw transformation.,965.png,,alien,androgynous,elder,afro hair,soul patch,glowing cyber eye,smirking,cigarette,Rare
966,Loxley #966,An owner-controlled on-chain pixel agent with an immutable Public identity and one optional Outlaw transformation.,966.png,,human oracle,masculine,adult,dreadlocks,stubble,narrow eyes,serious,hood up,Common
967,Loxley #967,An owner-controlled on-chain pixel agent with an immutable Public identity and one optional Outlaw transformation.,967.png,,human rogue,androgynous,elder,ponytail,goatee,cyber visor,calm,glowing halo,Common
968,Loxley #968,An owner-controlled on-chain pixel agent with an immutable Public identity and one optional Outlaw transformation.,968.png,,human phantom,feminine,young,wavy hair,goatee,sharp piercing eyes,surprised,cigarette,Common
969,Loxley #969,An owner-controlled on-chain pixel agent with an immutable Public identity and one optional Outlaw transformation.,969.png,,human oracle,androgynous,elder,cornrows,soul patch,closed eyes,frowning,small horns,Common
970,Loxley #970,An owner-controlled on-chain pixel agent with an immutable Public identity and one optional Outlaw transformation.,970.png,,human scout,feminine,young,slicked-back hair,wrinkles,normal eyes,serious,face mask,Common
971,Loxley #971,An owner-controlled on-chain pixel agent with an immutable Public identity and one optional Outlaw transformation.,971.png,,portrait dog,feminine,young,man-bun,full beard,sunglasses,surprised,helmet,Rare
972,Loxley #972,An owner-controlled on-chain pixel agent with an immutable Public identity and one optional Outlaw transformation.,972.png,,human phantom,masculine,adult,ponytail,mustache,sharp piercing eyes,scowling,face mask,Common
973,Loxley #973,An owner-controlled on-chain pixel agent with an immutable Public identity and one optional Outlaw transformation.,973.png,,human oracle,masculine,young,slicked-back hair,beauty mark,round glasses,scowling,laurel wreath,Common
974,Loxley #974,An owner-controlled on-chain pixel agent with an immutable Public identity and one optional Outlaw transformation.,974.png,,human rogue,androgynous,elder,wavy hair,full beard,monocle,serious,nothing on head,Common
975,Loxley #975,An owner-controlled on-chain pixel agent with an immutable Public identity and one optional Outlaw transformation.,975.png,,human ranger,masculine,adult,hooded head,freckles,sunglasses,smirking,laurel wreath,Common
976,Loxley #976,An owner-controlled on-chain pixel agent with an immutable Public identity and one optional Outlaw transformation.,976.png,,alien,androgynous,adult,bowl cut,dimples,round glasses,frowning,earring,Rare
977,Loxley #977,An owner-controlled on-chain pixel agent with an immutable Public identity and one optional Outlaw transformation.,977.png,,human ranger,masculine,young,long hair,scarred cheek,heterochromia,smiling,neck chain,Common
978,Loxley #978,An owner-controlled on-chain pixel agent with an immutable Public identity and one optional Outlaw transformation.,978.png,,human ranger,feminine,elder,spiky hair,mustache,round glasses,calm,headphones,Common
979,Loxley #979,An owner-controlled on-chain pixel agent with an immutable Public identity and one optional Outlaw transformation.,979.png,,human hacker,androgynous,young,ponytail,sideburns,normal eyes,grinning,scarf,Common
980,Loxley #980,An owner-controlled on-chain pixel agent with an immutable Public identity and one optional Outlaw transformation.,980.png,,human ranger,feminine,young,mohawk,war paint,normal eyes,calm,headphones,Common
981,Loxley #981,An owner-controlled on-chain pixel agent with an immutable Public identity and one optional Outlaw transformation.,981.png,,human rogue,feminine,young,bangs,eye scar,wide eyes,surprised,headphones,Common
982,Loxley #982,An owner-controlled on-chain pixel agent with an immutable Public identity and one optional Outlaw transformation.,982.png,,human phantom,feminine,young,pigtails,chin strap beard,narrow eyes,surprised,face mask,Common
983,Loxley #983,An owner-controlled on-chain pixel agent with an immutable Public identity and one optional Outlaw transformation.,983.png,,human rogue,feminine,adult,slicked-back hair,chin strap beard,monocle,surprised,scarf,Common
984,Loxley #984,An owner-controlled on-chain pixel agent with an immutable Public identity and one optional Outlaw transformation.,984.png,,human oracle,androgynous,elder,long hair,chin strap beard,eyepatch,scowling,flower behind ear,Common
985,Loxley #985,An owner-controlled on-chain pixel agent with an immutable Public identity and one optional Outlaw transformation.,985.png,,human phantom,androgynous,adult,pigtails,war paint,monocle,surprised,hood up,Common
986,Loxley #986,An owner-controlled on-chain pixel agent with an immutable Public identity and one optional Outlaw transformation.,986.png,,human hacker,androgynous,adult,hooded head,nose ring,eyepatch,calm,crown,Common
987,Loxley #987,An owner-controlled on-chain pixel agent with an immutable Public identity and one optional Outlaw transformation.,987.png,,human phantom,feminine,young,dreadlocks,wrinkles,round glasses,scowling,headband,Common
988,Loxley #988,An owner-controlled on-chain pixel agent with an immutable Public identity and one optional Outlaw transformation.,988.png,,alien,androgynous,young,messy hair,eye scar,cyber visor,neutral,neck chain,Rare
989,Loxley #989,An owner-controlled on-chain pixel agent with an immutable Public identity and one optional Outlaw transformation.,989.png,,human scout,androgynous,adult,messy hair,freckles,monocle,smirking,beanie,Common
990,Loxley #990,An owner-controlled on-chain pixel agent with an immutable Public identity and one optional Outlaw transformation.,990.png,,human ranger,androgynous,elder,bangs,freckles,cyber visor,smiling,glowing halo,Common
991,Loxley #991,An owner-controlled on-chain pixel agent with an immutable Public identity and one optional Outlaw transformation.,991.png,,human oracle,masculine,adult,receding hairline,sideburns,winking,neutral,nothing on head,Common
992,Loxley #992,An owner-controlled on-chain pixel agent with an immutable Public identity and one optional Outlaw transformation.,992.png,,human ranger,androgynous,young,spiky hair,nose ring,sunglasses,calm,bandana,Common
993,Loxley #993,An owner-controlled on-chain pixel agent with an immutable Public identity and one optional Outlaw transformation.,993.png,,human oracle,masculine,young,dreadlocks,war paint,wide eyes,neutral,nothing on head,Common
994,Loxley #994,An owner-controlled on-chain pixel agent with an immutable Public identity and one optional Outlaw transformation.,994.png,,human phantom,masculine,young,pigtails,scarred cheek,glowing eyes,calm,headphones,Common
995,Loxley #995,An owner-controlled on-chain pixel agent with an immutable Public identity and one optional Outlaw transformation.,995.png,,portrait dog,feminine,elder,cornrows,sideburns,winking,neutral,scarf,Rare
996,Loxley #996,An owner-controlled on-chain pixel agent with an immutable Public identity and one optional Outlaw transformation.,996.png,,secret agent,androgynous,elder,shaved sides,stubble,wide eyes,smiling,antenna,Rare
997,Loxley #997,An owner-controlled on-chain pixel agent with an immutable Public identity and one optional Outlaw transformation.,997.png,,human phantom,androgynous,young,buzzcut,sideburns,round glasses,grinning,antenna,Common
998,Loxley #998,An owner-controlled on-chain pixel agent with an immutable Public identity and one optional Outlaw transformation.,998.png,,human scout,feminine,elder,buzzcut,wrinkles,winking,smirking,small horns,Common
999,Loxley #999,An owner-controlled on-chain pixel agent with an immutable Public identity and one optional Outlaw transformation.,999.png,,human ranger,masculine,young,shaved sides,wrinkles,wide eyes,serious,laurel wreath,Common
1000,Loxley #1000,An owner-controlled on-chain pixel agent with an immutable Public identity and one optional Outlaw transformation.,1000.png,,alien,feminine,young,bald,stubble,big round eyes,smirking,face mask,Rare
1001,Loxley #1001,An owner-controlled on-chain pixel agent with an immutable Public identity and one optional Outlaw transformation.,1001.png,,human ranger,masculine,young,hooded head,stubble,wide eyes,serious,headphones,Common
1002,Loxley #1002,An owner-controlled on-chain pixel agent with an immutable Public identity and one optional Outlaw transformation.,1002.png,,secret agent,androgynous,elder,cornrows,freckles,tired eyes,smirking,cap,Rare
1003,Loxley #1003,An owner-controlled on-chain pixel agent with an immutable Public identity and one optional Outlaw transformation.,1003.png,,human oracle,feminine,adult,ponytail,chin strap beard,sunglasses,smirking,crown,Common
1004,Loxley #1004,An owner-controlled on-chain pixel agent with an immutable Public identity and one optional Outlaw transformation.,1004.png,,human scout,androgynous,elder,spiky hair,sideburns,glowing cyber eye,neutral,cigarette,Common
1005,Loxley #1005,An owner-controlled on-chain pixel agent with an immutable Public identity and one optional Outlaw transformation.,1005.png,,human hacker,masculine,elder,ponytail,beauty mark,big round eyes,frowning,glowing halo,Common
1006,Loxley #1006,An owner-controlled on-chain pixel agent with an immutable Public identity and one optional Outlaw transformation.,1006.png,,human rogue,androgynous,young,long hair,goatee,sunglasses,scowling,scarf,Common
1007,Loxley #1007,An owner-controlled on-chain pixel agent with an immutable Public identity and one optional Outlaw transformation.,1007.png,,alien,androgynous,elder,spiky hair,war paint,monocle,scowling,small horns,Rare
1008,Loxley #1008,An owner-controlled on-chain pixel agent with an immutable Public identity and one optional Outlaw transformation.,1008.png,,human ranger,feminine,young,shaved sides,freckles,glowing eyes,neutral,headphones,Common
1009,Loxley #1009,An owner-controlled on-chain pixel agent with an immutable Public identity and one optional Outlaw transformation.,1009.png,,human rogue,masculine,young,messy hair,scarred cheek,big round eyes,serious,face mask,Common
1010,Loxley #1010,An owner-controlled on-chain pixel agent with an immutable Public identity and one optional Outlaw transformation.,1010.png,,human scout,masculine,adult,undercut,mustache,normal eyes,grinning,laurel wreath,Common
1011,Loxley #1011,An owner-controlled on-chain pixel agent with an immutable Public identity and one optional Outlaw transformation.,1011.png,,human rogue,feminine,young,top-knot,goatee,winking,calm,beanie,Common
1012,Loxley #1012,An owner-controlled on-chain pixel agent with an immutable Public identity and one optional Outlaw transformation.,1012.png,,human phantom,androgynous,young,messy hair,mustache,heterochromia,serious,headphones,Common
1013,Loxley #1013,An owner-controlled on-chain pixel agent with an immutable Public identity and one optional Outlaw transformation.,1013.png,,portrait cat,masculine,elder,short hair,eye scar,square glasses,smiling,bandana,Rare
1014,Loxley #1014,An owner-controlled on-chain pixel agent with an immutable Public identity and one optional Outlaw transformation.,1014.png,,human rogue,masculine,elder,mohawk,eye scar,eyepatch,serious,face mask,Common
1015,Loxley #1015,An owner-controlled on-chain pixel agent with an immutable Public identity and one optional Outlaw transformation.,1015.png,,human phantom,androgynous,adult,wavy hair,scarred cheek,cyber visor,frowning,crown,Common
1016,Loxley #1016,An owner-controlled on-chain pixel agent with an immutable Public identity and one optional Outlaw transformation.,1016.png,,human phantom,feminine,adult,bowl cut,dimples,monocle,grinning,headphones,Common
1017,Loxley #1017,An owner-controlled on-chain pixel agent with an immutable Public identity and one optional Outlaw transformation.,1017.png,,portrait dog,feminine,elder,slicked-back hair,full beard,winking,scowling,cap,Rare
1018,Loxley #1018,An owner-controlled on-chain pixel agent with an immutable Public identity and one optional Outlaw transformation.,1018.png,,secret agent,feminine,adult,receding hairline,soul patch,cyber visor,frowning,high collar,Rare
1019,Loxley #1019,An owner-controlled on-chain pixel agent with an immutable Public identity and one optional Outlaw transformation.,1019.png,,human oracle,androgynous,elder,top-knot,dimples,tired eyes,grinning,helmet,Common
1020,Loxley #1020,An owner-controlled on-chain pixel agent with an immutable Public identity and one optional Outlaw transformation.,1020.png,,human oracle,feminine,adult,shaved sides,cheek markings,square glasses,smiling,small horns,Common
1021,Loxley #1021,An owner-controlled on-chain pixel agent with an immutable Public identity and one optional Outlaw transformation.,1021.png,,human scout,androgynous,young,undercut,dimples,tired eyes,calm,flower behind ear,Common
1022,Loxley #1022,An owner-controlled on-chain pixel agent with an immutable Public identity and one optional Outlaw transformation.,1022.png,,human oracle,androgynous,elder,receding hairline,full beard,square glasses,neutral,laurel wreath,Common
1023,Loxley #1023,An owner-controlled on-chain pixel agent with an immutable Public identity and one optional Outlaw transformation.,1023.png,,secret agent,androgynous,young,bowl cut,dimples,eyepatch,smiling,antenna,Rare
1024,Loxley #1024,An owner-controlled on-chain pixel agent with an immutable Public identity and one optional Outlaw transformation.,1024.png,,human rogue,masculine,young,afro hair,face tattoo,narrow eyes,scowling,earring,Common
1025,Loxley #1025,An owner-controlled on-chain pixel agent with an immutable Public identity and one optional Outlaw transformation.,1025.png,,human oracle,masculine,young,hooded head,wrinkles,sunglasses,smirking,beanie,Common
1026,Loxley #1026,An owner-controlled on-chain pixel agent with an immutable Public identity and one optional Outlaw transformation.,1026.png,,portrait dog,masculine,elder,top-knot,cheek markings,round glasses,scowling,laurel wreath,Rare
1027,Loxley #1027,An owner-controlled on-chain pixel agent with an immutable Public identity and one optional Outlaw transformation.,1027.png,,human scout,androgynous,adult,pigtails,war paint,glowing eyes,calm,nothing on head,Common
1028,Loxley #1028,An owner-controlled on-chain pixel agent with an immutable Public identity and one optional Outlaw transformation.,1028.png,,human hacker,androgynous,young,afro hair,war paint,round glasses,surprised,bandana,Common
1029,Loxley #1029,An owner-controlled on-chain pixel agent with an immutable Public identity and one optional Outlaw transformation.,1029.png,,alien,masculine,adult,slicked-back hair,goatee,cyber visor,grinning,helmet,Rare
1030,Loxley #1030,An owner-controlled on-chain pixel agent with an immutable Public identity and one optional Outlaw transformation.,1030.png,,secret agent,feminine,elder,undercut,clean-shaven,normal eyes,scowling,antenna,Rare
1031,Loxley #1031,An owner-controlled on-chain pixel agent with an immutable Public identity and one optional Outlaw transformation.,1031.png,,human phantom,feminine,young,spiky hair,sideburns,glowing eyes,serious,headphones,Common
1032,Loxley #1032,An owner-controlled on-chain pixel agent with an immutable Public identity and one optional Outlaw transformation.,1032.png,,portrait cat,masculine,adult,long hair,war paint,square glasses,calm,headband,Rare
1033,Loxley #1033,An owner-controlled on-chain pixel agent with an immutable Public identity and one optional Outlaw transformation.,1033.png,,human ranger,masculine,adult,bald,face tattoo,cyber visor,surprised,headband,Common
1034,Loxley #1034,An owner-controlled on-chain pixel agent with an immutable Public identity and one optional Outlaw transformation.,1034.png,,alien,masculine,young,mohawk,clean-shaven,closed eyes,surprised,neck chain,Rare
1035,Loxley #1035,An owner-controlled on-chain pixel agent with an immutable Public identity and one optional Outlaw transformation.,1035.png,,human ranger,feminine,young,ponytail,clean-shaven,eyepatch,calm,antenna,Common
1036,Loxley #1036,An owner-controlled on-chain pixel agent with an immutable Public identity and one optional Outlaw transformation.,1036.png,,human rogue,feminine,adult,dreadlocks,sideburns,narrow eyes,surprised,cap,Common
1037,Loxley #1037,An owner-controlled on-chain pixel agent with an immutable Public identity and one optional Outlaw transformation.,1037.png,,human hacker,feminine,elder,messy hair,mustache,monocle,grinning,glowing halo,Common
1038,Loxley #1038,An owner-controlled on-chain pixel agent with an immutable Public identity and one optional Outlaw transformation.,1038.png,,human oracle,androgynous,elder,top-knot,goatee,glowing eyes,smiling,helmet,Common
1039,Loxley #1039,An owner-controlled on-chain pixel agent with an immutable Public identity and one optional Outlaw transformation.,1039.png,,human phantom,feminine,adult,buzzcut,soul patch,monocle,frowning,neck chain,Common
1040,Loxley #1040,An owner-controlled on-chain pixel agent with an immutable Public identity and one optional Outlaw transformation.,1040.png,,secret agent,feminine,young,pigtails,freckles,sunglasses,serious,glowing halo,Rare
1041,Loxley #1041,An owner-controlled on-chain pixel agent with an immutable Public identity and one optional Outlaw transformation.,1041.png,,secret agent,feminine,elder,wavy hair,sideburns,eyepatch,smirking,cigarette,Rare
1042,Loxley #1042,An owner-controlled on-chain pixel agent with an immutable Public identity and one optional Outlaw transformation.,1042.png,,human ranger,masculine,adult,short hair,face tattoo,tired eyes,neutral,crown,Common
1043,Loxley #1043,An owner-controlled on-chain pixel agent with an immutable Public identity and one optional Outlaw transformation.,1043.png,,alien,feminine,elder,shaved sides,eye scar,glowing eyes,serious,bandana,Rare
1044,Loxley #1044,An owner-controlled on-chain pixel agent with an immutable Public identity and one optional Outlaw transformation.,1044.png,,secret agent,androgynous,adult,hooded head,mustache,normal eyes,scowling,glowing halo,Rare
1045,Loxley #1045,An owner-controlled on-chain pixel agent with an immutable Public identity and one optional Outlaw transformation.,1045.png,,human rogue,feminine,adult,top-knot,eye scar,narrow eyes,serious,crown,Common
1046,Loxley #1046,An owner-controlled on-chain pixel agent with an immutable Public identity and one optional Outlaw transformation.,1046.png,,human scout,androgynous,adult,man-bun,mustache,square glasses,neutral,headband,Common
1047,Loxley #1047,An owner-controlled on-chain pixel agent with an immutable Public identity and one optional Outlaw transformation.,1047.png,,human phantom,masculine,adult,top-knot,nose ring,round glasses,neutral,glowing halo,Common
1048,Loxley #1048,An owner-controlled on-chain pixel agent with an immutable Public identity and one optional Outlaw transformation.,1048.png,,human oracle,masculine,young,hooded head,sideburns,heterochromia,calm,headband,Common
1049,Loxley #1049,An owner-controlled on-chain pixel agent with an immutable Public identity and one optional Outlaw transformation.,1049.png,,human ranger,masculine,young,dreadlocks,cybernetic jaw,round glasses,smiling,cigarette,Common
1050,Loxley #1050,An owner-controlled on-chain pixel agent with an immutable Public identity and one optional Outlaw transformation.,1050.png,,human ranger,masculine,young,man-bun,face tattoo,square glasses,smiling,flower behind ear,Common
1051,Loxley #1051,An owner-controlled on-chain pixel agent with an immutable Public identity and one optional Outlaw transformation.,1051.png,,human hacker,feminine,elder,afro hair,sideburns,round glasses,frowning,flower behind ear,Common
1052,Loxley #1052,An owner-controlled on-chain pixel agent with an immutable Public identity and one optional Outlaw transformation.,1052.png,,human hacker,androgynous,young,curly hair,beauty mark,wide eyes,calm,face mask,Common
1053,Loxley #1053,An owner-controlled on-chain pixel agent with an immutable Public identity and one optional Outlaw transformation.,1053.png,,human scout,feminine,adult,mohawk,nose ring,glowing cyber eye,grinning,face mask,Common
1054,Loxley #1054,An owner-controlled on-chain pixel agent with an immutable Public identity and one optional Outlaw transformation.,1054.png,,human oracle,androgynous,young,dreadlocks,chin strap beard,sunglasses,grinning,headphones,Common
1055,Loxley #1055,An owner-controlled on-chain pixel agent with an immutable Public identity and one optional Outlaw transformation.,1055.png,,human scout,androgynous,adult,receding hairline,war paint,normal eyes,grinning,high collar,Common
1056,Loxley #1056,An owner-controlled on-chain pixel agent with an immutable Public identity and one optional Outlaw transformation.,1056.png,,human rogue,feminine,elder,shaved sides,chin strap beard,glowing cyber eye,surprised,flower behind ear,Common
1057,Loxley #1057,An owner-controlled on-chain pixel agent with an immutable Public identity and one optional Outlaw transformation.,1057.png,,alien,feminine,elder,undercut,war paint,round glasses,serious,hood up,Rare
1058,Loxley #1058,An owner-controlled on-chain pixel agent with an immutable Public identity and one optional Outlaw transformation.,1058.png,,human scout,androgynous,young,long hair,soul patch,monocle,smirking,glowing halo,Common
1059,Loxley #1059,An owner-controlled on-chain pixel agent with an immutable Public identity and one optional Outlaw transformation.,1059.png,,portrait cat,masculine,young,dreadlocks,goatee,wide eyes,smirking,earring,Rare
1060,Loxley #1060,An owner-controlled on-chain pixel agent with an immutable Public identity and one optional Outlaw transformation.,1060.png,,human phantom,masculine,elder,spiky hair,eye scar,wide eyes,calm,bandana,Common
1061,Loxley #1061,An owner-controlled on-chain pixel agent with an immutable Public identity and one optional Outlaw transformation.,1061.png,,portrait dog,masculine,young,slicked-back hair,dimples,tired eyes,serious,neck chain,Rare
1062,Loxley #1062,An owner-controlled on-chain pixel agent with an immutable Public identity and one optional Outlaw transformation.,1062.png,,portrait dog,androgynous,adult,bangs,dimples,cyber visor,smirking,beanie,Rare
1063,Loxley #1063,An owner-controlled on-chain pixel agent with an immutable Public identity and one optional Outlaw transformation.,1063.png,,human ranger,masculine,young,hooded head,stubble,normal eyes,serious,headband,Common
1064,Loxley #1064,An owner-controlled on-chain pixel agent with an immutable Public identity and one optional Outlaw transformation.,1064.png,,human scout,androgynous,adult,ponytail,goatee,tired eyes,frowning,high collar,Common
1065,Loxley #1065,An owner-controlled on-chain pixel agent with an immutable Public identity and one optional Outlaw transformation.,1065.png,,portrait dog,masculine,young,afro hair,face tattoo,round glasses,grinning,face mask,Rare
1066,Loxley #1066,An owner-controlled on-chain pixel agent with an immutable Public identity and one optional Outlaw transformation.,1066.png,,human ranger,masculine,young,pigtails,cybernetic jaw,closed eyes,grinning,high collar,Common
1067,Loxley #1067,An owner-controlled on-chain pixel agent with an immutable Public identity and one optional Outlaw transformation.,1067.png,,human rogue,feminine,young,undercut,eye scar,heterochromia,grinning,laurel wreath,Common
1068,Loxley #1068,An owner-controlled on-chain pixel agent with an immutable Public identity and one optional Outlaw transformation.,1068.png,,alien,androgynous,adult,afro hair,face tattoo,glowing eyes,neutral,neck chain,Rare
1069,Loxley #1069,An owner-controlled on-chain pixel agent with an immutable Public identity and one optional Outlaw transformation.,1069.png,,human hacker,feminine,young,ponytail,stubble,round glasses,serious,nothing on head,Common
1070,Loxley #1070,An owner-controlled on-chain pixel agent with an immutable Public identity and one optional Outlaw transformation.,1070.png,,portrait dog,androgynous,elder,shaved sides,goatee,glowing cyber eye,calm,headband,Rare
1071,Loxley #1071,An owner-controlled on-chain pixel agent with an immutable Public identity and one optional Outlaw transformation.,1071.png,,human ranger,androgynous,elder,bowl cut,freckles,glowing eyes,frowning,laurel wreath,Common
1072,Loxley #1072,An owner-controlled on-chain pixel agent with an immutable Public identity and one optional Outlaw transformation.,1072.png,,human oracle,feminine,young,spiky hair,clean-shaven,sunglasses,serious,neck chain,Common
1073,Loxley #1073,An owner-controlled on-chain pixel agent with an immutable Public identity and one optional Outlaw transformation.,1073.png,,human ranger,androgynous,adult,mohawk,goatee,square glasses,smirking,antenna,Common
1074,Loxley #1074,An owner-controlled on-chain pixel agent with an immutable Public identity and one optional Outlaw transformation.,1074.png,,secret agent,androgynous,young,top-knot,soul patch,sharp piercing eyes,smiling,hood up,Rare
1075,Loxley #1075,An owner-controlled on-chain pixel agent with an immutable Public identity and one optional Outlaw transformation.,1075.png,,human scout,androgynous,elder,afro hair,mustache,sunglasses,grinning,antenna,Common
1076,Loxley #1076,An owner-controlled on-chain pixel agent with an immutable Public identity and one optional Outlaw transformation.,1076.png,,portrait cat,masculine,elder,spiky hair,freckles,sharp piercing eyes,scowling,cap,Rare
1077,Loxley #1077,An owner-controlled on-chain pixel agent with an immutable Public identity and one optional Outlaw transformation.,1077.png,,human phantom,androgynous,elder,wavy hair,war paint,closed eyes,grinning,earring,Common
1078,Loxley #1078,An owner-controlled on-chain pixel agent with an immutable Public identity and one optional Outlaw transformation.,1078.png,,human rogue,masculine,young,receding hairline,beauty mark,monocle,frowning,nothing on head,Common
1079,Loxley #1079,An owner-controlled on-chain pixel agent with an immutable Public identity and one optional Outlaw transformation.,1079.png,,human scout,masculine,elder,buzzcut,war paint,cyber visor,serious,crown,Common
1080,Loxley #1080,An owner-controlled on-chain pixel agent with an immutable Public identity and one optional Outlaw transformation.,1080.png,,human phantom,androgynous,adult,spiky hair,clean-shaven,cyber visor,grinning,high collar,Common
1081,Loxley #1081,An owner-controlled on-chain pixel agent with an immutable Public identity and one optional Outlaw transformation.,1081.png,,human oracle,androgynous,young,long hair,stubble,round glasses,scowling,hood up,Common
1082,Loxley #1082,An owner-controlled on-chain pixel agent with an immutable Public identity and one optional Outlaw transformation.,1082.png,,secret agent,masculine,young,man-bun,freckles,sharp piercing eyes,smirking,small horns,Rare
1083,Loxley #1083,An owner-controlled on-chain pixel agent with an immutable Public identity and one optional Outlaw transformation.,1083.png,,alien,feminine,elder,buzzcut,wrinkles,glowing cyber eye,frowning,antenna,Rare
1084,Loxley #1084,An owner-controlled on-chain pixel agent with an immutable Public identity and one optional Outlaw transformation.,1084.png,,human ranger,androgynous,young,pigtails,wrinkles,sunglasses,smiling,earring,Common
1085,Loxley #1085,An owner-controlled on-chain pixel agent with an immutable Public identity and one optional Outlaw transformation.,1085.png,,human hacker,masculine,adult,hooded head,wrinkles,closed eyes,calm,face mask,Common
1086,Loxley #1086,An owner-controlled on-chain pixel agent with an immutable Public identity and one optional Outlaw transformation.,1086.png,,human rogue,masculine,elder,bowl cut,sideburns,wide eyes,frowning,headband,Common
1087,Loxley #1087,An owner-controlled on-chain pixel agent with an immutable Public identity and one optional Outlaw transformation.,1087.png,,human phantom,masculine,young,ponytail,eye scar,tired eyes,neutral,antenna,Common
1088,Loxley #1088,An owner-controlled on-chain pixel agent with an immutable Public identity and one optional Outlaw transformation.,1088.png,,portrait dog,feminine,young,bald,war paint,heterochromia,scowling,crown,Rare
1089,Loxley #1089,An owner-controlled on-chain pixel agent with an immutable Public identity and one optional Outlaw transformation.,1089.png,,human hacker,feminine,adult,afro hair,stubble,glowing eyes,serious,headband,Common
1090,Loxley #1090,An owner-controlled on-chain pixel agent with an immutable Public identity and one optional Outlaw transformation.,1090.png,,human rogue,androgynous,elder,hooded head,nose ring,round glasses,neutral,headband,Common
1091,Loxley #1091,An owner-controlled on-chain pixel agent with an immutable Public identity and one optional Outlaw transformation.,1091.png,,portrait dog,feminine,young,hooded head,nose ring,glowing cyber eye,surprised,headband,Rare
1092,Loxley #1092,An owner-controlled on-chain pixel agent with an immutable Public identity and one optional Outlaw transformation.,1092.png,,human rogue,androgynous,young,bald,wrinkles,closed eyes,smirking,crown,Common
1093,Loxley #1093,An owner-controlled on-chain pixel agent with an immutable Public identity and one optional Outlaw transformation.,1093.png,,human ranger,masculine,young,bowl cut,face tattoo,wide eyes,frowning,laurel wreath,Common
1094,Loxley #1094,An owner-controlled on-chain pixel agent with an immutable Public identity and one optional Outlaw transformation.,1094.png,,human phantom,androgynous,young,cornrows,scarred cheek,sunglasses,serious,cap,Common
1095,Loxley #1095,An owner-controlled on-chain pixel agent with an immutable Public identity and one optional Outlaw transformation.,1095.png,,human ranger,feminine,elder,buzzcut,dimples,glowing cyber eye,frowning,small horns,Common
1096,Loxley #1096,An owner-controlled on-chain pixel agent with an immutable Public identity and one optional Outlaw transformation.,1096.png,,human rogue,feminine,elder,ponytail,sideburns,closed eyes,serious,cigarette,Common
1097,Loxley #1097,An owner-controlled on-chain pixel agent with an immutable Public identity and one optional Outlaw transformation.,1097.png,,human scout,feminine,elder,bald,freckles,closed eyes,scowling,nothing on head,Common
1098,Loxley #1098,An owner-controlled on-chain pixel agent with an immutable Public identity and one optional Outlaw transformation.,1098.png,,alien,masculine,young,cornrows,face tattoo,round glasses,smirking,bandana,Rare
1099,Loxley #1099,An owner-controlled on-chain pixel agent with an immutable Public identity and one optional Outlaw transformation.,1099.png,,human hacker,masculine,adult,undercut,war paint,cyber visor,grinning,laurel wreath,Common
1100,Loxley #1100,An owner-controlled on-chain pixel agent with an immutable Public identity and one optional Outlaw transformation.,1100.png,,human phantom,androgynous,young,top-knot,sideburns,sunglasses,scowling,high collar,Common
1101,Loxley #1101,An owner-controlled on-chain pixel agent with an immutable Public identity and one optional Outlaw transformation.,1101.png,,portrait cat,feminine,young,shaved sides,face tattoo,heterochromia,scowling,small horns,Rare
1102,Loxley #1102,An owner-controlled on-chain pixel agent with an immutable Public identity and one optional Outlaw transformation.,1102.png,,human phantom,masculine,elder,messy hair,full beard,sharp piercing eyes,smiling,flower behind ear,Common
1103,Loxley #1103,An owner-controlled on-chain pixel agent with an immutable Public identity and one optional Outlaw transformation.,1103.png,,alien,androgynous,young,messy hair,chin strap beard,eyepatch,smirking,nothing on head,Rare
1104,Loxley #1104,An owner-controlled on-chain pixel agent with an immutable Public identity and one optional Outlaw transformation.,1104.png,,human rogue,feminine,young,wavy hair,chin strap beard,narrow eyes,serious,beanie,Common
1105,Loxley #1105,An owner-controlled on-chain pixel agent with an immutable Public identity and one optional Outlaw transformation.,1105.png,,portrait dog,androgynous,adult,spiky hair,face tattoo,tired eyes,grinning,cap,Rare
1106,Loxley #1106,An owner-controlled on-chain pixel agent with an immutable Public identity and one optional Outlaw transformation.,1106.png,,human hacker,feminine,adult,messy hair,beauty mark,winking,smiling,scarf,Common
1107,Loxley #1107,An owner-controlled on-chain pixel agent with an immutable Public identity and one optional Outlaw transformation.,1107.png,,human hacker,feminine,adult,slicked-back hair,chin strap beard,big round eyes,grinning,nothing on head,Common
1108,Loxley #1108,An owner-controlled on-chain pixel agent with an immutable Public identity and one optional Outlaw transformation.,1108.png,,human rogue,masculine,elder,receding hairline,scarred cheek,glowing cyber eye,scowling,beanie,Common
1109,Loxley #1109,An owner-controlled on-chain pixel agent with an immutable Public identity and one optional Outlaw transformation.,1109.png,,secret agent,androgynous,young,hooded head,face tattoo,glowing cyber eye,frowning,headphones,Rare
1110,Loxley #1110,An owner-controlled on-chain pixel agent with an immutable Public identity and one optional Outlaw transformation.,1110.png,,human phantom,masculine,elder,shaved sides,cybernetic jaw,glowing cyber eye,smiling,helmet,Common
1111,Loxley #1111,An owner-controlled on-chain pixel agent with an immutable Public identity and one optional Outlaw transformation.,1111.png,,human ranger,androgynous,young,pigtails,chin strap beard,eyepatch,scowling,scarf,Common
1112,Loxley #1112,An owner-controlled on-chain pixel agent with an immutable Public identity and one optional Outlaw transformation.,1112.png,,human phantom,masculine,adult,curly hair,cheek markings,big round eyes,serious,beanie,Common
1113,Loxley #1113,An owner-controlled on-chain pixel agent with an immutable Public identity and one optional Outlaw transformation.,1113.png,,portrait cat,masculine,young,slicked-back hair,wrinkles,round glasses,frowning,earring,Rare
1114,Loxley #1114,An owner-controlled on-chain pixel agent with an immutable Public identity and one optional Outlaw transformation.,1114.png,,human rogue,feminine,young,bangs,eye scar,wide eyes,calm,flower behind ear,Common
1115,Loxley #1115,An owner-controlled on-chain pixel agent with an immutable Public identity and one optional Outlaw transformation.,1115.png,,secret agent,feminine,young,pigtails,eye scar,closed eyes,smirking,beanie,Rare
1116,Loxley #1116,An owner-controlled on-chain pixel agent with an immutable Public identity and one optional Outlaw transformation.,1116.png,,human hacker,androgynous,elder,dreadlocks,eye scar,cyber visor,serious,hood up,Common
1117,Loxley #1117,An owner-controlled on-chain pixel agent with an immutable Public identity and one optional Outlaw transformation.,1117.png,,human ranger,masculine,young,dreadlocks,face tattoo,eyepatch,grinning,cigarette,Common
1118,Loxley #1118,An owner-controlled on-chain pixel agent with an immutable Public identity and one optional Outlaw transformation.,1118.png,,alien,androgynous,young,shaved sides,dimples,eyepatch,scowling,cap,Rare
1119,Loxley #1119,An owner-controlled on-chain pixel agent with an immutable Public identity and one optional Outlaw transformation.,1119.png,,portrait dog,masculine,young,messy hair,freckles,eyepatch,neutral,small horns,Rare
1120,Loxley #1120,An owner-controlled on-chain pixel agent with an immutable Public identity and one optional Outlaw transformation.,1120.png,,portrait dog,feminine,young,hooded head,cheek markings,heterochromia,neutral,cigarette,Rare
1121,Loxley #1121,An owner-controlled on-chain pixel agent with an immutable Public identity and one optional Outlaw transformation.,1121.png,,human scout,feminine,young,undercut,nose ring,wide eyes,serious,face mask,Common
1122,Loxley #1122,An owner-controlled on-chain pixel agent with an immutable Public identity and one optional Outlaw transformation.,1122.png,,portrait dog,masculine,elder,messy hair,stubble,closed eyes,serious,earring,Rare
1123,Loxley #1123,An owner-controlled on-chain pixel agent with an immutable Public identity and one optional Outlaw transformation.,1123.png,,portrait dog,masculine,elder,pigtails,nose ring,wide eyes,scowling,nothing on head,Rare
1124,Loxley #1124,An owner-controlled on-chain pixel agent with an immutable Public identity and one optional Outlaw transformation.,1124.png,,alien,feminine,elder,mohawk,mustache,heterochromia,serious,face mask,Rare
1125,Loxley #1125,An owner-controlled on-chain pixel agent with an immutable Public identity and one optional Outlaw transformation.,1125.png,,human phantom,androgynous,elder,buzzcut,clean-shaven,glowing cyber eye,neutral,helmet,Common
1126,Loxley #1126,An owner-controlled on-chain pixel agent with an immutable Public identity and one optional Outlaw transformation.,1126.png,,human scout,masculine,adult,long hair,sideburns,sharp piercing eyes,smirking,flower behind ear,Common
1127,Loxley #1127,An owner-controlled on-chain pixel agent with an immutable Public identity and one optional Outlaw transformation.,1127.png,,human rogue,masculine,young,hooded head,dimples,wide eyes,scowling,bandana,Common
1128,Loxley #1128,An owner-controlled on-chain pixel agent with an immutable Public identity and one optional Outlaw transformation.,1128.png,,human ranger,androgynous,adult,receding hairline,stubble,big round eyes,surprised,glowing halo,Common
1129,Loxley #1129,An owner-controlled on-chain pixel agent with an immutable Public identity and one optional Outlaw transformation.,1129.png,,human rogue,androgynous,adult,hooded head,wrinkles,glowing eyes,scowling,neck chain,Common
1130,Loxley #1130,An owner-controlled on-chain pixel agent with an immutable Public identity and one optional Outlaw transformation.,1130.png,,human phantom,feminine,elder,buzzcut,clean-shaven,sunglasses,smirking,helmet,Common
1131,Loxley #1131,An owner-controlled on-chain pixel agent with an immutable Public identity and one optional Outlaw transformation.,1131.png,,human rogue,feminine,elder,bowl cut,cybernetic jaw,tired eyes,surprised,antenna,Common
1132,Loxley #1132,An owner-controlled on-chain pixel agent with an immutable Public identity and one optional Outlaw transformation.,1132.png,,human scout,androgynous,elder,messy hair,face tattoo,closed eyes,frowning,high collar,Common
1133,Loxley #1133,An owner-controlled on-chain pixel agent with an immutable Public identity and one optional Outlaw transformation.,1133.png,,human hacker,feminine,elder,pigtails,sideburns,narrow eyes,smiling,nothing on head,Common
1134,Loxley #1134,An owner-controlled on-chain pixel agent with an immutable Public identity and one optional Outlaw transformation.,1134.png,,human rogue,feminine,elder,ponytail,mustache,closed eyes,neutral,neck chain,Common
1135,Loxley #1135,An owner-controlled on-chain pixel agent with an immutable Public identity and one optional Outlaw transformation.,1135.png,,alien,masculine,young,dreadlocks,chin strap beard,normal eyes,calm,face mask,Rare
1136,Loxley #1136,An owner-controlled on-chain pixel agent with an immutable Public identity and one optional Outlaw transformation.,1136.png,,secret agent,androgynous,elder,undercut,chin strap beard,sunglasses,smiling,cigarette,Rare
1137,Loxley #1137,An owner-controlled on-chain pixel agent with an immutable Public identity and one optional Outlaw transformation.,1137.png,,alien,androgynous,adult,curly hair,nose ring,square glasses,smirking,nothing on head,Rare
1138,Loxley #1138,An owner-controlled on-chain pixel agent with an immutable Public identity and one optional Outlaw transformation.,1138.png,,human ranger,androgynous,elder,bald,cheek markings,eyepatch,frowning,bandana,Common
1139,Loxley #1139,An owner-controlled on-chain pixel agent with an immutable Public identity and one optional Outlaw transformation.,1139.png,,secret agent,androgynous,adult,bangs,war paint,winking,frowning,crown,Rare
1140,Loxley #1140,An owner-controlled on-chain pixel agent with an immutable Public identity and one optional Outlaw transformation.,1140.png,,human scout,masculine,young,bald,cheek markings,square glasses,serious,bandana,Common
1141,Loxley #1141,An owner-controlled on-chain pixel agent with an immutable Public identity and one optional Outlaw transformation.,1141.png,,human oracle,masculine,young,man-bun,beauty mark,tired eyes,smirking,helmet,Common
1142,Loxley #1142,An owner-controlled on-chain pixel agent with an immutable Public identity and one optional Outlaw transformation.,1142.png,,portrait cat,feminine,elder,pigtails,clean-shaven,glowing cyber eye,scowling,antenna,Rare
1143,Loxley #1143,An owner-controlled on-chain pixel agent with an immutable Public identity and one optional Outlaw transformation.,1143.png,,human ranger,feminine,elder,pigtails,face tattoo,winking,frowning,earring,Common
1144,Loxley #1144,An owner-controlled on-chain pixel agent with an immutable Public identity and one optional Outlaw transformation.,1144.png,,human ranger,feminine,elder,hooded head,eye scar,round glasses,calm,face mask,Common
1145,Loxley #1145,An owner-controlled on-chain pixel agent with an immutable Public identity and one optional Outlaw transformation.,1145.png,,alien,masculine,elder,undercut,wrinkles,tired eyes,serious,headband,Rare
1146,Loxley #1146,An owner-controlled on-chain pixel agent with an immutable Public identity and one optional Outlaw transformation.,1146.png,,portrait cat,masculine,young,undercut,scarred cheek,eyepatch,grinning,helmet,Rare
1147,Loxley #1147,An owner-controlled on-chain pixel agent with an immutable Public identity and one optional Outlaw transformation.,1147.png,,human ranger,feminine,young,shaved sides,face tattoo,narrow eyes,serious,bandana,Common
1148,Loxley #1148,An owner-controlled on-chain pixel agent with an immutable Public identity and one optional Outlaw transformation.,1148.png,,human scout,masculine,adult,top-knot,beauty mark,heterochromia,serious,nothing on head,Common
1149,Loxley #1149,An owner-controlled on-chain pixel agent with an immutable Public identity and one optional Outlaw transformation.,1149.png,,human rogue,androgynous,elder,short hair,goatee,narrow eyes,calm,beanie,Common
1150,Loxley #1150,An owner-controlled on-chain pixel agent with an immutable Public identity and one optional Outlaw transformation.,1150.png,,human oracle,androgynous,elder,long hair,stubble,wide eyes,grinning,scarf,Common
1151,Loxley #1151,An owner-controlled on-chain pixel agent with an immutable Public identity and one optional Outlaw transformation.,1151.png,,human phantom,androgynous,young,slicked-back hair,dimples,square glasses,serious,high collar,Common
1152,Loxley #1152,An owner-controlled on-chain pixel agent with an immutable Public identity and one optional Outlaw transformation.,1152.png,,human oracle,feminine,young,dreadlocks,scarred cheek,winking,scowling,headphones,Common
1153,Loxley #1153,An owner-controlled on-chain pixel agent with an immutable Public identity and one optional Outlaw transformation.,1153.png,,portrait dog,androgynous,adult,shaved sides,freckles,glowing cyber eye,smiling,face mask,Rare
1154,Loxley #1154,An owner-controlled on-chain pixel agent with an immutable Public identity and one optional Outlaw transformation.,1154.png,,human rogue,androgynous,adult,bangs,soul patch,tired eyes,neutral,small horns,Common
1155,Loxley #1155,An owner-controlled on-chain pixel agent with an immutable Public identity and one optional Outlaw transformation.,1155.png,,human scout,androgynous,adult,top-knot,mustache,sharp piercing eyes,smirking,flower behind ear,Common
1156,Loxley #1156,An owner-controlled on-chain pixel agent with an immutable Public identity and one optional Outlaw transformation.,1156.png,,portrait dog,androgynous,adult,cornrows,soul patch,normal eyes,scowling,earring,Rare
1157,Loxley #1157,An owner-controlled on-chain pixel agent with an immutable Public identity and one optional Outlaw transformation.,1157.png,,human hacker,feminine,elder,mohawk,face tattoo,sharp piercing eyes,calm,flower behind ear,Common
1158,Loxley #1158,An owner-controlled on-chain pixel agent with an immutable Public identity and one optional Outlaw transformation.,1158.png,,secret agent,feminine,elder,cornrows,clean-shaven,wide eyes,calm,bandana,Rare
1159,Loxley #1159,An owner-controlled on-chain pixel agent with an immutable Public identity and one optional Outlaw transformation.,1159.png,,alien,masculine,young,long hair,stubble,eyepatch,scowling,beanie,Rare
1160,Loxley #1160,An owner-controlled on-chain pixel agent with an immutable Public identity and one optional Outlaw transformation.,1160.png,,human hacker,feminine,elder,receding hairline,soul patch,winking,grinning,flower behind ear,Common
1161,Loxley #1161,An owner-controlled on-chain pixel agent with an immutable Public identity and one optional Outlaw transformation.,1161.png,,human ranger,masculine,adult,bald,war paint,winking,calm,antenna,Common
1162,Loxley #1162,An owner-controlled on-chain pixel agent with an immutable Public identity and one optional Outlaw transformation.,1162.png,,human oracle,feminine,adult,spiky hair,cheek markings,heterochromia,grinning,headphones,Common
1163,Loxley #1163,An owner-controlled on-chain pixel agent with an immutable Public identity and one optional Outlaw transformation.,1163.png,,portrait cat,androgynous,young,spiky hair,wrinkles,cyber visor,surprised,glowing halo,Rare
1164,Loxley #1164,An owner-controlled on-chain pixel agent with an immutable Public identity and one optional Outlaw transformation.,1164.png,,human phantom,masculine,young,slicked-back hair,war paint,cyber visor,frowning,antenna,Common
1165,Loxley #1165,An owner-controlled on-chain pixel agent with an immutable Public identity and one optional Outlaw transformation.,1165.png,,human hacker,androgynous,adult,undercut,stubble,normal eyes,smirking,beanie,Common
1166,Loxley #1166,An owner-controlled on-chain pixel agent with an immutable Public identity and one optional Outlaw transformation.,1166.png,,human hacker,masculine,young,receding hairline,dimples,tired eyes,neutral,laurel wreath,Common
1167,Loxley #1167,An owner-controlled on-chain pixel agent with an immutable Public identity and one optional Outlaw transformation.,1167.png,,human hacker,feminine,elder,cornrows,cybernetic jaw,sunglasses,calm,flower behind ear,Common
1168,Loxley #1168,An owner-controlled on-chain pixel agent with an immutable Public identity and one optional Outlaw transformation.,1168.png,,human scout,feminine,elder,spiky hair,mustache,winking,scowling,high collar,Common
1169,Loxley #1169,An owner-controlled on-chain pixel agent with an immutable Public identity and one optional Outlaw transformation.,1169.png,,human oracle,feminine,elder,receding hairline,goatee,glowing eyes,calm,headband,Common
1170,Loxley #1170,An owner-controlled on-chain pixel agent with an immutable Public identity and one optional Outlaw transformation.,1170.png,,alien,feminine,elder,spiky hair,face tattoo,big round eyes,serious,headphones,Rare
1171,Loxley #1171,An owner-controlled on-chain pixel agent with an immutable Public identity and one optional Outlaw transformation.,1171.png,,human oracle,androgynous,adult,man-bun,nose ring,glowing cyber eye,neutral,crown,Common
1172,Loxley #1172,An owner-controlled on-chain pixel agent with an immutable Public identity and one optional Outlaw transformation.,1172.png,,human scout,androgynous,young,shaved sides,beauty mark,tired eyes,scowling,hood up,Common
1173,Loxley #1173,An owner-controlled on-chain pixel agent with an immutable Public identity and one optional Outlaw transformation.,1173.png,,human rogue,masculine,adult,bangs,stubble,monocle,grinning,hood up,Common
1174,Loxley #1174,An owner-controlled on-chain pixel agent with an immutable Public identity and one optional Outlaw transformation.,1174.png,,human ranger,feminine,elder,long hair,clean-shaven,sunglasses,smiling,bandana,Common
1175,Loxley #1175,An owner-controlled on-chain pixel agent with an immutable Public identity and one optional Outlaw transformation.,1175.png,,human oracle,feminine,adult,slicked-back hair,cheek markings,cyber visor,smirking,earring,Common
1176,Loxley #1176,An owner-controlled on-chain pixel agent with an immutable Public identity and one optional Outlaw transformation.,1176.png,,human rogue,masculine,elder,ponytail,cybernetic jaw,monocle,surprised,headphones,Common
1177,Loxley #1177,An owner-controlled on-chain pixel agent with an immutable Public identity and one optional Outlaw transformation.,1177.png,,secret agent,feminine,adult,shaved sides,soul patch,glowing eyes,neutral,small horns,Rare
1178,Loxley #1178,An owner-controlled on-chain pixel agent with an immutable Public identity and one optional Outlaw transformation.,1178.png,,portrait dog,androgynous,adult,dreadlocks,dimples,normal eyes,surprised,scarf,Rare
1179,Loxley #1179,An owner-controlled on-chain pixel agent with an immutable Public identity and one optional Outlaw transformation.,1179.png,,human oracle,masculine,elder,bald,cybernetic jaw,wide eyes,frowning,small horns,Common
1180,Loxley #1180,An owner-controlled on-chain pixel agent with an immutable Public identity and one optional Outlaw transformation.,1180.png,,human scout,masculine,young,bald,cheek markings,narrow eyes,smiling,small horns,Common
1181,Loxley #1181,An owner-controlled on-chain pixel agent with an immutable Public identity and one optional Outlaw transformation.,1181.png,,human rogue,androgynous,adult,undercut,cybernetic jaw,narrow eyes,smirking,earring,Common
1182,Loxley #1182,An owner-controlled on-chain pixel agent with an immutable Public identity and one optional Outlaw transformation.,1182.png,,human rogue,masculine,adult,undercut,eye scar,wide eyes,grinning,antenna,Common
1183,Loxley #1183,An owner-controlled on-chain pixel agent with an immutable Public identity and one optional Outlaw transformation.,1183.png,,human ranger,masculine,adult,man-bun,stubble,cyber visor,grinning,cigarette,Common
1184,Loxley #1184,An owner-controlled on-chain pixel agent with an immutable Public identity and one optional Outlaw transformation.,1184.png,,human oracle,masculine,elder,mohawk,soul patch,winking,serious,bandana,Common
1185,Loxley #1185,An owner-controlled on-chain pixel agent with an immutable Public identity and one optional Outlaw transformation.,1185.png,,human phantom,masculine,elder,spiky hair,cheek markings,cyber visor,smiling,face mask,Common
1186,Loxley #1186,An owner-controlled on-chain pixel agent with an immutable Public identity and one optional Outlaw transformation.,1186.png,,human rogue,masculine,elder,curly hair,mustache,heterochromia,smiling,cigarette,Common
1187,Loxley #1187,An owner-controlled on-chain pixel agent with an immutable Public identity and one optional Outlaw transformation.,1187.png,,alien,feminine,young,curly hair,goatee,glowing cyber eye,grinning,headband,Rare
1188,Loxley #1188,An owner-controlled on-chain pixel agent with an immutable Public identity and one optional Outlaw transformation.,1188.png,,human oracle,masculine,adult,shaved sides,dimples,wide eyes,neutral,laurel wreath,Common
1189,Loxley #1189,An owner-controlled on-chain pixel agent with an immutable Public identity and one optional Outlaw transformation.,1189.png,,human phantom,feminine,young,man-bun,cybernetic jaw,cyber visor,surprised,beanie,Common
1190,Loxley #1190,An owner-controlled on-chain pixel agent with an immutable Public identity and one optional Outlaw transformation.,1190.png,,portrait dog,masculine,adult,mohawk,scarred cheek,narrow eyes,neutral,helmet,Rare
1191,Loxley #1191,An owner-controlled on-chain pixel agent with an immutable Public identity and one optional Outlaw transformation.,1191.png,,human scout,feminine,elder,afro hair,war paint,normal eyes,grinning,small horns,Common
1192,Loxley #1192,An owner-controlled on-chain pixel agent with an immutable Public identity and one optional Outlaw transformation.,1192.png,,portrait dog,feminine,elder,ponytail,sideburns,cyber visor,smirking,flower behind ear,Rare
1193,Loxley #1193,An owner-controlled on-chain pixel agent with an immutable Public identity and one optional Outlaw transformation.,1193.png,,human hacker,masculine,elder,top-knot,beauty mark,closed eyes,calm,crown,Common
1194,Loxley #1194,An owner-controlled on-chain pixel agent with an immutable Public identity and one optional Outlaw transformation.,1194.png,,human scout,androgynous,adult,pigtails,cheek markings,normal eyes,grinning,bandana,Common
1195,Loxley #1195,An owner-controlled on-chain pixel agent with an immutable Public identity and one optional Outlaw transformation.,1195.png,,human scout,androgynous,young,bangs,stubble,cyber visor,calm,high collar,Common
1196,Loxley #1196,An owner-controlled on-chain pixel agent with an immutable Public identity and one optional Outlaw transformation.,1196.png,,human oracle,androgynous,young,bowl cut,face tattoo,wide eyes,frowning,laurel wreath,Common
1197,Loxley #1197,An owner-controlled on-chain pixel agent with an immutable Public identity and one optional Outlaw transformation.,1197.png,,secret agent,feminine,elder,undercut,sideburns,square glasses,calm,cigarette,Rare
1198,Loxley #1198,An owner-controlled on-chain pixel agent with an immutable Public identity and one optional Outlaw transformation.,1198.png,,human rogue,androgynous,young,curly hair,full beard,wide eyes,neutral,high collar,Common
1199,Loxley #1199,An owner-controlled on-chain pixel agent with an immutable Public identity and one optional Outlaw transformation.,1199.png,,human rogue,masculine,young,curly hair,scarred cheek,sunglasses,smiling,headphones,Common
1200,Loxley #1200,An owner-controlled on-chain pixel agent with an immutable Public identity and one optional Outlaw transformation.,1200.png,,portrait cat,masculine,young,mohawk,dimples,closed eyes,smirking,flower behind ear,Rare
1201,Loxley #1201,An owner-controlled on-chain pixel agent with an immutable Public identity and one optional Outlaw transformation.,1201.png,,human rogue,feminine,adult,curly hair,wrinkles,normal eyes,calm,cap,Common
1202,Loxley #1202,An owner-controlled on-chain pixel agent with an immutable Public identity and one optional Outlaw transformation.,1202.png,,secret agent,feminine,elder,mohawk,wrinkles,normal eyes,surprised,hood up,Rare
1203,Loxley #1203,An owner-controlled on-chain pixel agent with an immutable Public identity and one optional Outlaw transformation.,1203.png,,human oracle,masculine,adult,messy hair,stubble,normal eyes,calm,neck chain,Common
1204,Loxley #1204,An owner-controlled on-chain pixel agent with an immutable Public identity and one optional Outlaw transformation.,1204.png,,secret agent,feminine,adult,shaved sides,scarred cheek,round glasses,scowling,nothing on head,Rare
1205,Loxley #1205,An owner-controlled on-chain pixel agent with an immutable Public identity and one optional Outlaw transformation.,1205.png,,human oracle,androgynous,young,bowl cut,freckles,sharp piercing eyes,grinning,flower behind ear,Common
1206,Loxley #1206,An owner-controlled on-chain pixel agent with an immutable Public identity and one optional Outlaw transformation.,1206.png,,human hacker,feminine,elder,dreadlocks,goatee,eyepatch,grinning,headphones,Common
1207,Loxley #1207,An owner-controlled on-chain pixel agent with an immutable Public identity and one optional Outlaw transformation.,1207.png,,human phantom,masculine,young,messy hair,soul patch,glowing cyber eye,smiling,small horns,Common
1208,Loxley #1208,An owner-controlled on-chain pixel agent with an immutable Public identity and one optional Outlaw transformation.,1208.png,,human oracle,masculine,elder,man-bun,nose ring,monocle,scowling,small horns,Common
1209,Loxley #1209,An owner-controlled on-chain pixel agent with an immutable Public identity and one optional Outlaw transformation.,1209.png,,human oracle,feminine,elder,curly hair,sideburns,eyepatch,neutral,earring,Common
1210,Loxley #1210,An owner-controlled on-chain pixel agent with an immutable Public identity and one optional Outlaw transformation.,1210.png,,human phantom,androgynous,elder,bald,mustache,square glasses,scowling,high collar,Common
1211,Loxley #1211,An owner-controlled on-chain pixel agent with an immutable Public identity and one optional Outlaw transformation.,1211.png,,human scout,masculine,elder,receding hairline,goatee,normal eyes,calm,earring,Common
1212,Loxley #1212,An owner-controlled on-chain pixel agent with an immutable Public identity and one optional Outlaw transformation.,1212.png,,human oracle,masculine,young,shaved sides,soul patch,winking,surprised,flower behind ear,Common
1213,Loxley #1213,An owner-controlled on-chain pixel agent with an immutable Public identity and one optional Outlaw transformation.,1213.png,,human scout,androgynous,elder,pigtails,freckles,narrow eyes,smirking,headphones,Common
1214,Loxley #1214,An owner-controlled on-chain pixel agent with an immutable Public identity and one optional Outlaw transformation.,1214.png,,secret agent,androgynous,young,long hair,freckles,eyepatch,scowling,small horns,Rare
1215,Loxley #1215,An owner-controlled on-chain pixel agent with an immutable Public identity and one optional Outlaw transformation.,1215.png,,human oracle,feminine,adult,wavy hair,freckles,glowing cyber eye,grinning,helmet,Common
1216,Loxley #1216,An owner-controlled on-chain pixel agent with an immutable Public identity and one optional Outlaw transformation.,1216.png,,human scout,feminine,young,bald,cybernetic jaw,glowing cyber eye,grinning,cigarette,Common
1217,Loxley #1217,An owner-controlled on-chain pixel agent with an immutable Public identity and one optional Outlaw transformation.,1217.png,,human oracle,androgynous,adult,mohawk,war paint,square glasses,neutral,headband,Common
1218,Loxley #1218,An owner-controlled on-chain pixel agent with an immutable Public identity and one optional Outlaw transformation.,1218.png,,secret agent,masculine,elder,mohawk,cheek markings,cyber visor,smirking,face mask,Rare
1219,Loxley #1219,An owner-controlled on-chain pixel agent with an immutable Public identity and one optional Outlaw transformation.,1219.png,,human rogue,androgynous,young,bowl cut,scarred cheek,sunglasses,neutral,cap,Common
1220,Loxley #1220,An owner-controlled on-chain pixel agent with an immutable Public identity and one optional Outlaw transformation.,1220.png,,secret agent,masculine,elder,afro hair,mustache,closed eyes,smiling,headphones,Rare
1221,Loxley #1221,An owner-controlled on-chain pixel agent with an immutable Public identity and one optional Outlaw transformation.,1221.png,,human scout,masculine,elder,mohawk,wrinkles,wide eyes,serious,glowing halo,Common
1222,Loxley #1222,An owner-controlled on-chain pixel agent with an immutable Public identity and one optional Outlaw transformation.,1222.png,,portrait cat,feminine,elder,messy hair,freckles,closed eyes,frowning,high collar,Rare
1223,Loxley #1223,An owner-controlled on-chain pixel agent with an immutable Public identity and one optional Outlaw transformation.,1223.png,,human phantom,androgynous,elder,bald,nose ring,sunglasses,neutral,high collar,Common
1224,Loxley #1224,An owner-controlled on-chain pixel agent with an immutable Public identity and one optional Outlaw transformation.,1224.png,,human scout,masculine,young,afro hair,scarred cheek,winking,frowning,cigarette,Common
1225,Loxley #1225,An owner-controlled on-chain pixel agent with an immutable Public identity and one optional Outlaw transformation.,1225.png,,human ranger,androgynous,young,man-bun,stubble,cyber visor,grinning,cap,Common
1226,Loxley #1226,An owner-controlled on-chain pixel agent with an immutable Public identity and one optional Outlaw transformation.,1226.png,,human scout,feminine,elder,undercut,sideburns,square glasses,grinning,cap,Common
1227,Loxley #1227,An owner-controlled on-chain pixel agent with an immutable Public identity and one optional Outlaw transformation.,1227.png,,human hacker,masculine,young,dreadlocks,cybernetic jaw,monocle,grinning,helmet,Common
1228,Loxley #1228,An owner-controlled on-chain pixel agent with an immutable Public identity and one optional Outlaw transformation.,1228.png,,human rogue,masculine,adult,undercut,scarred cheek,sharp piercing eyes,calm,crown,Common
1229,Loxley #1229,An owner-controlled on-chain pixel agent with an immutable Public identity and one optional Outlaw transformation.,1229.png,,human phantom,masculine,elder,pigtails,full beard,sharp piercing eyes,serious,flower behind ear,Common
1230,Loxley #1230,An owner-controlled on-chain pixel agent with an immutable Public identity and one optional Outlaw transformation.,1230.png,,portrait cat,androgynous,adult,top-knot,face tattoo,normal eyes,smiling,neck chain,Rare
1231,Loxley #1231,An owner-controlled on-chain pixel agent with an immutable Public identity and one optional Outlaw transformation.,1231.png,,human rogue,feminine,elder,short hair,face tattoo,heterochromia,serious,beanie,Common
1232,Loxley #1232,An owner-controlled on-chain pixel agent with an immutable Public identity and one optional Outlaw transformation.,1232.png,,portrait dog,feminine,young,short hair,goatee,monocle,smirking,nothing on head,Rare
1233,Loxley #1233,An owner-controlled on-chain pixel agent with an immutable Public identity and one optional Outlaw transformation.,1233.png,,alien,masculine,elder,dreadlocks,war paint,glowing cyber eye,smirking,beanie,Rare
1234,Loxley #1234,An owner-controlled on-chain pixel agent with an immutable Public identity and one optional Outlaw transformation.,1234.png,,human hacker,androgynous,young,undercut,clean-shaven,heterochromia,frowning,beanie,Common
1235,Loxley #1235,An owner-controlled on-chain pixel agent with an immutable Public identity and one optional Outlaw transformation.,1235.png,,portrait dog,masculine,young,mohawk,scarred cheek,big round eyes,smirking,glowing halo,Rare
1236,Loxley #1236,An owner-controlled on-chain pixel agent with an immutable Public identity and one optional Outlaw transformation.,1236.png,,alien,androgynous,adult,buzzcut,dimples,sunglasses,surprised,neck chain,Rare
1237,Loxley #1237,An owner-controlled on-chain pixel agent with an immutable Public identity and one optional Outlaw transformation.,1237.png,,portrait cat,masculine,adult,spiky hair,clean-shaven,winking,grinning,flower behind ear,Rare
1238,Loxley #1238,An owner-controlled on-chain pixel agent with an immutable Public identity and one optional Outlaw transformation.,1238.png,,human rogue,feminine,elder,long hair,cheek markings,tired eyes,serious,headband,Common
1239,Loxley #1239,An owner-controlled on-chain pixel agent with an immutable Public identity and one optional Outlaw transformation.,1239.png,,portrait cat,masculine,adult,bowl cut,nose ring,heterochromia,grinning,neck chain,Rare
1240,Loxley #1240,An owner-controlled on-chain pixel agent with an immutable Public identity and one optional Outlaw transformation.,1240.png,,portrait dog,feminine,young,mohawk,full beard,closed eyes,smirking,nothing on head,Rare
1241,Loxley #1241,An owner-controlled on-chain pixel agent with an immutable Public identity and one optional Outlaw transformation.,1241.png,,human rogue,androgynous,adult,dreadlocks,stubble,normal eyes,neutral,antenna,Common
1242,Loxley #1242,An owner-controlled on-chain pixel agent with an immutable Public identity and one optional Outlaw transformation.,1242.png,,human ranger,androgynous,elder,cornrows,soul patch,big round eyes,smiling,scarf,Common
1243,Loxley #1243,An owner-controlled on-chain pixel agent with an immutable Public identity and one optional Outlaw transformation.,1243.png,,human rogue,feminine,adult,afro hair,war paint,big round eyes,grinning,beanie,Common
1244,Loxley #1244,An owner-controlled on-chain pixel agent with an immutable Public identity and one optional Outlaw transformation.,1244.png,,human rogue,masculine,elder,long hair,freckles,glowing eyes,frowning,headphones,Common
1245,Loxley #1245,An owner-controlled on-chain pixel agent with an immutable Public identity and one optional Outlaw transformation.,1245.png,,human phantom,feminine,adult,hooded head,eye scar,narrow eyes,serious,hood up,Common
1246,Loxley #1246,An owner-controlled on-chain pixel agent with an immutable Public identity and one optional Outlaw transformation.,1246.png,,human hacker,feminine,elder,dreadlocks,clean-shaven,cyber visor,surprised,headband,Common
1247,Loxley #1247,An owner-controlled on-chain pixel agent with an immutable Public identity and one optional Outlaw transformation.,1247.png,,human rogue,feminine,elder,afro hair,scarred cheek,cyber visor,frowning,cigarette,Common
1248,Loxley #1248,An owner-controlled on-chain pixel agent with an immutable Public identity and one optional Outlaw transformation.,1248.png,,human rogue,androgynous,adult,dreadlocks,stubble,heterochromia,serious,antenna,Common
1249,Loxley #1249,An owner-controlled on-chain pixel agent with an immutable Public identity and one optional Outlaw transformation.,1249.png,,human hacker,feminine,elder,undercut,nose ring,winking,serious,flower behind ear,Common
1250,Loxley #1250,An owner-controlled on-chain pixel agent with an immutable Public identity and one optional Outlaw transformation.,1250.png,,human hacker,androgynous,adult,bowl cut,beauty mark,closed eyes,serious,cap,Common
1251,Loxley #1251,An owner-controlled on-chain pixel agent with an immutable Public identity and one optional Outlaw transformation.,1251.png,,alien,masculine,adult,bowl cut,scarred cheek,sharp piercing eyes,serious,headband,Rare
1252,Loxley #1252,An owner-controlled on-chain pixel agent with an immutable Public identity and one optional Outlaw transformation.,1252.png,,human hacker,feminine,young,curly hair,beauty mark,tired eyes,frowning,headband,Common
1253,Loxley #1253,An owner-controlled on-chain pixel agent with an immutable Public identity and one optional Outlaw transformation.,1253.png,,human rogue,androgynous,young,short hair,wrinkles,closed eyes,scowling,high collar,Common
1254,Loxley #1254,An owner-controlled on-chain pixel agent with an immutable Public identity and one optional Outlaw transformation.,1254.png,,portrait dog,androgynous,elder,shaved sides,sideburns,square glasses,calm,cigarette,Rare
1255,Loxley #1255,An owner-controlled on-chain pixel agent with an immutable Public identity and one optional Outlaw transformation.,1255.png,,secret agent,masculine,elder,undercut,soul patch,monocle,neutral,cigarette,Rare
1256,Loxley #1256,An owner-controlled on-chain pixel agent with an immutable Public identity and one optional Outlaw transformation.,1256.png,,human scout,androgynous,adult,slicked-back hair,clean-shaven,eyepatch,frowning,headphones,Common
1257,Loxley #1257,An owner-controlled on-chain pixel agent with an immutable Public identity and one optional Outlaw transformation.,1257.png,,portrait dog,masculine,adult,long hair,chin strap beard,glowing cyber eye,frowning,beanie,Rare
1258,Loxley #1258,An owner-controlled on-chain pixel agent with an immutable Public identity and one optional Outlaw transformation.,1258.png,,alien,feminine,elder,pigtails,sideburns,cyber visor,smiling,neck chain,Rare
1259,Loxley #1259,An owner-controlled on-chain pixel agent with an immutable Public identity and one optional Outlaw transformation.,1259.png,,portrait dog,androgynous,elder,dreadlocks,chin strap beard,eyepatch,grinning,earring,Rare
1260,Loxley #1260,An owner-controlled on-chain pixel agent with an immutable Public identity and one optional Outlaw transformation.,1260.png,,human phantom,androgynous,adult,bowl cut,cybernetic jaw,normal eyes,neutral,nothing on head,Common
1261,Loxley #1261,An owner-controlled on-chain pixel agent with an immutable Public identity and one optional Outlaw transformation.,1261.png,,human phantom,androgynous,elder,shaved sides,cybernetic jaw,sunglasses,frowning,hood up,Common
1262,Loxley #1262,An owner-controlled on-chain pixel agent with an immutable Public identity and one optional Outlaw transformation.,1262.png,,human scout,androgynous,young,bowl cut,soul patch,narrow eyes,serious,high collar,Common
1263,Loxley #1263,An owner-controlled on-chain pixel agent with an immutable Public identity and one optional Outlaw transformation.,1263.png,,human rogue,masculine,elder,pigtails,beauty mark,sharp piercing eyes,surprised,flower behind ear,Common
1264,Loxley #1264,An owner-controlled on-chain pixel agent with an immutable Public identity and one optional Outlaw transformation.,1264.png,,human oracle,feminine,young,bangs,soul patch,sharp piercing eyes,grinning,cigarette,Common
1265,Loxley #1265,An owner-controlled on-chain pixel agent with an immutable Public identity and one optional Outlaw transformation.,1265.png,,portrait cat,feminine,elder,bangs,scarred cheek,monocle,smirking,headphones,Rare
1266,Loxley #1266,An owner-controlled on-chain pixel agent with an immutable Public identity and one optional Outlaw transformation.,1266.png,,human rogue,feminine,adult,buzzcut,stubble,sharp piercing eyes,smirking,flower behind ear,Common
1267,Loxley #1267,An owner-controlled on-chain pixel agent with an immutable Public identity and one optional Outlaw transformation.,1267.png,,portrait cat,masculine,young,pigtails,full beard,closed eyes,calm,cap,Rare
1268,Loxley #1268,An owner-controlled on-chain pixel agent with an immutable Public identity and one optional Outlaw transformation.,1268.png,,human hacker,masculine,elder,slicked-back hair,full beard,monocle,smirking,flower behind ear,Common
1269,Loxley #1269,An owner-controlled on-chain pixel agent with an immutable Public identity and one optional Outlaw transformation.,1269.png,,human ranger,androgynous,adult,curly hair,chin strap beard,glowing eyes,serious,cap,Common
1270,Loxley #1270,An owner-controlled on-chain pixel agent with an immutable Public identity and one optional Outlaw transformation.,1270.png,,human ranger,androgynous,elder,pigtails,eye scar,cyber visor,smirking,headphones,Common
1271,Loxley #1271,An owner-controlled on-chain pixel agent with an immutable Public identity and one optional Outlaw transformation.,1271.png,,human oracle,masculine,elder,spiky hair,face tattoo,sharp piercing eyes,surprised,scarf,Common
1272,Loxley #1272,An owner-controlled on-chain pixel agent with an immutable Public identity and one optional Outlaw transformation.,1272.png,,human ranger,feminine,adult,man-bun,cybernetic jaw,wide eyes,serious,nothing on head,Common
1273,Loxley #1273,An owner-controlled on-chain pixel agent with an immutable Public identity and one optional Outlaw transformation.,1273.png,,human ranger,feminine,adult,dreadlocks,cybernetic jaw,wide eyes,calm,cigarette,Common
1274,Loxley #1274,An owner-controlled on-chain pixel agent with an immutable Public identity and one optional Outlaw transformation.,1274.png,,human ranger,feminine,young,short hair,stubble,narrow eyes,smirking,glowing halo,Common
1275,Loxley #1275,An owner-controlled on-chain pixel agent with an immutable Public identity and one optional Outlaw transformation.,1275.png,,human scout,masculine,adult,mohawk,scarred cheek,narrow eyes,calm,small horns,Common
1276,Loxley #1276,An owner-controlled on-chain pixel agent with an immutable Public identity and one optional Outlaw transformation.,1276.png,,human oracle,masculine,adult,man-bun,chin strap beard,wide eyes,smirking,nothing on head,Common
1277,Loxley #1277,An owner-controlled on-chain pixel agent with an immutable Public identity and one optional Outlaw transformation.,1277.png,,portrait dog,feminine,adult,buzzcut,mustache,closed eyes,scowling,scarf,Rare
1278,Loxley #1278,An owner-controlled on-chain pixel agent with an immutable Public identity and one optional Outlaw transformation.,1278.png,,human phantom,androgynous,young,hooded head,war paint,winking,surprised,high collar,Common
1279,Loxley #1279,An owner-controlled on-chain pixel agent with an immutable Public identity and one optional Outlaw transformation.,1279.png,,human scout,masculine,elder,short hair,chin strap beard,sharp piercing eyes,frowning,earring,Common
1280,Loxley #1280,An owner-controlled on-chain pixel agent with an immutable Public identity and one optional Outlaw transformation.,1280.png,,human phantom,feminine,young,messy hair,dimples,narrow eyes,smirking,helmet,Common
1281,Loxley #1281,An owner-controlled on-chain pixel agent with an immutable Public identity and one optional Outlaw transformation.,1281.png,,human phantom,feminine,elder,receding hairline,soul patch,round glasses,surprised,neck chain,Common
1282,Loxley #1282,An owner-controlled on-chain pixel agent with an immutable Public identity and one optional Outlaw transformation.,1282.png,,human phantom,feminine,elder,cornrows,wrinkles,eyepatch,neutral,laurel wreath,Common
1283,Loxley #1283,An owner-controlled on-chain pixel agent with an immutable Public identity and one optional Outlaw transformation.,1283.png,,human oracle,feminine,adult,slicked-back hair,freckles,closed eyes,grinning,small horns,Common
1284,Loxley #1284,An owner-controlled on-chain pixel agent with an immutable Public identity and one optional Outlaw transformation.,1284.png,,human phantom,masculine,elder,mohawk,dimples,normal eyes,calm,nothing on head,Common
1285,Loxley #1285,An owner-controlled on-chain pixel agent with an immutable Public identity and one optional Outlaw transformation.,1285.png,,human phantom,feminine,adult,hooded head,mustache,eyepatch,frowning,scarf,Common
1286,Loxley #1286,An owner-controlled on-chain pixel agent with an immutable Public identity and one optional Outlaw transformation.,1286.png,,portrait cat,androgynous,adult,long hair,war paint,normal eyes,surprised,nothing on head,Rare
1287,Loxley #1287,An owner-controlled on-chain pixel agent with an immutable Public identity and one optional Outlaw transformation.,1287.png,,human scout,feminine,adult,hooded head,stubble,closed eyes,smirking,headphones,Common
1288,Loxley #1288,An owner-controlled on-chain pixel agent with an immutable Public identity and one optional Outlaw transformation.,1288.png,,human scout,androgynous,elder,bowl cut,face tattoo,closed eyes,serious,nothing on head,Common
1289,Loxley #1289,An owner-controlled on-chain pixel agent with an immutable Public identity and one optional Outlaw transformation.,1289.png,,human hacker,androgynous,elder,spiky hair,sideburns,sunglasses,grinning,earring,Common
1290,Loxley #1290,An owner-controlled on-chain pixel agent with an immutable Public identity and one optional Outlaw transformation.,1290.png,,human oracle,feminine,elder,messy hair,scarred cheek,square glasses,scowling,small horns,Common
1291,Loxley #1291,An owner-controlled on-chain pixel agent with an immutable Public identity and one optional Outlaw transformation.,1291.png,,human ranger,feminine,adult,bald,soul patch,big round eyes,frowning,headband,Common
1292,Loxley #1292,An owner-controlled on-chain pixel agent with an immutable Public identity and one optional Outlaw transformation.,1292.png,,human rogue,feminine,elder,bowl cut,soul patch,round glasses,frowning,beanie,Common
1293,Loxley #1293,An owner-controlled on-chain pixel agent with an immutable Public identity and one optional Outlaw transformation.,1293.png,,human scout,masculine,elder,slicked-back hair,clean-shaven,round glasses,smiling,hood up,Common
1294,Loxley #1294,An owner-controlled on-chain pixel agent with an immutable Public identity and one optional Outlaw transformation.,1294.png,,secret agent,feminine,elder,bangs,chin strap beard,square glasses,serious,flower behind ear,Rare
1295,Loxley #1295,An owner-controlled on-chain pixel agent with an immutable Public identity and one optional Outlaw transformation.,1295.png,,alien,androgynous,adult,shaved sides,dimples,winking,smirking,glowing halo,Rare
1296,Loxley #1296,An owner-controlled on-chain pixel agent with an immutable Public identity and one optional Outlaw transformation.,1296.png,,human scout,masculine,adult,curly hair,cheek markings,closed eyes,frowning,helmet,Common
1297,Loxley #1297,An owner-controlled on-chain pixel agent with an immutable Public identity and one optional Outlaw transformation.,1297.png,,human rogue,feminine,adult,shaved sides,full beard,glowing cyber eye,grinning,headphones,Common
1298,Loxley #1298,An owner-controlled on-chain pixel agent with an immutable Public identity and one optional Outlaw transformation.,1298.png,,alien,feminine,elder,mohawk,beauty mark,normal eyes,scowling,glowing halo,Rare
1299,Loxley #1299,An owner-controlled on-chain pixel agent with an immutable Public identity and one optional Outlaw transformation.,1299.png,,human phantom,feminine,adult,ponytail,face tattoo,square glasses,serious,small horns,Common
1300,Loxley #1300,An owner-controlled on-chain pixel agent with an immutable Public identity and one optional Outlaw transformation.,1300.png,,secret agent,androgynous,young,undercut,chin strap beard,narrow eyes,scowling,antenna,Rare
1301,Loxley #1301,An owner-controlled on-chain pixel agent with an immutable Public identity and one optional Outlaw transformation.,1301.png,,secret agent,masculine,adult,wavy hair,wrinkles,glowing eyes,neutral,small horns,Rare
1302,Loxley #1302,An owner-controlled on-chain pixel agent with an immutable Public identity and one optional Outlaw transformation.,1302.png,,human scout,feminine,elder,curly hair,chin strap beard,round glasses,surprised,neck chain,Common
1303,Loxley #1303,An owner-controlled on-chain pixel agent with an immutable Public identity and one optional Outlaw transformation.,1303.png,,secret agent,masculine,adult,buzzcut,full beard,square glasses,smirking,headband,Rare
1304,Loxley #1304,An owner-controlled on-chain pixel agent with an immutable Public identity and one optional Outlaw transformation.,1304.png,,human phantom,feminine,adult,ponytail,full beard,big round eyes,smirking,cigarette,Common
1305,Loxley #1305,An owner-controlled on-chain pixel agent with an immutable Public identity and one optional Outlaw transformation.,1305.png,,portrait dog,masculine,adult,buzzcut,wrinkles,normal eyes,serious,cigarette,Rare
1306,Loxley #1306,An owner-controlled on-chain pixel agent with an immutable Public identity and one optional Outlaw transformation.,1306.png,,human rogue,androgynous,elder,wavy hair,soul patch,eyepatch,calm,neck chain,Common
1307,Loxley #1307,An owner-controlled on-chain pixel agent with an immutable Public identity and one optional Outlaw transformation.,1307.png,,human scout,masculine,adult,dreadlocks,nose ring,monocle,scowling,cigarette,Common
1308,Loxley #1308,An owner-controlled on-chain pixel agent with an immutable Public identity and one optional Outlaw transformation.,1308.png,,human oracle,masculine,elder,slicked-back hair,freckles,sharp piercing eyes,surprised,headband,Common
1309,Loxley #1309,An owner-controlled on-chain pixel agent with an immutable Public identity and one optional Outlaw transformation.,1309.png,,human ranger,masculine,adult,long hair,wrinkles,sunglasses,frowning,crown,Common
1310,Loxley #1310,An owner-controlled on-chain pixel agent with an immutable Public identity and one optional Outlaw transformation.,1310.png,,human hacker,androgynous,elder,dreadlocks,cheek markings,normal eyes,surprised,headband,Common
1311,Loxley #1311,An owner-controlled on-chain pixel agent with an immutable Public identity and one optional Outlaw transformation.,1311.png,,human scout,masculine,elder,cornrows,eye scar,monocle,calm,crown,Common
1312,Loxley #1312,An owner-controlled on-chain pixel agent with an immutable Public identity and one optional Outlaw transformation.,1312.png,,secret agent,masculine,adult,slicked-back hair,full beard,heterochromia,smiling,flower behind ear,Rare
1313,Loxley #1313,An owner-controlled on-chain pixel agent with an immutable Public identity and one optional Outlaw transformation.,1313.png,,human rogue,androgynous,young,long hair,cybernetic jaw,winking,smirking,laurel wreath,Common
1314,Loxley #1314,An owner-controlled on-chain pixel agent with an immutable Public identity and one optional Outlaw transformation.,1314.png,,human ranger,masculine,adult,spiky hair,face tattoo,glowing eyes,smiling,beanie,Common
1315,Loxley #1315,An owner-controlled on-chain pixel agent with an immutable Public identity and one optional Outlaw transformation.,1315.png,,human ranger,masculine,adult,undercut,stubble,eyepatch,surprised,crown,Common
1316,Loxley #1316,An owner-controlled on-chain pixel agent with an immutable Public identity and one optional Outlaw transformation.,1316.png,,human scout,masculine,adult,messy hair,dimples,monocle,scowling,crown,Common
1317,Loxley #1317,An owner-controlled on-chain pixel agent with an immutable Public identity and one optional Outlaw transformation.,1317.png,,human hacker,androgynous,young,bangs,cybernetic jaw,square glasses,serious,headband,Common
1318,Loxley #1318,An owner-controlled on-chain pixel agent with an immutable Public identity and one optional Outlaw transformation.,1318.png,,portrait dog,feminine,young,ponytail,nose ring,wide eyes,smiling,scarf,Rare
1319,Loxley #1319,An owner-controlled on-chain pixel agent with an immutable Public identity and one optional Outlaw transformation.,1319.png,,human scout,androgynous,elder,undercut,dimples,square glasses,scowling,laurel wreath,Common
1320,Loxley #1320,An owner-controlled on-chain pixel agent with an immutable Public identity and one optional Outlaw transformation.,1320.png,,portrait dog,androgynous,elder,undercut,freckles,round glasses,scowling,hood up,Rare
1321,Loxley #1321,An owner-controlled on-chain pixel agent with an immutable Public identity and one optional Outlaw transformation.,1321.png,,portrait cat,masculine,elder,buzzcut,freckles,cyber visor,neutral,nothing on head,Rare
1322,Loxley #1322,An owner-controlled on-chain pixel agent with an immutable Public identity and one optional Outlaw transformation.,1322.png,,human hacker,masculine,adult,short hair,mustache,glowing eyes,surprised,neck chain,Common
1323,Loxley #1323,An owner-controlled on-chain pixel agent with an immutable Public identity and one optional Outlaw transformation.,1323.png,,human oracle,masculine,adult,curly hair,full beard,sharp piercing eyes,smiling,earring,Common
1324,Loxley #1324,An owner-controlled on-chain pixel agent with an immutable Public identity and one optional Outlaw transformation.,1324.png,,human ranger,masculine,adult,undercut,war paint,glowing cyber eye,surprised,hood up,Common
1325,Loxley #1325,An owner-controlled on-chain pixel agent with an immutable Public identity and one optional Outlaw transformation.,1325.png,,human hacker,masculine,young,dreadlocks,goatee,cyber visor,surprised,scarf,Common
1326,Loxley #1326,An owner-controlled on-chain pixel agent with an immutable Public identity and one optional Outlaw transformation.,1326.png,,secret agent,masculine,elder,cornrows,scarred cheek,winking,scowling,headband,Rare
1327,Loxley #1327,An owner-controlled on-chain pixel agent with an immutable Public identity and one optional Outlaw transformation.,1327.png,,portrait cat,masculine,young,hooded head,nose ring,closed eyes,frowning,small horns,Rare
1328,Loxley #1328,An owner-controlled on-chain pixel agent with an immutable Public identity and one optional Outlaw transformation.,1328.png,,alien,androgynous,young,buzzcut,cheek markings,closed eyes,smirking,small horns,Rare
1329,Loxley #1329,An owner-controlled on-chain pixel agent with an immutable Public identity and one optional Outlaw transformation.,1329.png,,human scout,androgynous,young,receding hairline,soul patch,wide eyes,neutral,face mask,Common
1330,Loxley #1330,An owner-controlled on-chain pixel agent with an immutable Public identity and one optional Outlaw transformation.,1330.png,,human phantom,masculine,elder,hooded head,war paint,glowing cyber eye,smirking,laurel wreath,Common
1331,Loxley #1331,An owner-controlled on-chain pixel agent with an immutable Public identity and one optional Outlaw transformation.,1331.png,,secret agent,androgynous,adult,bangs,eye scar,round glasses,smirking,glowing halo,Rare
1332,Loxley #1332,An owner-controlled on-chain pixel agent with an immutable Public identity and one optional Outlaw transformation.,1332.png,,secret agent,masculine,adult,top-knot,face tattoo,glowing eyes,neutral,cap,Rare
1333,Loxley #1333,An owner-controlled on-chain pixel agent with an immutable Public identity and one optional Outlaw transformation.,1333.png,,human phantom,androgynous,young,ponytail,eye scar,eyepatch,calm,glowing halo,Common
1334,Loxley #1334,An owner-controlled on-chain pixel agent with an immutable Public identity and one optional Outlaw transformation.,1334.png,,alien,feminine,adult,dreadlocks,beauty mark,tired eyes,surprised,neck chain,Rare
1335,Loxley #1335,An owner-controlled on-chain pixel agent with an immutable Public identity and one optional Outlaw transformation.,1335.png,,human hacker,feminine,adult,dreadlocks,full beard,closed eyes,smirking,headband,Common
1336,Loxley #1336,An owner-controlled on-chain pixel agent with an immutable Public identity and one optional Outlaw transformation.,1336.png,,human ranger,feminine,young,shaved sides,war paint,glowing eyes,calm,high collar,Common
1337,Loxley #1337,An owner-controlled on-chain pixel agent with an immutable Public identity and one optional Outlaw transformation.,1337.png,,human phantom,androgynous,young,hooded head,chin strap beard,round glasses,smirking,cigarette,Common
1338,Loxley #1338,An owner-controlled on-chain pixel agent with an immutable Public identity and one optional Outlaw transformation.,1338.png,,human oracle,masculine,elder,man-bun,wrinkles,narrow eyes,grinning,antenna,Common
1339,Loxley #1339,An owner-controlled on-chain pixel agent with an immutable Public identity and one optional Outlaw transformation.,1339.png,,portrait cat,masculine,elder,mohawk,dimples,heterochromia,calm,face mask,Rare
1340,Loxley #1340,An owner-controlled on-chain pixel agent with an immutable Public identity and one optional Outlaw transformation.,1340.png,,human rogue,androgynous,elder,cornrows,dimples,eyepatch,frowning,laurel wreath,Common
1341,Loxley #1341,An owner-controlled on-chain pixel agent with an immutable Public identity and one optional Outlaw transformation.,1341.png,,human hacker,masculine,elder,receding hairline,goatee,glowing eyes,frowning,crown,Common
1342,Loxley #1342,An owner-controlled on-chain pixel agent with an immutable Public identity and one optional Outlaw transformation.,1342.png,,human phantom,androgynous,elder,shaved sides,mustache,tired eyes,surprised,earring,Common
1343,Loxley #1343,An owner-controlled on-chain pixel agent with an immutable Public identity and one optional Outlaw transformation.,1343.png,,human hacker,feminine,elder,mohawk,soul patch,square glasses,serious,antenna,Common
1344,Loxley #1344,An owner-controlled on-chain pixel agent with an immutable Public identity and one optional Outlaw transformation.,1344.png,,portrait cat,masculine,elder,undercut,full beard,sunglasses,grinning,scarf,Rare
1345,Loxley #1345,An owner-controlled on-chain pixel agent with an immutable Public identity and one optional Outlaw transformation.,1345.png,,human rogue,masculine,adult,curly hair,dimples,cyber visor,smiling,headphones,Common
1346,Loxley #1346,An owner-controlled on-chain pixel agent with an immutable Public identity and one optional Outlaw transformation.,1346.png,,portrait dog,androgynous,elder,bangs,eye scar,narrow eyes,frowning,headphones,Rare
1347,Loxley #1347,An owner-controlled on-chain pixel agent with an immutable Public identity and one optional Outlaw transformation.,1347.png,,human rogue,androgynous,young,afro hair,cheek markings,closed eyes,frowning,nothing on head,Common
1348,Loxley #1348,An owner-controlled on-chain pixel agent with an immutable Public identity and one optional Outlaw transformation.,1348.png,,human scout,feminine,elder,short hair,cheek markings,tired eyes,scowling,scarf,Common
1349,Loxley #1349,An owner-controlled on-chain pixel agent with an immutable Public identity and one optional Outlaw transformation.,1349.png,,human ranger,masculine,adult,man-bun,cheek markings,sharp piercing eyes,grinning,face mask,Common
1350,Loxley #1350,An owner-controlled on-chain pixel agent with an immutable Public identity and one optional Outlaw transformation.,1350.png,,human hacker,masculine,adult,receding hairline,cheek markings,glowing cyber eye,neutral,glowing halo,Common
1351,Loxley #1351,An owner-controlled on-chain pixel agent with an immutable Public identity and one optional Outlaw transformation.,1351.png,,human rogue,androgynous,elder,bangs,full beard,tired eyes,surprised,flower behind ear,Common
1352,Loxley #1352,An owner-controlled on-chain pixel agent with an immutable Public identity and one optional Outlaw transformation.,1352.png,,human rogue,androgynous,elder,buzzcut,full beard,closed eyes,serious,hood up,Common
1353,Loxley #1353,An owner-controlled on-chain pixel agent with an immutable Public identity and one optional Outlaw transformation.,1353.png,,human hacker,androgynous,young,spiky hair,war paint,big round eyes,serious,bandana,Common
1354,Loxley #1354,An owner-controlled on-chain pixel agent with an immutable Public identity and one optional Outlaw transformation.,1354.png,,human ranger,androgynous,young,bangs,dimples,tired eyes,neutral,scarf,Common
1355,Loxley #1355,An owner-controlled on-chain pixel agent with an immutable Public identity and one optional Outlaw transformation.,1355.png,,secret agent,masculine,adult,bald,cheek markings,winking,calm,laurel wreath,Rare
1356,Loxley #1356,An owner-controlled on-chain pixel agent with an immutable Public identity and one optional Outlaw transformation.,1356.png,,human scout,androgynous,young,spiky hair,war paint,winking,scowling,headphones,Common
1357,Loxley #1357,An owner-controlled on-chain pixel agent with an immutable Public identity and one optional Outlaw transformation.,1357.png,,portrait cat,masculine,elder,receding hairline,nose ring,glowing cyber eye,neutral,bandana,Rare
1358,Loxley #1358,An owner-controlled on-chain pixel agent with an immutable Public identity and one optional Outlaw transformation.,1358.png,,human scout,androgynous,young,dreadlocks,chin strap beard,winking,smiling,beanie,Common
1359,Loxley #1359,An owner-controlled on-chain pixel agent with an immutable Public identity and one optional Outlaw transformation.,1359.png,,human oracle,androgynous,adult,curly hair,cybernetic jaw,sunglasses,frowning,helmet,Common
1360,Loxley #1360,An owner-controlled on-chain pixel agent with an immutable Public identity and one optional Outlaw transformation.,1360.png,,portrait cat,masculine,elder,spiky hair,mustache,square glasses,surprised,neck chain,Rare
1361,Loxley #1361,An owner-controlled on-chain pixel agent with an immutable Public identity and one optional Outlaw transformation.,1361.png,,human ranger,androgynous,adult,buzzcut,war paint,closed eyes,surprised,glowing halo,Common
1362,Loxley #1362,An owner-controlled on-chain pixel agent with an immutable Public identity and one optional Outlaw transformation.,1362.png,,secret agent,masculine,elder,dreadlocks,war paint,closed eyes,neutral,bandana,Rare
1363,Loxley #1363,An owner-controlled on-chain pixel agent with an immutable Public identity and one optional Outlaw transformation.,1363.png,,human oracle,masculine,young,bald,mustache,normal eyes,surprised,laurel wreath,Common
1364,Loxley #1364,An owner-controlled on-chain pixel agent with an immutable Public identity and one optional Outlaw transformation.,1364.png,,human phantom,androgynous,elder,long hair,dimples,sharp piercing eyes,smiling,crown,Common
1365,Loxley #1365,An owner-controlled on-chain pixel agent with an immutable Public identity and one optional Outlaw transformation.,1365.png,,portrait cat,androgynous,young,afro hair,cheek markings,big round eyes,calm,bandana,Rare
1366,Loxley #1366,An owner-controlled on-chain pixel agent with an immutable Public identity and one optional Outlaw transformation.,1366.png,,human hacker,masculine,elder,long hair,scarred cheek,big round eyes,serious,helmet,Common
1367,Loxley #1367,An owner-controlled on-chain pixel agent with an immutable Public identity and one optional Outlaw transformation.,1367.png,,portrait dog,masculine,adult,cornrows,goatee,monocle,smirking,high collar,Rare
1368,Loxley #1368,An owner-controlled on-chain pixel agent with an immutable Public identity and one optional Outlaw transformation.,1368.png,,human oracle,masculine,young,bald,eye scar,cyber visor,surprised,beanie,Common
1369,Loxley #1369,An owner-controlled on-chain pixel agent with an immutable Public identity and one optional Outlaw transformation.,1369.png,,alien,feminine,adult,long hair,goatee,winking,neutral,headphones,Rare
1370,Loxley #1370,An owner-controlled on-chain pixel agent with an immutable Public identity and one optional Outlaw transformation.,1370.png,,human ranger,androgynous,elder,short hair,war paint,eyepatch,neutral,bandana,Common
1371,Loxley #1371,An owner-controlled on-chain pixel agent with an immutable Public identity and one optional Outlaw transformation.,1371.png,,human phantom,androgynous,elder,shaved sides,war paint,wide eyes,serious,neck chain,Common
1372,Loxley #1372,An owner-controlled on-chain pixel agent with an immutable Public identity and one optional Outlaw transformation.,1372.png,,human rogue,feminine,adult,long hair,sideburns,sharp piercing eyes,frowning,crown,Common
1373,Loxley #1373,An owner-controlled on-chain pixel agent with an immutable Public identity and one optional Outlaw transformation.,1373.png,,human oracle,feminine,young,afro hair,beauty mark,tired eyes,smirking,crown,Common
1374,Loxley #1374,An owner-controlled on-chain pixel agent with an immutable Public identity and one optional Outlaw transformation.,1374.png,,portrait dog,feminine,adult,hooded head,soul patch,glowing eyes,smirking,hood up,Rare
1375,Loxley #1375,An owner-controlled on-chain pixel agent with an immutable Public identity and one optional Outlaw transformation.,1375.png,,human oracle,feminine,young,afro hair,mustache,glowing eyes,smirking,beanie,Common
1376,Loxley #1376,An owner-controlled on-chain pixel agent with an immutable Public identity and one optional Outlaw transformation.,1376.png,,human scout,masculine,elder,shaved sides,mustache,glowing eyes,frowning,scarf,Common
1377,Loxley #1377,An owner-controlled on-chain pixel agent with an immutable Public identity and one optional Outlaw transformation.,1377.png,,human scout,androgynous,elder,bald,wrinkles,tired eyes,neutral,small horns,Common
1378,Loxley #1378,An owner-controlled on-chain pixel agent with an immutable Public identity and one optional Outlaw transformation.,1378.png,,human rogue,feminine,adult,man-bun,wrinkles,narrow eyes,smiling,cigarette,Common
1379,Loxley #1379,An owner-controlled on-chain pixel agent with an immutable Public identity and one optional Outlaw transformation.,1379.png,,portrait cat,masculine,elder,receding hairline,cheek markings,narrow eyes,smirking,antenna,Rare
1380,Loxley #1380,An owner-controlled on-chain pixel agent with an immutable Public identity and one optional Outlaw transformation.,1380.png,,human phantom,androgynous,young,cornrows,face tattoo,wide eyes,serious,hood up,Common
1381,Loxley #1381,An owner-controlled on-chain pixel agent with an immutable Public identity and one optional Outlaw transformation.,1381.png,,portrait cat,androgynous,elder,short hair,beauty mark,wide eyes,frowning,headband,Rare
1382,Loxley #1382,An owner-controlled on-chain pixel agent with an immutable Public identity and one optional Outlaw transformation.,1382.png,,portrait cat,feminine,adult,messy hair,nose ring,cyber visor,frowning,scarf,Rare
1383,Loxley #1383,An owner-controlled on-chain pixel agent with an immutable Public identity and one optional Outlaw transformation.,1383.png,,human oracle,feminine,elder,bowl cut,chin strap beard,round glasses,neutral,neck chain,Common
1384,Loxley #1384,An owner-controlled on-chain pixel agent with an immutable Public identity and one optional Outlaw transformation.,1384.png,,human rogue,masculine,adult,top-knot,goatee,eyepatch,smirking,face mask,Common
1385,Loxley #1385,An owner-controlled on-chain pixel agent with an immutable Public identity and one optional Outlaw transformation.,1385.png,,portrait cat,masculine,young,pigtails,soul patch,tired eyes,frowning,small horns,Rare
1386,Loxley #1386,An owner-controlled on-chain pixel agent with an immutable Public identity and one optional Outlaw transformation.,1386.png,,human oracle,feminine,young,ponytail,cheek markings,sunglasses,smirking,crown,Common
1387,Loxley #1387,An owner-controlled on-chain pixel agent with an immutable Public identity and one optional Outlaw transformation.,1387.png,,human ranger,feminine,young,curly hair,freckles,normal eyes,surprised,flower behind ear,Common
1388,Loxley #1388,An owner-controlled on-chain pixel agent with an immutable Public identity and one optional Outlaw transformation.,1388.png,,human phantom,masculine,young,afro hair,dimples,sharp piercing eyes,serious,nothing on head,Common
1389,Loxley #1389,An owner-controlled on-chain pixel agent with an immutable Public identity and one optional Outlaw transformation.,1389.png,,human ranger,androgynous,young,bowl cut,dimples,glowing cyber eye,smiling,flower behind ear,Common
1390,Loxley #1390,An owner-controlled on-chain pixel agent with an immutable Public identity and one optional Outlaw transformation.,1390.png,,human ranger,feminine,adult,slicked-back hair,sideburns,big round eyes,surprised,hood up,Common
1391,Loxley #1391,An owner-controlled on-chain pixel agent with an immutable Public identity and one optional Outlaw transformation.,1391.png,,human scout,masculine,young,short hair,dimples,winking,smirking,cigarette,Common
1392,Loxley #1392,An owner-controlled on-chain pixel agent with an immutable Public identity and one optional Outlaw transformation.,1392.png,,alien,masculine,elder,cornrows,dimples,heterochromia,scowling,cap,Rare
1393,Loxley #1393,An owner-controlled on-chain pixel agent with an immutable Public identity and one optional Outlaw transformation.,1393.png,,alien,feminine,elder,man-bun,goatee,square glasses,smirking,cap,Rare
1394,Loxley #1394,An owner-controlled on-chain pixel agent with an immutable Public identity and one optional Outlaw transformation.,1394.png,,human oracle,androgynous,young,top-knot,war paint,sharp piercing eyes,smirking,antenna,Common
1395,Loxley #1395,An owner-controlled on-chain pixel agent with an immutable Public identity and one optional Outlaw transformation.,1395.png,,human phantom,masculine,adult,curly hair,full beard,tired eyes,smirking,earring,Common
1396,Loxley #1396,An owner-controlled on-chain pixel agent with an immutable Public identity and one optional Outlaw transformation.,1396.png,,human hacker,masculine,elder,hooded head,cheek markings,tired eyes,grinning,earring,Common
1397,Loxley #1397,An owner-controlled on-chain pixel agent with an immutable Public identity and one optional Outlaw transformation.,1397.png,,portrait dog,androgynous,young,hooded head,freckles,winking,grinning,hood up,Rare
1398,Loxley #1398,An owner-controlled on-chain pixel agent with an immutable Public identity and one optional Outlaw transformation.,1398.png,,portrait cat,feminine,adult,receding hairline,chin strap beard,monocle,scowling,flower behind ear,Rare
1399,Loxley #1399,An owner-controlled on-chain pixel agent with an immutable Public identity and one optional Outlaw transformation.,1399.png,,human hacker,androgynous,adult,dreadlocks,clean-shaven,square glasses,smiling,beanie,Common
1400,Loxley #1400,An owner-controlled on-chain pixel agent with an immutable Public identity and one optional Outlaw transformation.,1400.png,,human hacker,feminine,adult,hooded head,wrinkles,winking,serious,headband,Common
1401,Loxley #1401,An owner-controlled on-chain pixel agent with an immutable Public identity and one optional Outlaw transformation.,1401.png,,human oracle,androgynous,young,hooded head,mustache,eyepatch,smiling,neck chain,Common
1402,Loxley #1402,An owner-controlled on-chain pixel agent with an immutable Public identity and one optional Outlaw transformation.,1402.png,,human rogue,masculine,young,curly hair,soul patch,winking,grinning,headband,Common
1403,Loxley #1403,An owner-controlled on-chain pixel agent with an immutable Public identity and one optional Outlaw transformation.,1403.png,,secret agent,androgynous,young,bald,chin strap beard,heterochromia,smiling,face mask,Rare
1404,Loxley #1404,An owner-controlled on-chain pixel agent with an immutable Public identity and one optional Outlaw transformation.,1404.png,,human rogue,androgynous,adult,undercut,eye scar,closed eyes,scowling,face mask,Common
1405,Loxley #1405,An owner-controlled on-chain pixel agent with an immutable Public identity and one optional Outlaw transformation.,1405.png,,human oracle,masculine,adult,bald,cheek markings,heterochromia,frowning,small horns,Common
1406,Loxley #1406,An owner-controlled on-chain pixel agent with an immutable Public identity and one optional Outlaw transformation.,1406.png,,human oracle,masculine,adult,long hair,eye scar,sharp piercing eyes,neutral,bandana,Common
1407,Loxley #1407,An owner-controlled on-chain pixel agent with an immutable Public identity and one optional Outlaw transformation.,1407.png,,portrait cat,androgynous,young,bowl cut,chin strap beard,narrow eyes,calm,high collar,Rare
1408,Loxley #1408,An owner-controlled on-chain pixel agent with an immutable Public identity and one optional Outlaw transformation.,1408.png,,human oracle,androgynous,young,cornrows,wrinkles,square glasses,frowning,face mask,Common
1409,Loxley #1409,An owner-controlled on-chain pixel agent with an immutable Public identity and one optional Outlaw transformation.,1409.png,,portrait dog,feminine,adult,bangs,dimples,heterochromia,surprised,beanie,Rare
1410,Loxley #1410,An owner-controlled on-chain pixel agent with an immutable Public identity and one optional Outlaw transformation.,1410.png,,human scout,feminine,elder,spiky hair,dimples,cyber visor,grinning,flower behind ear,Common
1411,Loxley #1411,An owner-controlled on-chain pixel agent with an immutable Public identity and one optional Outlaw transformation.,1411.png,,alien,androgynous,elder,afro hair,stubble,sunglasses,grinning,headband,Rare
1412,Loxley #1412,An owner-controlled on-chain pixel agent with an immutable Public identity and one optional Outlaw transformation.,1412.png,,portrait cat,feminine,elder,afro hair,sideburns,wide eyes,smirking,crown,Rare
1413,Loxley #1413,An owner-controlled on-chain pixel agent with an immutable Public identity and one optional Outlaw transformation.,1413.png,,human ranger,masculine,adult,spiky hair,freckles,sharp piercing eyes,calm,cap,Common
1414,Loxley #1414,An owner-controlled on-chain pixel agent with an immutable Public identity and one optional Outlaw transformation.,1414.png,,human scout,feminine,young,curly hair,eye scar,sharp piercing eyes,smirking,neck chain,Common
1415,Loxley #1415,An owner-controlled on-chain pixel agent with an immutable Public identity and one optional Outlaw transformation.,1415.png,,alien,androgynous,young,top-knot,war paint,monocle,scowling,flower behind ear,Rare
1416,Loxley #1416,An owner-controlled on-chain pixel agent with an immutable Public identity and one optional Outlaw transformation.,1416.png,,human phantom,androgynous,adult,undercut,chin strap beard,glowing eyes,smiling,neck chain,Common
1417,Loxley #1417,An owner-controlled on-chain pixel agent with an immutable Public identity and one optional Outlaw transformation.,1417.png,,human scout,androgynous,adult,undercut,goatee,cyber visor,grinning,bandana,Common
1418,Loxley #1418,An owner-controlled on-chain pixel agent with an immutable Public identity and one optional Outlaw transformation.,1418.png,,human rogue,androgynous,adult,spiky hair,clean-shaven,glowing cyber eye,frowning,small horns,Common
1419,Loxley #1419,An owner-controlled on-chain pixel agent with an immutable Public identity and one optional Outlaw transformation.,1419.png,,alien,androgynous,adult,cornrows,scarred cheek,heterochromia,frowning,nothing on head,Rare
1420,Loxley #1420,An owner-controlled on-chain pixel agent with an immutable Public identity and one optional Outlaw transformation.,1420.png,,human rogue,masculine,young,short hair,face tattoo,heterochromia,serious,antenna,Common
1421,Loxley #1421,An owner-controlled on-chain pixel agent with an immutable Public identity and one optional Outlaw transformation.,1421.png,,human scout,masculine,elder,receding hairline,full beard,round glasses,grinning,neck chain,Common
1422,Loxley #1422,An owner-controlled on-chain pixel agent with an immutable Public identity and one optional Outlaw transformation.,1422.png,,portrait cat,masculine,elder,messy hair,clean-shaven,square glasses,grinning,face mask,Rare
1423,Loxley #1423,An owner-controlled on-chain pixel agent with an immutable Public identity and one optional Outlaw transformation.,1423.png,,human rogue,masculine,elder,mohawk,war paint,glowing eyes,smiling,crown,Common
1424,Loxley #1424,An owner-controlled on-chain pixel agent with an immutable Public identity and one optional Outlaw transformation.,1424.png,,portrait dog,feminine,young,wavy hair,face tattoo,round glasses,surprised,earring,Rare
1425,Loxley #1425,An owner-controlled on-chain pixel agent with an immutable Public identity and one optional Outlaw transformation.,1425.png,,human hacker,masculine,elder,undercut,war paint,narrow eyes,calm,helmet,Common
1426,Loxley #1426,An owner-controlled on-chain pixel agent with an immutable Public identity and one optional Outlaw transformation.,1426.png,,human hacker,androgynous,adult,hooded head,beauty mark,sharp piercing eyes,neutral,small horns,Common
1427,Loxley #1427,An owner-controlled on-chain pixel agent with an immutable Public identity and one optional Outlaw transformation.,1427.png,,human phantom,androgynous,young,cornrows,face tattoo,winking,smiling,nothing on head,Common
1428,Loxley #1428,An owner-controlled on-chain pixel agent with an immutable Public identity and one optional Outlaw transformation.,1428.png,,human phantom,androgynous,young,top-knot,scarred cheek,wide eyes,calm,neck chain,Common
1429,Loxley #1429,An owner-controlled on-chain pixel agent with an immutable Public identity and one optional Outlaw transformation.,1429.png,,portrait cat,feminine,young,pigtails,beauty mark,round glasses,smirking,antenna,Rare
1430,Loxley #1430,An owner-controlled on-chain pixel agent with an immutable Public identity and one optional Outlaw transformation.,1430.png,,human ranger,masculine,elder,mohawk,sideburns,winking,grinning,glowing halo,Common
1431,Loxley #1431,An owner-controlled on-chain pixel agent with an immutable Public identity and one optional Outlaw transformation.,1431.png,,human oracle,feminine,young,mohawk,eye scar,eyepatch,surprised,neck chain,Common
1432,Loxley #1432,An owner-controlled on-chain pixel agent with an immutable Public identity and one optional Outlaw transformation.,1432.png,,human rogue,masculine,elder,bowl cut,dimples,tired eyes,calm,hood up,Common
1433,Loxley #1433,An owner-controlled on-chain pixel agent with an immutable Public identity and one optional Outlaw transformation.,1433.png,,portrait dog,androgynous,young,bangs,scarred cheek,eyepatch,surprised,beanie,Rare
1434,Loxley #1434,An owner-controlled on-chain pixel agent with an immutable Public identity and one optional Outlaw transformation.,1434.png,,human hacker,masculine,elder,afro hair,soul patch,glowing eyes,scowling,bandana,Common
1435,Loxley #1435,An owner-controlled on-chain pixel agent with an immutable Public identity and one optional Outlaw transformation.,1435.png,,secret agent,androgynous,adult,hooded head,mustache,tired eyes,scowling,high collar,Rare
1436,Loxley #1436,An owner-controlled on-chain pixel agent with an immutable Public identity and one optional Outlaw transformation.,1436.png,,human scout,feminine,elder,top-knot,face tattoo,sharp piercing eyes,scowling,scarf,Common
1437,Loxley #1437,An owner-controlled on-chain pixel agent with an immutable Public identity and one optional Outlaw transformation.,1437.png,,human oracle,feminine,young,buzzcut,goatee,cyber visor,smiling,headphones,Common
1438,Loxley #1438,An owner-controlled on-chain pixel agent with an immutable Public identity and one optional Outlaw transformation.,1438.png,,alien,feminine,adult,buzzcut,mustache,narrow eyes,smiling,bandana,Rare
1439,Loxley #1439,An owner-controlled on-chain pixel agent with an immutable Public identity and one optional Outlaw transformation.,1439.png,,human rogue,masculine,young,slicked-back hair,cybernetic jaw,closed eyes,calm,nothing on head,Common
1440,Loxley #1440,An owner-controlled on-chain pixel agent with an immutable Public identity and one optional Outlaw transformation.,1440.png,,human scout,androgynous,adult,curly hair,war paint,winking,frowning,earring,Common
1441,Loxley #1441,An owner-controlled on-chain pixel agent with an immutable Public identity and one optional Outlaw transformation.,1441.png,,human rogue,androgynous,elder,pigtails,mustache,monocle,surprised,laurel wreath,Common
1442,Loxley #1442,An owner-controlled on-chain pixel agent with an immutable Public identity and one optional Outlaw transformation.,1442.png,,human scout,feminine,young,slicked-back hair,face tattoo,round glasses,serious,earring,Common
1443,Loxley #1443,An owner-controlled on-chain pixel agent with an immutable Public identity and one optional Outlaw transformation.,1443.png,,human rogue,feminine,elder,slicked-back hair,nose ring,glowing eyes,calm,headphones,Common
1444,Loxley #1444,An owner-controlled on-chain pixel agent with an immutable Public identity and one optional Outlaw transformation.,1444.png,,human hacker,masculine,young,long hair,mustache,winking,surprised,earring,Common
1445,Loxley #1445,An owner-controlled on-chain pixel agent with an immutable Public identity and one optional Outlaw transformation.,1445.png,,human hacker,feminine,adult,short hair,freckles,sunglasses,surprised,cap,Common
1446,Loxley #1446,An owner-controlled on-chain pixel agent with an immutable Public identity and one optional Outlaw transformation.,1446.png,,human hacker,feminine,young,pigtails,mustache,glowing eyes,grinning,laurel wreath,Common
1447,Loxley #1447,An owner-controlled on-chain pixel agent with an immutable Public identity and one optional Outlaw transformation.,1447.png,,human hacker,feminine,elder,receding hairline,face tattoo,sharp piercing eyes,scowling,flower behind ear,Common
1448,Loxley #1448,An owner-controlled on-chain pixel agent with an immutable Public identity and one optional Outlaw transformation.,1448.png,,secret agent,feminine,adult,shaved sides,mustache,narrow eyes,frowning,cigarette,Rare
1449,Loxley #1449,An owner-controlled on-chain pixel agent with an immutable Public identity and one optional Outlaw transformation.,1449.png,,secret agent,androgynous,elder,dreadlocks,war paint,wide eyes,calm,helmet,Rare
1450,Loxley #1450,An owner-controlled on-chain pixel agent with an immutable Public identity and one optional Outlaw transformation.,1450.png,,human ranger,androgynous,elder,receding hairline,sideburns,normal eyes,frowning,hood up,Common
1451,Loxley #1451,An owner-controlled on-chain pixel agent with an immutable Public identity and one optional Outlaw transformation.,1451.png,,alien,feminine,adult,cornrows,clean-shaven,narrow eyes,neutral,earring,Rare
1452,Loxley #1452,An owner-controlled on-chain pixel agent with an immutable Public identity and one optional Outlaw transformation.,1452.png,,human hacker,masculine,elder,shaved sides,chin strap beard,tired eyes,calm,cigarette,Common
1453,Loxley #1453,An owner-controlled on-chain pixel agent with an immutable Public identity and one optional Outlaw transformation.,1453.png,,human scout,androgynous,elder,bangs,soul patch,sharp piercing eyes,calm,nothing on head,Common
1454,Loxley #1454,An owner-controlled on-chain pixel agent with an immutable Public identity and one optional Outlaw transformation.,1454.png,,human scout,masculine,adult,spiky hair,cheek markings,big round eyes,serious,cigarette,Common
1455,Loxley #1455,An owner-controlled on-chain pixel agent with an immutable Public identity and one optional Outlaw transformation.,1455.png,,human hacker,androgynous,elder,afro hair,full beard,round glasses,grinning,face mask,Common
1456,Loxley #1456,An owner-controlled on-chain pixel agent with an immutable Public identity and one optional Outlaw transformation.,1456.png,,human rogue,masculine,elder,curly hair,chin strap beard,monocle,grinning,cap,Common
1457,Loxley #1457,An owner-controlled on-chain pixel agent with an immutable Public identity and one optional Outlaw transformation.,1457.png,,portrait dog,masculine,adult,shaved sides,soul patch,sunglasses,smiling,nothing on head,Rare
1458,Loxley #1458,An owner-controlled on-chain pixel agent with an immutable Public identity and one optional Outlaw transformation.,1458.png,,human hacker,masculine,adult,pigtails,goatee,eyepatch,scowling,glowing halo,Common
1459,Loxley #1459,An owner-controlled on-chain pixel agent with an immutable Public identity and one optional Outlaw transformation.,1459.png,,human rogue,feminine,adult,receding hairline,wrinkles,normal eyes,calm,earring,Common
1460,Loxley #1460,An owner-controlled on-chain pixel agent with an immutable Public identity and one optional Outlaw transformation.,1460.png,,human scout,feminine,adult,curly hair,cheek markings,sunglasses,smirking,cigarette,Common
1461,Loxley #1461,An owner-controlled on-chain pixel agent with an immutable Public identity and one optional Outlaw transformation.,1461.png,,human phantom,androgynous,adult,messy hair,dimples,narrow eyes,scowling,crown,Common
1462,Loxley #1462,An owner-controlled on-chain pixel agent with an immutable Public identity and one optional Outlaw transformation.,1462.png,,human scout,masculine,adult,long hair,face tattoo,heterochromia,scowling,beanie,Common
1463,Loxley #1463,An owner-controlled on-chain pixel agent with an immutable Public identity and one optional Outlaw transformation.,1463.png,,human phantom,feminine,adult,mohawk,war paint,round glasses,serious,cigarette,Common
1464,Loxley #1464,An owner-controlled on-chain pixel agent with an immutable Public identity and one optional Outlaw transformation.,1464.png,,human scout,masculine,young,man-bun,face tattoo,narrow eyes,smiling,cigarette,Common
1465,Loxley #1465,An owner-controlled on-chain pixel agent with an immutable Public identity and one optional Outlaw transformation.,1465.png,,human rogue,androgynous,young,slicked-back hair,nose ring,closed eyes,grinning,glowing halo,Common
1466,Loxley #1466,An owner-controlled on-chain pixel agent with an immutable Public identity and one optional Outlaw transformation.,1466.png,,human rogue,androgynous,adult,bald,cybernetic jaw,cyber visor,serious,flower behind ear,Common
1467,Loxley #1467,An owner-controlled on-chain pixel agent with an immutable Public identity and one optional Outlaw transformation.,1467.png,,secret agent,feminine,young,afro hair,full beard,wide eyes,neutral,cigarette,Rare
1468,Loxley #1468,An owner-controlled on-chain pixel agent with an immutable Public identity and one optional Outlaw transformation.,1468.png,,human scout,feminine,young,afro hair,goatee,normal eyes,smirking,high collar,Common
1469,Loxley #1469,An owner-controlled on-chain pixel agent with an immutable Public identity and one optional Outlaw transformation.,1469.png,,human oracle,androgynous,young,undercut,mustache,heterochromia,serious,headphones,Common
1470,Loxley #1470,An owner-controlled on-chain pixel agent with an immutable Public identity and one optional Outlaw transformation.,1470.png,,portrait dog,androgynous,adult,messy hair,clean-shaven,normal eyes,smiling,antenna,Rare
1471,Loxley #1471,An owner-controlled on-chain pixel agent with an immutable Public identity and one optional Outlaw transformation.,1471.png,,human hacker,androgynous,elder,bowl cut,chin strap beard,glowing eyes,surprised,beanie,Common
1472,Loxley #1472,An owner-controlled on-chain pixel agent with an immutable Public identity and one optional Outlaw transformation.,1472.png,,alien,androgynous,elder,spiky hair,scarred cheek,winking,smirking,antenna,Rare
1473,Loxley #1473,An owner-controlled on-chain pixel agent with an immutable Public identity and one optional Outlaw transformation.,1473.png,,human ranger,feminine,young,slicked-back hair,wrinkles,monocle,surprised,cigarette,Common
1474,Loxley #1474,An owner-controlled on-chain pixel agent with an immutable Public identity and one optional Outlaw transformation.,1474.png,,portrait dog,androgynous,young,receding hairline,dimples,narrow eyes,frowning,neck chain,Rare
1475,Loxley #1475,An owner-controlled on-chain pixel agent with an immutable Public identity and one optional Outlaw transformation.,1475.png,,portrait cat,androgynous,adult,ponytail,face tattoo,closed eyes,surprised,glowing halo,Rare
1476,Loxley #1476,An owner-controlled on-chain pixel agent with an immutable Public identity and one optional Outlaw transformation.,1476.png,,human hacker,androgynous,elder,mohawk,face tattoo,sunglasses,surprised,crown,Common
1477,Loxley #1477,An owner-controlled on-chain pixel agent with an immutable Public identity and one optional Outlaw transformation.,1477.png,,human oracle,androgynous,elder,afro hair,freckles,heterochromia,surprised,glowing halo,Common
1478,Loxley #1478,An owner-controlled on-chain pixel agent with an immutable Public identity and one optional Outlaw transformation.,1478.png,,portrait cat,masculine,adult,messy hair,goatee,winking,smiling,high collar,Rare
1479,Loxley #1479,An owner-controlled on-chain pixel agent with an immutable Public identity and one optional Outlaw transformation.,1479.png,,human oracle,androgynous,young,buzzcut,chin strap beard,winking,calm,flower behind ear,Common
1480,Loxley #1480,An owner-controlled on-chain pixel agent with an immutable Public identity and one optional Outlaw transformation.,1480.png,,human scout,androgynous,elder,wavy hair,face tattoo,normal eyes,smiling,cap,Common
1481,Loxley #1481,An owner-controlled on-chain pixel agent with an immutable Public identity and one optional Outlaw transformation.,1481.png,,portrait dog,masculine,young,dreadlocks,mustache,heterochromia,smirking,crown,Rare
1482,Loxley #1482,An owner-controlled on-chain pixel agent with an immutable Public identity and one optional Outlaw transformation.,1482.png,,human ranger,feminine,elder,bowl cut,full beard,sunglasses,smiling,beanie,Common
1483,Loxley #1483,An owner-controlled on-chain pixel agent with an immutable Public identity and one optional Outlaw transformation.,1483.png,,portrait cat,masculine,young,bald,freckles,heterochromia,calm,bandana,Rare
1484,Loxley #1484,An owner-controlled on-chain pixel agent with an immutable Public identity and one optional Outlaw transformation.,1484.png,,human phantom,masculine,elder,bowl cut,chin strap beard,winking,smirking,cap,Common
1485,Loxley #1485,An owner-controlled on-chain pixel agent with an immutable Public identity and one optional Outlaw transformation.,1485.png,,human phantom,feminine,adult,top-knot,beauty mark,tired eyes,smiling,antenna,Common
1486,Loxley #1486,An owner-controlled on-chain pixel agent with an immutable Public identity and one optional Outlaw transformation.,1486.png,,secret agent,masculine,young,short hair,beauty mark,narrow eyes,scowling,bandana,Rare
1487,Loxley #1487,An owner-controlled on-chain pixel agent with an immutable Public identity and one optional Outlaw transformation.,1487.png,,portrait cat,feminine,elder,curly hair,goatee,glowing cyber eye,smirking,hood up,Rare
1488,Loxley #1488,An owner-controlled on-chain pixel agent with an immutable Public identity and one optional Outlaw transformation.,1488.png,,human oracle,androgynous,young,buzzcut,wrinkles,sunglasses,neutral,crown,Common
1489,Loxley #1489,An owner-controlled on-chain pixel agent with an immutable Public identity and one optional Outlaw transformation.,1489.png,,human hacker,masculine,elder,cornrows,mustache,normal eyes,neutral,earring,Common
1490,Loxley #1490,An owner-controlled on-chain pixel agent with an immutable Public identity and one optional Outlaw transformation.,1490.png,,human oracle,androgynous,young,cornrows,nose ring,closed eyes,scowling,helmet,Common
1491,Loxley #1491,An owner-controlled on-chain pixel agent with an immutable Public identity and one optional Outlaw transformation.,1491.png,,human ranger,androgynous,young,spiky hair,soul patch,closed eyes,neutral,helmet,Common
1492,Loxley #1492,An owner-controlled on-chain pixel agent with an immutable Public identity and one optional Outlaw transformation.,1492.png,,human hacker,masculine,young,bangs,chin strap beard,tired eyes,smiling,cap,Common
1493,Loxley #1493,An owner-controlled on-chain pixel agent with an immutable Public identity and one optional Outlaw transformation.,1493.png,,portrait dog,androgynous,young,messy hair,freckles,normal eyes,smiling,antenna,Rare
1494,Loxley #1494,An owner-controlled on-chain pixel agent with an immutable Public identity and one optional Outlaw transformation.,1494.png,,human scout,androgynous,adult,undercut,nose ring,tired eyes,calm,small horns,Common
1495,Loxley #1495,An owner-controlled on-chain pixel agent with an immutable Public identity and one optional Outlaw transformation.,1495.png,,human ranger,androgynous,elder,short hair,war paint,square glasses,smiling,nothing on head,Common
1496,Loxley #1496,An owner-controlled on-chain pixel agent with an immutable Public identity and one optional Outlaw transformation.,1496.png,,human ranger,androgynous,adult,man-bun,war paint,winking,surprised,cigarette,Common
1497,Loxley #1497,An owner-controlled on-chain pixel agent with an immutable Public identity and one optional Outlaw transformation.,1497.png,,secret agent,feminine,elder,curly hair,cybernetic jaw,monocle,surprised,flower behind ear,Rare
1498,Loxley #1498,An owner-controlled on-chain pixel agent with an immutable Public identity and one optional Outlaw transformation.,1498.png,,portrait dog,feminine,elder,hooded head,nose ring,square glasses,frowning,high collar,Rare
1499,Loxley #1499,An owner-controlled on-chain pixel agent with an immutable Public identity and one optional Outlaw transformation.,1499.png,,secret agent,feminine,adult,ponytail,eye scar,closed eyes,grinning,laurel wreath,Rare
1500,Loxley #1500,An owner-controlled on-chain pixel agent with an immutable Public identity and one optional Outlaw transformation.,1500.png,,human phantom,masculine,young,bald,full beard,square glasses,grinning,bandana,Common
1501,Loxley #1501,An owner-controlled on-chain pixel agent with an immutable Public identity and one optional Outlaw transformation.,1501.png,,human phantom,androgynous,elder,long hair,eye scar,sunglasses,frowning,helmet,Common
1502,Loxley #1502,An owner-controlled on-chain pixel agent with an immutable Public identity and one optional Outlaw transformation.,1502.png,,human hacker,androgynous,young,dreadlocks,goatee,normal eyes,surprised,antenna,Common
1503,Loxley #1503,An owner-controlled on-chain pixel agent with an immutable Public identity and one optional Outlaw transformation.,1503.png,,alien,masculine,elder,bald,goatee,wide eyes,scowling,cap,Rare
1504,Loxley #1504,An owner-controlled on-chain pixel agent with an immutable Public identity and one optional Outlaw transformation.,1504.png,,alien,androgynous,elder,man-bun,clean-shaven,tired eyes,serious,crown,Rare
1505,Loxley #1505,An owner-controlled on-chain pixel agent with an immutable Public identity and one optional Outlaw transformation.,1505.png,,human oracle,androgynous,young,afro hair,goatee,heterochromia,scowling,beanie,Common
1506,Loxley #1506,An owner-controlled on-chain pixel agent with an immutable Public identity and one optional Outlaw transformation.,1506.png,,portrait dog,masculine,adult,messy hair,mustache,wide eyes,serious,headphones,Rare
1507,Loxley #1507,An owner-controlled on-chain pixel agent with an immutable Public identity and one optional Outlaw transformation.,1507.png,,human hacker,androgynous,adult,shaved sides,nose ring,closed eyes,frowning,neck chain,Common
1508,Loxley #1508,An owner-controlled on-chain pixel agent with an immutable Public identity and one optional Outlaw transformation.,1508.png,,human phantom,feminine,young,dreadlocks,freckles,cyber visor,grinning,nothing on head,Common
1509,Loxley #1509,An owner-controlled on-chain pixel agent with an immutable Public identity and one optional Outlaw transformation.,1509.png,,human phantom,masculine,young,receding hairline,nose ring,glowing cyber eye,calm,helmet,Common
1510,Loxley #1510,An owner-controlled on-chain pixel agent with an immutable Public identity and one optional Outlaw transformation.,1510.png,,human oracle,feminine,adult,wavy hair,dimples,glowing cyber eye,neutral,flower behind ear,Common
1511,Loxley #1511,An owner-controlled on-chain pixel agent with an immutable Public identity and one optional Outlaw transformation.,1511.png,,portrait cat,feminine,young,top-knot,wrinkles,sunglasses,neutral,face mask,Rare
1512,Loxley #1512,An owner-controlled on-chain pixel agent with an immutable Public identity and one optional Outlaw transformation.,1512.png,,secret agent,androgynous,young,top-knot,stubble,round glasses,scowling,beanie,Rare
1513,Loxley #1513,An owner-controlled on-chain pixel agent with an immutable Public identity and one optional Outlaw transformation.,1513.png,,secret agent,androgynous,elder,receding hairline,cheek markings,tired eyes,frowning,headband,Rare
1514,Loxley #1514,An owner-controlled on-chain pixel agent with an immutable Public identity and one optional Outlaw transformation.,1514.png,,portrait dog,androgynous,elder,top-knot,freckles,eyepatch,frowning,face mask,Rare
1515,Loxley #1515,An owner-controlled on-chain pixel agent with an immutable Public identity and one optional Outlaw transformation.,1515.png,,human oracle,androgynous,young,bald,clean-shaven,monocle,smiling,glowing halo,Common
1516,Loxley #1516,An owner-controlled on-chain pixel agent with an immutable Public identity and one optional Outlaw transformation.,1516.png,,human scout,feminine,young,top-knot,nose ring,eyepatch,frowning,small horns,Common
1517,Loxley #1517,An owner-controlled on-chain pixel agent with an immutable Public identity and one optional Outlaw transformation.,1517.png,,human phantom,masculine,young,long hair,clean-shaven,sunglasses,grinning,cigarette,Common
1518,Loxley #1518,An owner-controlled on-chain pixel agent with an immutable Public identity and one optional Outlaw transformation.,1518.png,,human rogue,feminine,elder,shaved sides,clean-shaven,glowing eyes,smirking,glowing halo,Common
1519,Loxley #1519,An owner-controlled on-chain pixel agent with an immutable Public identity and one optional Outlaw transformation.,1519.png,,human rogue,masculine,adult,ponytail,wrinkles,narrow eyes,neutral,bandana,Common
1520,Loxley #1520,An owner-controlled on-chain pixel agent with an immutable Public identity and one optional Outlaw transformation.,1520.png,,human hacker,feminine,adult,undercut,beauty mark,round glasses,surprised,face mask,Common
1521,Loxley #1521,An owner-controlled on-chain pixel agent with an immutable Public identity and one optional Outlaw transformation.,1521.png,,portrait dog,androgynous,adult,shaved sides,dimples,heterochromia,grinning,nothing on head,Rare
1522,Loxley #1522,An owner-controlled on-chain pixel agent with an immutable Public identity and one optional Outlaw transformation.,1522.png,,human ranger,androgynous,young,cornrows,clean-shaven,tired eyes,smiling,high collar,Common
1523,Loxley #1523,An owner-controlled on-chain pixel agent with an immutable Public identity and one optional Outlaw transformation.,1523.png,,portrait cat,masculine,young,dreadlocks,wrinkles,glowing eyes,frowning,bandana,Rare
1524,Loxley #1524,An owner-controlled on-chain pixel agent with an immutable Public identity and one optional Outlaw transformation.,1524.png,,human oracle,androgynous,elder,short hair,freckles,narrow eyes,smirking,bandana,Common
1525,Loxley #1525,An owner-controlled on-chain pixel agent with an immutable Public identity and one optional Outlaw transformation.,1525.png,,human hacker,masculine,elder,curly hair,face tattoo,big round eyes,calm,headband,Common
1526,Loxley #1526,An owner-controlled on-chain pixel agent with an immutable Public identity and one optional Outlaw transformation.,1526.png,,human hacker,masculine,young,man-bun,cybernetic jaw,heterochromia,calm,beanie,Common
1527,Loxley #1527,An owner-controlled on-chain pixel agent with an immutable Public identity and one optional Outlaw transformation.,1527.png,,alien,androgynous,young,messy hair,goatee,heterochromia,smiling,face mask,Rare
1528,Loxley #1528,An owner-controlled on-chain pixel agent with an immutable Public identity and one optional Outlaw transformation.,1528.png,,human rogue,masculine,adult,curly hair,freckles,cyber visor,frowning,nothing on head,Common
1529,Loxley #1529,An owner-controlled on-chain pixel agent with an immutable Public identity and one optional Outlaw transformation.,1529.png,,portrait cat,androgynous,young,buzzcut,freckles,glowing eyes,smiling,face mask,Rare
1530,Loxley #1530,An owner-controlled on-chain pixel agent with an immutable Public identity and one optional Outlaw transformation.,1530.png,,human hacker,masculine,elder,dreadlocks,war paint,heterochromia,frowning,headphones,Common
1531,Loxley #1531,An owner-controlled on-chain pixel agent with an immutable Public identity and one optional Outlaw transformation.,1531.png,,human hacker,androgynous,elder,shaved sides,wrinkles,closed eyes,calm,cap,Common
1532,Loxley #1532,An owner-controlled on-chain pixel agent with an immutable Public identity and one optional Outlaw transformation.,1532.png,,alien,masculine,young,top-knot,scarred cheek,cyber visor,neutral,crown,Rare
1533,Loxley #1533,An owner-controlled on-chain pixel agent with an immutable Public identity and one optional Outlaw transformation.,1533.png,,portrait dog,androgynous,adult,bangs,nose ring,heterochromia,smirking,earring,Rare
1534,Loxley #1534,An owner-controlled on-chain pixel agent with an immutable Public identity and one optional Outlaw transformation.,1534.png,,human oracle,masculine,adult,cornrows,nose ring,big round eyes,smirking,crown,Common
1535,Loxley #1535,An owner-controlled on-chain pixel agent with an immutable Public identity and one optional Outlaw transformation.,1535.png,,human scout,masculine,elder,pigtails,face tattoo,square glasses,frowning,bandana,Common
1536,Loxley #1536,An owner-controlled on-chain pixel agent with an immutable Public identity and one optional Outlaw transformation.,1536.png,,human scout,feminine,young,bangs,eye scar,heterochromia,surprised,earring,Common
1537,Loxley #1537,An owner-controlled on-chain pixel agent with an immutable Public identity and one optional Outlaw transformation.,1537.png,,alien,feminine,elder,undercut,dimples,winking,serious,glowing halo,Rare
1538,Loxley #1538,An owner-controlled on-chain pixel agent with an immutable Public identity and one optional Outlaw transformation.,1538.png,,human hacker,androgynous,elder,pigtails,stubble,tired eyes,smirking,neck chain,Common
1539,Loxley #1539,An owner-controlled on-chain pixel agent with an immutable Public identity and one optional Outlaw transformation.,1539.png,,human oracle,androgynous,elder,bowl cut,clean-shaven,narrow eyes,frowning,high collar,Common
1540,Loxley #1540,An owner-controlled on-chain pixel agent with an immutable Public identity and one optional Outlaw transformation.,1540.png,,human ranger,feminine,elder,top-knot,stubble,wide eyes,frowning,nothing on head,Common
1541,Loxley #1541,An owner-controlled on-chain pixel agent with an immutable Public identity and one optional Outlaw transformation.,1541.png,,portrait cat,masculine,elder,dreadlocks,face tattoo,narrow eyes,frowning,cigarette,Rare
1542,Loxley #1542,An owner-controlled on-chain pixel agent with an immutable Public identity and one optional Outlaw transformation.,1542.png,,alien,androgynous,elder,wavy hair,eye scar,wide eyes,calm,antenna,Rare
1543,Loxley #1543,An owner-controlled on-chain pixel agent with an immutable Public identity and one optional Outlaw transformation.,1543.png,,human rogue,masculine,young,pigtails,chin strap beard,eyepatch,surprised,scarf,Common
1544,Loxley #1544,An owner-controlled on-chain pixel agent with an immutable Public identity and one optional Outlaw transformation.,1544.png,,human hacker,masculine,young,cornrows,clean-shaven,big round eyes,smirking,face mask,Common
1545,Loxley #1545,An owner-controlled on-chain pixel agent with an immutable Public identity and one optional Outlaw transformation.,1545.png,,portrait dog,masculine,young,man-bun,chin strap beard,glowing cyber eye,scowling,laurel wreath,Rare
1546,Loxley #1546,An owner-controlled on-chain pixel agent with an immutable Public identity and one optional Outlaw transformation.,1546.png,,human rogue,androgynous,adult,messy hair,chin strap beard,normal eyes,frowning,headband,Common
1547,Loxley #1547,An owner-controlled on-chain pixel agent with an immutable Public identity and one optional Outlaw transformation.,1547.png,,human rogue,feminine,adult,dreadlocks,scarred cheek,square glasses,serious,glowing halo,Common
1548,Loxley #1548,An owner-controlled on-chain pixel agent with an immutable Public identity and one optional Outlaw transformation.,1548.png,,human phantom,feminine,elder,bangs,dimples,big round eyes,smiling,cap,Common
1549,Loxley #1549,An owner-controlled on-chain pixel agent with an immutable Public identity and one optional Outlaw transformation.,1549.png,,portrait cat,androgynous,adult,bangs,clean-shaven,sharp piercing eyes,calm,headphones,Rare
1550,Loxley #1550,An owner-controlled on-chain pixel agent with an immutable Public identity and one optional Outlaw transformation.,1550.png,,human phantom,androgynous,young,mohawk,cheek markings,eyepatch,serious,beanie,Common
1551,Loxley #1551,An owner-controlled on-chain pixel agent with an immutable Public identity and one optional Outlaw transformation.,1551.png,,human scout,masculine,elder,mohawk,freckles,cyber visor,scowling,neck chain,Common
1552,Loxley #1552,An owner-controlled on-chain pixel agent with an immutable Public identity and one optional Outlaw transformation.,1552.png,,human oracle,androgynous,elder,bangs,face tattoo,sunglasses,frowning,high collar,Common
1553,Loxley #1553,An owner-controlled on-chain pixel agent with an immutable Public identity and one optional Outlaw transformation.,1553.png,,human hacker,feminine,elder,afro hair,eye scar,winking,scowling,face mask,Common
1554,Loxley #1554,An owner-controlled on-chain pixel agent with an immutable Public identity and one optional Outlaw transformation.,1554.png,,human rogue,masculine,young,curly hair,mustache,normal eyes,serious,helmet,Common
1555,Loxley #1555,An owner-controlled on-chain pixel agent with an immutable Public identity and one optional Outlaw transformation.,1555.png,,human ranger,androgynous,elder,long hair,sideburns,narrow eyes,scowling,cigarette,Common
1556,Loxley #1556,An owner-controlled on-chain pixel agent with an immutable Public identity and one optional Outlaw transformation.,1556.png,,secret agent,androgynous,adult,pigtails,scarred cheek,sunglasses,smirking,beanie,Rare
1557,Loxley #1557,An owner-controlled on-chain pixel agent with an immutable Public identity and one optional Outlaw transformation.,1557.png,,secret agent,androgynous,elder,mohawk,nose ring,round glasses,smirking,hood up,Rare
1558,Loxley #1558,An owner-controlled on-chain pixel agent with an immutable Public identity and one optional Outlaw transformation.,1558.png,,human hacker,masculine,elder,ponytail,chin strap beard,square glasses,calm,small horns,Common
1559,Loxley #1559,An owner-controlled on-chain pixel agent with an immutable Public identity and one optional Outlaw transformation.,1559.png,,portrait dog,feminine,elder,pigtails,stubble,sunglasses,smirking,small horns,Rare
1560,Loxley #1560,An owner-controlled on-chain pixel agent with an immutable Public identity and one optional Outlaw transformation.,1560.png,,secret agent,androgynous,elder,bowl cut,goatee,round glasses,calm,face mask,Rare
1561,Loxley #1561,An owner-controlled on-chain pixel agent with an immutable Public identity and one optional Outlaw transformation.,1561.png,,portrait cat,feminine,young,top-knot,stubble,heterochromia,frowning,headphones,Rare
1562,Loxley #1562,An owner-controlled on-chain pixel agent with an immutable Public identity and one optional Outlaw transformation.,1562.png,,alien,feminine,young,spiky hair,nose ring,narrow eyes,frowning,neck chain,Rare
1563,Loxley #1563,An owner-controlled on-chain pixel agent with an immutable Public identity and one optional Outlaw transformation.,1563.png,,human rogue,feminine,young,receding hairline,full beard,eyepatch,frowning,hood up,Common
1564,Loxley #1564,An owner-controlled on-chain pixel agent with an immutable Public identity and one optional Outlaw transformation.,1564.png,,human phantom,masculine,young,short hair,stubble,cyber visor,smirking,earring,Common
1565,Loxley #1565,An owner-controlled on-chain pixel agent with an immutable Public identity and one optional Outlaw transformation.,1565.png,,human hacker,androgynous,elder,dreadlocks,stubble,eyepatch,scowling,headphones,Common
1566,Loxley #1566,An owner-controlled on-chain pixel agent with an immutable Public identity and one optional Outlaw transformation.,1566.png,,human phantom,masculine,young,wavy hair,war paint,glowing eyes,calm,small horns,Common
1567,Loxley #1567,An owner-controlled on-chain pixel agent with an immutable Public identity and one optional Outlaw transformation.,1567.png,,human hacker,masculine,elder,wavy hair,nose ring,closed eyes,neutral,headband,Common
1568,Loxley #1568,An owner-controlled on-chain pixel agent with an immutable Public identity and one optional Outlaw transformation.,1568.png,,human ranger,androgynous,adult,short hair,face tattoo,cyber visor,frowning,hood up,Common
1569,Loxley #1569,An owner-controlled on-chain pixel agent with an immutable Public identity and one optional Outlaw transformation.,1569.png,,portrait cat,androgynous,young,mohawk,mustache,round glasses,smirking,cap,Rare
1570,Loxley #1570,An owner-controlled on-chain pixel agent with an immutable Public identity and one optional Outlaw transformation.,1570.png,,human scout,feminine,young,ponytail,wrinkles,tired eyes,grinning,helmet,Common
1571,Loxley #1571,An owner-controlled on-chain pixel agent with an immutable Public identity and one optional Outlaw transformation.,1571.png,,human oracle,feminine,adult,hooded head,clean-shaven,square glasses,frowning,bandana,Common
1572,Loxley #1572,An owner-controlled on-chain pixel agent with an immutable Public identity and one optional Outlaw transformation.,1572.png,,human rogue,feminine,elder,long hair,chin strap beard,round glasses,smiling,cigarette,Common
1573,Loxley #1573,An owner-controlled on-chain pixel agent with an immutable Public identity and one optional Outlaw transformation.,1573.png,,portrait cat,feminine,young,short hair,full beard,winking,serious,neck chain,Rare
1574,Loxley #1574,An owner-controlled on-chain pixel agent with an immutable Public identity and one optional Outlaw transformation.,1574.png,,human phantom,masculine,adult,cornrows,scarred cheek,wide eyes,grinning,crown,Common
1575,Loxley #1575,An owner-controlled on-chain pixel agent with an immutable Public identity and one optional Outlaw transformation.,1575.png,,human ranger,masculine,elder,hooded head,war paint,cyber visor,scowling,glowing halo,Common
1576,Loxley #1576,An owner-controlled on-chain pixel agent with an immutable Public identity and one optional Outlaw transformation.,1576.png,,human scout,feminine,elder,shaved sides,clean-shaven,eyepatch,frowning,cigarette,Common
1577,Loxley #1577,An owner-controlled on-chain pixel agent with an immutable Public identity and one optional Outlaw transformation.,1577.png,,human phantom,masculine,adult,ponytail,face tattoo,narrow eyes,calm,cap,Common
1578,Loxley #1578,An owner-controlled on-chain pixel agent with an immutable Public identity and one optional Outlaw transformation.,1578.png,,human oracle,androgynous,adult,bangs,cybernetic jaw,glowing cyber eye,smirking,laurel wreath,Common
1579,Loxley #1579,An owner-controlled on-chain pixel agent with an immutable Public identity and one optional Outlaw transformation.,1579.png,,human hacker,feminine,elder,afro hair,mustache,big round eyes,surprised,nothing on head,Common
1580,Loxley #1580,An owner-controlled on-chain pixel agent with an immutable Public identity and one optional Outlaw transformation.,1580.png,,human ranger,feminine,adult,short hair,mustache,glowing eyes,scowling,laurel wreath,Common
1581,Loxley #1581,An owner-controlled on-chain pixel agent with an immutable Public identity and one optional Outlaw transformation.,1581.png,,human oracle,androgynous,adult,ponytail,cheek markings,monocle,smiling,headband,Common
1582,Loxley #1582,An owner-controlled on-chain pixel agent with an immutable Public identity and one optional Outlaw transformation.,1582.png,,portrait cat,feminine,adult,top-knot,scarred cheek,sunglasses,serious,neck chain,Rare
1583,Loxley #1583,An owner-controlled on-chain pixel agent with an immutable Public identity and one optional Outlaw transformation.,1583.png,,alien,feminine,elder,man-bun,war paint,glowing cyber eye,calm,headphones,Rare
1584,Loxley #1584,An owner-controlled on-chain pixel agent with an immutable Public identity and one optional Outlaw transformation.,1584.png,,human scout,androgynous,young,afro hair,nose ring,wide eyes,neutral,small horns,Common
1585,Loxley #1585,An owner-controlled on-chain pixel agent with an immutable Public identity and one optional Outlaw transformation.,1585.png,,human rogue,feminine,young,shaved sides,cheek markings,sunglasses,neutral,flower behind ear,Common
1586,Loxley #1586,An owner-controlled on-chain pixel agent with an immutable Public identity and one optional Outlaw transformation.,1586.png,,human scout,masculine,adult,slicked-back hair,cybernetic jaw,wide eyes,frowning,headband,Common
1587,Loxley #1587,An owner-controlled on-chain pixel agent with an immutable Public identity and one optional Outlaw transformation.,1587.png,,human rogue,androgynous,young,short hair,soul patch,winking,serious,neck chain,Common
1588,Loxley #1588,An owner-controlled on-chain pixel agent with an immutable Public identity and one optional Outlaw transformation.,1588.png,,human oracle,masculine,adult,undercut,soul patch,normal eyes,smirking,antenna,Common
1589,Loxley #1589,An owner-controlled on-chain pixel agent with an immutable Public identity and one optional Outlaw transformation.,1589.png,,human rogue,masculine,young,pigtails,stubble,closed eyes,grinning,antenna,Common
1590,Loxley #1590,An owner-controlled on-chain pixel agent with an immutable Public identity and one optional Outlaw transformation.,1590.png,,human scout,masculine,adult,bowl cut,freckles,glowing eyes,frowning,hood up,Common
1591,Loxley #1591,An owner-controlled on-chain pixel agent with an immutable Public identity and one optional Outlaw transformation.,1591.png,,human ranger,masculine,adult,bowl cut,cybernetic jaw,glowing eyes,frowning,neck chain,Common
1592,Loxley #1592,An owner-controlled on-chain pixel agent with an immutable Public identity and one optional Outlaw transformation.,1592.png,,human rogue,masculine,elder,receding hairline,stubble,closed eyes,frowning,antenna,Common
1593,Loxley #1593,An owner-controlled on-chain pixel agent with an immutable Public identity and one optional Outlaw transformation.,1593.png,,portrait cat,androgynous,adult,afro hair,full beard,monocle,scowling,laurel wreath,Rare
1594,Loxley #1594,An owner-controlled on-chain pixel agent with an immutable Public identity and one optional Outlaw transformation.,1594.png,,human phantom,androgynous,elder,bowl cut,freckles,round glasses,grinning,headband,Common
1595,Loxley #1595,An owner-controlled on-chain pixel agent with an immutable Public identity and one optional Outlaw transformation.,1595.png,,human ranger,feminine,adult,receding hairline,clean-shaven,tired eyes,frowning,headband,Common
1596,Loxley #1596,An owner-controlled on-chain pixel agent with an immutable Public identity and one optional Outlaw transformation.,1596.png,,human scout,feminine,young,bald,war paint,cyber visor,smirking,scarf,Common
1597,Loxley #1597,An owner-controlled on-chain pixel agent with an immutable Public identity and one optional Outlaw transformation.,1597.png,,secret agent,masculine,elder,bowl cut,beauty mark,closed eyes,neutral,headband,Rare
1598,Loxley #1598,An owner-controlled on-chain pixel agent with an immutable Public identity and one optional Outlaw transformation.,1598.png,,human hacker,feminine,adult,bangs,sideburns,normal eyes,smirking,earring,Common
1599,Loxley #1599,An owner-controlled on-chain pixel agent with an immutable Public identity and one optional Outlaw transformation.,1599.png,,human phantom,masculine,young,spiky hair,goatee,sharp piercing eyes,surprised,flower behind ear,Common
1600,Loxley #1600,An owner-controlled on-chain pixel agent with an immutable Public identity and one optional Outlaw transformation.,1600.png,,human scout,feminine,adult,mohawk,full beard,sunglasses,surprised,cap,Common
1601,Loxley #1601,An owner-controlled on-chain pixel agent with an immutable Public identity and one optional Outlaw transformation.,1601.png,,human oracle,feminine,elder,long hair,face tattoo,square glasses,grinning,laurel wreath,Common
1602,Loxley #1602,An owner-controlled on-chain pixel agent with an immutable Public identity and one optional Outlaw transformation.,1602.png,,alien,androgynous,young,dreadlocks,soul patch,round glasses,calm,cigarette,Rare
1603,Loxley #1603,An owner-controlled on-chain pixel agent with an immutable Public identity and one optional Outlaw transformation.,1603.png,,human ranger,androgynous,young,shaved sides,stubble,winking,grinning,headphones,Common
1604,Loxley #1604,An owner-controlled on-chain pixel agent with an immutable Public identity and one optional Outlaw transformation.,1604.png,,portrait cat,feminine,young,short hair,cheek markings,tired eyes,neutral,headband,Rare
1605,Loxley #1605,An owner-controlled on-chain pixel agent with an immutable Public identity and one optional Outlaw transformation.,1605.png,,human phantom,masculine,young,afro hair,wrinkles,square glasses,surprised,earring,Common
1606,Loxley #1606,An owner-controlled on-chain pixel agent with an immutable Public identity and one optional Outlaw transformation.,1606.png,,secret agent,androgynous,young,undercut,stubble,sharp piercing eyes,smirking,earring,Rare
1607,Loxley #1607,An owner-controlled on-chain pixel agent with an immutable Public identity and one optional Outlaw transformation.,1607.png,,portrait dog,masculine,young,messy hair,wrinkles,glowing cyber eye,surprised,headphones,Rare
1608,Loxley #1608,An owner-controlled on-chain pixel agent with an immutable Public identity and one optional Outlaw transformation.,1608.png,,human phantom,androgynous,adult,buzzcut,scarred cheek,glowing eyes,calm,high collar,Common
1609,Loxley #1609,An owner-controlled on-chain pixel agent with an immutable Public identity and one optional Outlaw transformation.,1609.png,,portrait cat,masculine,young,bald,wrinkles,glowing cyber eye,surprised,cigarette,Rare
1610,Loxley #1610,An owner-controlled on-chain pixel agent with an immutable Public identity and one optional Outlaw transformation.,1610.png,,human ranger,masculine,adult,ponytail,scarred cheek,wide eyes,surprised,laurel wreath,Common
1611,Loxley #1611,An owner-controlled on-chain pixel agent with an immutable Public identity and one optional Outlaw transformation.,1611.png,,human oracle,masculine,young,buzzcut,wrinkles,glowing cyber eye,grinning,cigarette,Common
1612,Loxley #1612,An owner-controlled on-chain pixel agent with an immutable Public identity and one optional Outlaw transformation.,1612.png,,human phantom,masculine,elder,hooded head,sideburns,heterochromia,smirking,headphones,Common
1613,Loxley #1613,An owner-controlled on-chain pixel agent with an immutable Public identity and one optional Outlaw transformation.,1613.png,,human rogue,androgynous,adult,buzzcut,clean-shaven,cyber visor,serious,headband,Common
1614,Loxley #1614,An owner-controlled on-chain pixel agent with an immutable Public identity and one optional Outlaw transformation.,1614.png,,human hacker,feminine,young,shaved sides,full beard,tired eyes,smirking,headband,Common
1615,Loxley #1615,An owner-controlled on-chain pixel agent with an immutable Public identity and one optional Outlaw transformation.,1615.png,,human oracle,androgynous,adult,buzzcut,chin strap beard,wide eyes,grinning,neck chain,Common
1616,Loxley #1616,An owner-controlled on-chain pixel agent with an immutable Public identity and one optional Outlaw transformation.,1616.png,,human scout,androgynous,adult,hooded head,mustache,tired eyes,surprised,neck chain,Common
1617,Loxley #1617,An owner-controlled on-chain pixel agent with an immutable Public identity and one optional Outlaw transformation.,1617.png,,human oracle,feminine,elder,mohawk,chin strap beard,glowing eyes,surprised,nothing on head,Common
1618,Loxley #1618,An owner-controlled on-chain pixel agent with an immutable Public identity and one optional Outlaw transformation.,1618.png,,portrait cat,masculine,adult,messy hair,eye scar,winking,smirking,glowing halo,Rare
1619,Loxley #1619,An owner-controlled on-chain pixel agent with an immutable Public identity and one optional Outlaw transformation.,1619.png,,human rogue,feminine,young,curly hair,goatee,glowing cyber eye,serious,laurel wreath,Common
1620,Loxley #1620,An owner-controlled on-chain pixel agent with an immutable Public identity and one optional Outlaw transformation.,1620.png,,human scout,masculine,adult,curly hair,stubble,eyepatch,surprised,crown,Common
1621,Loxley #1621,An owner-controlled on-chain pixel agent with an immutable Public identity and one optional Outlaw transformation.,1621.png,,human phantom,masculine,elder,shaved sides,stubble,closed eyes,surprised,face mask,Common
1622,Loxley #1622,An owner-controlled on-chain pixel agent with an immutable Public identity and one optional Outlaw transformation.,1622.png,,human scout,masculine,elder,hooded head,full beard,winking,smiling,antenna,Common
1623,Loxley #1623,An owner-controlled on-chain pixel agent with an immutable Public identity and one optional Outlaw transformation.,1623.png,,portrait cat,feminine,elder,bangs,dimples,glowing cyber eye,serious,flower behind ear,Rare
1624,Loxley #1624,An owner-controlled on-chain pixel agent with an immutable Public identity and one optional Outlaw transformation.,1624.png,,alien,masculine,elder,undercut,eye scar,monocle,frowning,headphones,Rare
1625,Loxley #1625,An owner-controlled on-chain pixel agent with an immutable Public identity and one optional Outlaw transformation.,1625.png,,portrait dog,masculine,young,receding hairline,beauty mark,square glasses,calm,crown,Rare
1626,Loxley #1626,An owner-controlled on-chain pixel agent with an immutable Public identity and one optional Outlaw transformation.,1626.png,,human rogue,masculine,adult,messy hair,face tattoo,cyber visor,grinning,headphones,Common
1627,Loxley #1627,An owner-controlled on-chain pixel agent with an immutable Public identity and one optional Outlaw transformation.,1627.png,,portrait dog,masculine,young,long hair,beauty mark,sunglasses,surprised,glowing halo,Rare
1628,Loxley #1628,An owner-controlled on-chain pixel agent with an immutable Public identity and one optional Outlaw transformation.,1628.png,,human rogue,feminine,adult,bangs,war paint,closed eyes,smirking,high collar,Common
1629,Loxley #1629,An owner-controlled on-chain pixel agent with an immutable Public identity and one optional Outlaw transformation.,1629.png,,human hacker,androgynous,elder,afro hair,eye scar,big round eyes,serious,headband,Common
1630,Loxley #1630,An owner-controlled on-chain pixel agent with an immutable Public identity and one optional Outlaw transformation.,1630.png,,secret agent,feminine,young,ponytail,full beard,big round eyes,neutral,headband,Rare
1631,Loxley #1631,An owner-controlled on-chain pixel agent with an immutable Public identity and one optional Outlaw transformation.,1631.png,,secret agent,masculine,adult,slicked-back hair,war paint,tired eyes,serious,bandana,Rare
1632,Loxley #1632,An owner-controlled on-chain pixel agent with an immutable Public identity and one optional Outlaw transformation.,1632.png,,human hacker,androgynous,elder,ponytail,scarred cheek,glowing cyber eye,smiling,crown,Common
1633,Loxley #1633,An owner-controlled on-chain pixel agent with an immutable Public identity and one optional Outlaw transformation.,1633.png,,human oracle,masculine,young,short hair,war paint,glowing eyes,neutral,glowing halo,Common
1634,Loxley #1634,An owner-controlled on-chain pixel agent with an immutable Public identity and one optional Outlaw transformation.,1634.png,,human scout,feminine,elder,hooded head,stubble,normal eyes,serious,face mask,Common
1635,Loxley #1635,An owner-controlled on-chain pixel agent with an immutable Public identity and one optional Outlaw transformation.,1635.png,,human phantom,feminine,young,afro hair,face tattoo,glowing eyes,serious,beanie,Common
1636,Loxley #1636,An owner-controlled on-chain pixel agent with an immutable Public identity and one optional Outlaw transformation.,1636.png,,human oracle,androgynous,elder,undercut,soul patch,sharp piercing eyes,frowning,headband,Common
1637,Loxley #1637,An owner-controlled on-chain pixel agent with an immutable Public identity and one optional Outlaw transformation.,1637.png,,human ranger,androgynous,elder,afro hair,cheek markings,glowing eyes,serious,nothing on head,Common
1638,Loxley #1638,An owner-controlled on-chain pixel agent with an immutable Public identity and one optional Outlaw transformation.,1638.png,,human scout,feminine,young,pigtails,goatee,square glasses,smirking,bandana,Common
1639,Loxley #1639,An owner-controlled on-chain pixel agent with an immutable Public identity and one optional Outlaw transformation.,1639.png,,human phantom,feminine,elder,dreadlocks,stubble,closed eyes,smirking,cigarette,Common
1640,Loxley #1640,An owner-controlled on-chain pixel agent with an immutable Public identity and one optional Outlaw transformation.,1640.png,,portrait cat,androgynous,adult,bald,goatee,glowing cyber eye,frowning,flower behind ear,Rare
1641,Loxley #1641,An owner-controlled on-chain pixel agent with an immutable Public identity and one optional Outlaw transformation.,1641.png,,human rogue,androgynous,adult,undercut,mustache,glowing cyber eye,serious,glowing halo,Common
1642,Loxley #1642,An owner-controlled on-chain pixel agent with an immutable Public identity and one optional Outlaw transformation.,1642.png,,secret agent,masculine,adult,pigtails,full beard,tired eyes,smiling,crown,Rare
1643,Loxley #1643,An owner-controlled on-chain pixel agent with an immutable Public identity and one optional Outlaw transformation.,1643.png,,human rogue,feminine,young,long hair,wrinkles,winking,grinning,nothing on head,Common
1644,Loxley #1644,An owner-controlled on-chain pixel agent with an immutable Public identity and one optional Outlaw transformation.,1644.png,,human ranger,feminine,adult,shaved sides,scarred cheek,wide eyes,smirking,beanie,Common
1645,Loxley #1645,An owner-controlled on-chain pixel agent with an immutable Public identity and one optional Outlaw transformation.,1645.png,,human oracle,feminine,adult,slicked-back hair,chin strap beard,eyepatch,grinning,nothing on head,Common
1646,Loxley #1646,An owner-controlled on-chain pixel agent with an immutable Public identity and one optional Outlaw transformation.,1646.png,,portrait dog,androgynous,adult,dreadlocks,war paint,tired eyes,frowning,scarf,Rare
1647,Loxley #1647,An owner-controlled on-chain pixel agent with an immutable Public identity and one optional Outlaw transformation.,1647.png,,human hacker,masculine,elder,bald,dimples,round glasses,serious,hood up,Common
1648,Loxley #1648,An owner-controlled on-chain pixel agent with an immutable Public identity and one optional Outlaw transformation.,1648.png,,portrait cat,masculine,adult,hooded head,soul patch,round glasses,grinning,cap,Rare
1649,Loxley #1649,An owner-controlled on-chain pixel agent with an immutable Public identity and one optional Outlaw transformation.,1649.png,,alien,masculine,elder,mohawk,stubble,round glasses,frowning,small horns,Rare
1650,Loxley #1650,An owner-controlled on-chain pixel agent with an immutable Public identity and one optional Outlaw transformation.,1650.png,,secret agent,feminine,young,buzzcut,scarred cheek,eyepatch,serious,cap,Rare
1651,Loxley #1651,An owner-controlled on-chain pixel agent with an immutable Public identity and one optional Outlaw transformation.,1651.png,,human scout,masculine,elder,bald,mustache,monocle,frowning,face mask,Common
1652,Loxley #1652,An owner-controlled on-chain pixel agent with an immutable Public identity and one optional Outlaw transformation.,1652.png,,human phantom,androgynous,young,short hair,cheek markings,round glasses,surprised,face mask,Common
1653,Loxley #1653,An owner-controlled on-chain pixel agent with an immutable Public identity and one optional Outlaw transformation.,1653.png,,human scout,androgynous,young,curly hair,sideburns,glowing cyber eye,serious,neck chain,Common
1654,Loxley #1654,An owner-controlled on-chain pixel agent with an immutable Public identity and one optional Outlaw transformation.,1654.png,,human ranger,androgynous,adult,ponytail,goatee,monocle,calm,bandana,Common
1655,Loxley #1655,An owner-controlled on-chain pixel agent with an immutable Public identity and one optional Outlaw transformation.,1655.png,,alien,masculine,elder,receding hairline,soul patch,normal eyes,neutral,antenna,Rare
1656,Loxley #1656,An owner-controlled on-chain pixel agent with an immutable Public identity and one optional Outlaw transformation.,1656.png,,human ranger,masculine,adult,curly hair,wrinkles,sharp piercing eyes,surprised,crown,Common
1657,Loxley #1657,An owner-controlled on-chain pixel agent with an immutable Public identity and one optional Outlaw transformation.,1657.png,,human rogue,masculine,young,dreadlocks,mustache,big round eyes,frowning,flower behind ear,Common
1658,Loxley #1658,An owner-controlled on-chain pixel agent with an immutable Public identity and one optional Outlaw transformation.,1658.png,,human rogue,masculine,elder,slicked-back hair,cybernetic jaw,narrow eyes,scowling,nothing on head,Common
1659,Loxley #1659,An owner-controlled on-chain pixel agent with an immutable Public identity and one optional Outlaw transformation.,1659.png,,human ranger,masculine,elder,messy hair,eye scar,sharp piercing eyes,scowling,scarf,Common
1660,Loxley #1660,An owner-controlled on-chain pixel agent with an immutable Public identity and one optional Outlaw transformation.,1660.png,,human phantom,masculine,adult,short hair,chin strap beard,normal eyes,surprised,neck chain,Common
1661,Loxley #1661,An owner-controlled on-chain pixel agent with an immutable Public identity and one optional Outlaw transformation.,1661.png,,human hacker,feminine,young,bald,beauty mark,big round eyes,serious,neck chain,Common
1662,Loxley #1662,An owner-controlled on-chain pixel agent with an immutable Public identity and one optional Outlaw transformation.,1662.png,,secret agent,masculine,adult,bangs,nose ring,tired eyes,surprised,face mask,Rare
1663,Loxley #1663,An owner-controlled on-chain pixel agent with an immutable Public identity and one optional Outlaw transformation.,1663.png,,human oracle,androgynous,adult,ponytail,scarred cheek,round glasses,serious,earring,Common
1664,Loxley #1664,An owner-controlled on-chain pixel agent with an immutable Public identity and one optional Outlaw transformation.,1664.png,,human ranger,feminine,adult,buzzcut,beauty mark,sharp piercing eyes,surprised,scarf,Common
1665,Loxley #1665,An owner-controlled on-chain pixel agent with an immutable Public identity and one optional Outlaw transformation.,1665.png,,human hacker,androgynous,adult,messy hair,cheek markings,wide eyes,neutral,face mask,Common
1666,Loxley #1666,An owner-controlled on-chain pixel agent with an immutable Public identity and one optional Outlaw transformation.,1666.png,,portrait cat,masculine,elder,messy hair,cybernetic jaw,sunglasses,surprised,neck chain,Rare
1667,Loxley #1667,An owner-controlled on-chain pixel agent with an immutable Public identity and one optional Outlaw transformation.,1667.png,,human scout,feminine,elder,afro hair,dimples,glowing eyes,surprised,high collar,Common
1668,Loxley #1668,An owner-controlled on-chain pixel agent with an immutable Public identity and one optional Outlaw transformation.,1668.png,,human scout,androgynous,adult,wavy hair,war paint,glowing eyes,serious,scarf,Common
1669,Loxley #1669,An owner-controlled on-chain pixel agent with an immutable Public identity and one optional Outlaw transformation.,1669.png,,human hacker,androgynous,young,bowl cut,eye scar,sharp piercing eyes,neutral,high collar,Common
1670,Loxley #1670,An owner-controlled on-chain pixel agent with an immutable Public identity and one optional Outlaw transformation.,1670.png,,human oracle,androgynous,adult,bald,goatee,wide eyes,smirking,hood up,Common
1671,Loxley #1671,An owner-controlled on-chain pixel agent with an immutable Public identity and one optional Outlaw transformation.,1671.png,,portrait cat,masculine,young,slicked-back hair,dimples,round glasses,surprised,headphones,Rare
1672,Loxley #1672,An owner-controlled on-chain pixel agent with an immutable Public identity and one optional Outlaw transformation.,1672.png,,secret agent,feminine,elder,bangs,nose ring,glowing cyber eye,serious,earring,Rare
1673,Loxley #1673,An owner-controlled on-chain pixel agent with an immutable Public identity and one optional Outlaw transformation.,1673.png,,human ranger,androgynous,young,dreadlocks,goatee,sharp piercing eyes,calm,headband,Common
1674,Loxley #1674,An owner-controlled on-chain pixel agent with an immutable Public identity and one optional Outlaw transformation.,1674.png,,human scout,androgynous,elder,short hair,cybernetic jaw,glowing cyber eye,scowling,cap,Common
1675,Loxley #1675,An owner-controlled on-chain pixel agent with an immutable Public identity and one optional Outlaw transformation.,1675.png,,alien,androgynous,elder,buzzcut,war paint,square glasses,calm,nothing on head,Rare
1676,Loxley #1676,An owner-controlled on-chain pixel agent with an immutable Public identity and one optional Outlaw transformation.,1676.png,,portrait dog,androgynous,elder,man-bun,sideburns,round glasses,neutral,nothing on head,Rare
1677,Loxley #1677,An owner-controlled on-chain pixel agent with an immutable Public identity and one optional Outlaw transformation.,1677.png,,human ranger,masculine,young,slicked-back hair,face tattoo,cyber visor,grinning,beanie,Common
1678,Loxley #1678,An owner-controlled on-chain pixel agent with an immutable Public identity and one optional Outlaw transformation.,1678.png,,human oracle,androgynous,adult,buzzcut,soul patch,normal eyes,calm,laurel wreath,Common
1679,Loxley #1679,An owner-controlled on-chain pixel agent with an immutable Public identity and one optional Outlaw transformation.,1679.png,,human rogue,feminine,adult,wavy hair,beauty mark,round glasses,frowning,laurel wreath,Common
1680,Loxley #1680,An owner-controlled on-chain pixel agent with an immutable Public identity and one optional Outlaw transformation.,1680.png,,human rogue,masculine,young,mohawk,chin strap beard,monocle,calm,glowing halo,Common
1681,Loxley #1681,An owner-controlled on-chain pixel agent with an immutable Public identity and one optional Outlaw transformation.,1681.png,,human hacker,androgynous,adult,bangs,war paint,tired eyes,smirking,antenna,Common
1682,Loxley #1682,An owner-controlled on-chain pixel agent with an immutable Public identity and one optional Outlaw transformation.,1682.png,,human scout,androgynous,young,bowl cut,scarred cheek,narrow eyes,surprised,cap,Common
1683,Loxley #1683,An owner-controlled on-chain pixel agent with an immutable Public identity and one optional Outlaw transformation.,1683.png,,human hacker,androgynous,adult,bowl cut,wrinkles,cyber visor,serious,neck chain,Common
1684,Loxley #1684,An owner-controlled on-chain pixel agent with an immutable Public identity and one optional Outlaw transformation.,1684.png,,human ranger,masculine,elder,dreadlocks,war paint,monocle,serious,glowing halo,Common
1685,Loxley #1685,An owner-controlled on-chain pixel agent with an immutable Public identity and one optional Outlaw transformation.,1685.png,,human oracle,feminine,elder,hooded head,eye scar,eyepatch,smiling,cigarette,Common
1686,Loxley #1686,An owner-controlled on-chain pixel agent with an immutable Public identity and one optional Outlaw transformation.,1686.png,,human oracle,androgynous,adult,pigtails,wrinkles,normal eyes,scowling,hood up,Common
1687,Loxley #1687,An owner-controlled on-chain pixel agent with an immutable Public identity and one optional Outlaw transformation.,1687.png,,human ranger,androgynous,young,ponytail,full beard,eyepatch,surprised,cap,Common
1688,Loxley #1688,An owner-controlled on-chain pixel agent with an immutable Public identity and one optional Outlaw transformation.,1688.png,,portrait dog,feminine,young,buzzcut,mustache,heterochromia,scowling,nothing on head,Rare
1689,Loxley #1689,An owner-controlled on-chain pixel agent with an immutable Public identity and one optional Outlaw transformation.,1689.png,,human oracle,androgynous,young,ponytail,eye scar,monocle,scowling,helmet,Common
1690,Loxley #1690,An owner-controlled on-chain pixel agent with an immutable Public identity and one optional Outlaw transformation.,1690.png,,human hacker,androgynous,young,top-knot,face tattoo,round glasses,frowning,cigarette,Common
1691,Loxley #1691,An owner-controlled on-chain pixel agent with an immutable Public identity and one optional Outlaw transformation.,1691.png,,portrait dog,feminine,young,man-bun,goatee,normal eyes,grinning,helmet,Rare
1692,Loxley #1692,An owner-controlled on-chain pixel agent with an immutable Public identity and one optional Outlaw transformation.,1692.png,,human oracle,masculine,adult,bowl cut,cybernetic jaw,winking,grinning,glowing halo,Common
1693,Loxley #1693,An owner-controlled on-chain pixel agent with an immutable Public identity and one optional Outlaw transformation.,1693.png,,human rogue,masculine,adult,short hair,face tattoo,heterochromia,smiling,headband,Common
1694,Loxley #1694,An owner-controlled on-chain pixel agent with an immutable Public identity and one optional Outlaw transformation.,1694.png,,portrait cat,masculine,elder,hooded head,mustache,narrow eyes,smirking,beanie,Rare
1695,Loxley #1695,An owner-controlled on-chain pixel agent with an immutable Public identity and one optional Outlaw transformation.,1695.png,,human ranger,feminine,young,man-bun,mustache,sharp piercing eyes,smirking,crown,Common
1696,Loxley #1696,An owner-controlled on-chain pixel agent with an immutable Public identity and one optional Outlaw transformation.,1696.png,,human phantom,masculine,young,top-knot,freckles,narrow eyes,neutral,earring,Common
1697,Loxley #1697,An owner-controlled on-chain pixel agent with an immutable Public identity and one optional Outlaw transformation.,1697.png,,human phantom,masculine,young,spiky hair,wrinkles,big round eyes,calm,headphones,Common
1698,Loxley #1698,An owner-controlled on-chain pixel agent with an immutable Public identity and one optional Outlaw transformation.,1698.png,,human rogue,feminine,elder,dreadlocks,war paint,cyber visor,frowning,helmet,Common
1699,Loxley #1699,An owner-controlled on-chain pixel agent with an immutable Public identity and one optional Outlaw transformation.,1699.png,,portrait cat,masculine,young,ponytail,freckles,sunglasses,serious,crown,Rare
1700,Loxley #1700,An owner-controlled on-chain pixel agent with an immutable Public identity and one optional Outlaw transformation.,1700.png,,human ranger,androgynous,adult,dreadlocks,dimples,wide eyes,smiling,beanie,Common
1701,Loxley #1701,An owner-controlled on-chain pixel agent with an immutable Public identity and one optional Outlaw transformation.,1701.png,,portrait dog,androgynous,elder,man-bun,wrinkles,big round eyes,calm,face mask,Rare
1702,Loxley #1702,An owner-controlled on-chain pixel agent with an immutable Public identity and one optional Outlaw transformation.,1702.png,,human oracle,masculine,young,mohawk,face tattoo,big round eyes,calm,cigarette,Common
1703,Loxley #1703,An owner-controlled on-chain pixel agent with an immutable Public identity and one optional Outlaw transformation.,1703.png,,alien,androgynous,adult,cornrows,mustache,round glasses,smirking,small horns,Rare
1704,Loxley #1704,An owner-controlled on-chain pixel agent with an immutable Public identity and one optional Outlaw transformation.,1704.png,,human rogue,masculine,elder,mohawk,wrinkles,heterochromia,surprised,earring,Common
1705,Loxley #1705,An owner-controlled on-chain pixel agent with an immutable Public identity and one optional Outlaw transformation.,1705.png,,human rogue,masculine,adult,hooded head,face tattoo,winking,calm,high collar,Common
1706,Loxley #1706,An owner-controlled on-chain pixel agent with an immutable Public identity and one optional Outlaw transformation.,1706.png,,human oracle,masculine,elder,shaved sides,face tattoo,closed eyes,calm,nothing on head,Common
1707,Loxley #1707,An owner-controlled on-chain pixel agent with an immutable Public identity and one optional Outlaw transformation.,1707.png,,portrait dog,feminine,young,bald,clean-shaven,monocle,grinning,face mask,Rare
1708,Loxley #1708,An owner-controlled on-chain pixel agent with an immutable Public identity and one optional Outlaw transformation.,1708.png,,portrait dog,masculine,elder,afro hair,freckles,sunglasses,neutral,scarf,Rare
1709,Loxley #1709,An owner-controlled on-chain pixel agent with an immutable Public identity and one optional Outlaw transformation.,1709.png,,human scout,androgynous,adult,bangs,face tattoo,sunglasses,smiling,high collar,Common
1710,Loxley #1710,An owner-controlled on-chain pixel agent with an immutable Public identity and one optional Outlaw transformation.,1710.png,,human oracle,masculine,adult,dreadlocks,cybernetic jaw,glowing cyber eye,scowling,bandana,Common
1711,Loxley #1711,An owner-controlled on-chain pixel agent with an immutable Public identity and one optional Outlaw transformation.,1711.png,,human scout,feminine,young,messy hair,freckles,sunglasses,smiling,face mask,Common
1712,Loxley #1712,An owner-controlled on-chain pixel agent with an immutable Public identity and one optional Outlaw transformation.,1712.png,,human scout,androgynous,elder,buzzcut,cybernetic jaw,winking,neutral,headphones,Common
1713,Loxley #1713,An owner-controlled on-chain pixel agent with an immutable Public identity and one optional Outlaw transformation.,1713.png,,portrait dog,masculine,young,spiky hair,chin strap beard,sunglasses,grinning,laurel wreath,Rare
1714,Loxley #1714,An owner-controlled on-chain pixel agent with an immutable Public identity and one optional Outlaw transformation.,1714.png,,portrait cat,masculine,young,messy hair,beauty mark,heterochromia,scowling,helmet,Rare
1715,Loxley #1715,An owner-controlled on-chain pixel agent with an immutable Public identity and one optional Outlaw transformation.,1715.png,,human oracle,androgynous,elder,buzzcut,full beard,glowing cyber eye,grinning,hood up,Common
1716,Loxley #1716,An owner-controlled on-chain pixel agent with an immutable Public identity and one optional Outlaw transformation.,1716.png,,human rogue,masculine,young,wavy hair,wrinkles,eyepatch,smiling,headphones,Common
1717,Loxley #1717,An owner-controlled on-chain pixel agent with an immutable Public identity and one optional Outlaw transformation.,1717.png,,human hacker,androgynous,elder,cornrows,chin strap beard,big round eyes,calm,high collar,Common
1718,Loxley #1718,An owner-controlled on-chain pixel agent with an immutable Public identity and one optional Outlaw transformation.,1718.png,,human scout,feminine,elder,long hair,war paint,cyber visor,calm,laurel wreath,Common
1719,Loxley #1719,An owner-controlled on-chain pixel agent with an immutable Public identity and one optional Outlaw transformation.,1719.png,,human scout,masculine,adult,bangs,soul patch,round glasses,smiling,laurel wreath,Common
1720,Loxley #1720,An owner-controlled on-chain pixel agent with an immutable Public identity and one optional Outlaw transformation.,1720.png,,portrait cat,masculine,elder,shaved sides,goatee,sharp piercing eyes,surprised,laurel wreath,Rare
1721,Loxley #1721,An owner-controlled on-chain pixel agent with an immutable Public identity and one optional Outlaw transformation.,1721.png,,portrait cat,androgynous,young,wavy hair,eye scar,heterochromia,surprised,high collar,Rare
1722,Loxley #1722,An owner-controlled on-chain pixel agent with an immutable Public identity and one optional Outlaw transformation.,1722.png,,portrait cat,feminine,young,spiky hair,war paint,sharp piercing eyes,frowning,high collar,Rare
1723,Loxley #1723,An owner-controlled on-chain pixel agent with an immutable Public identity and one optional Outlaw transformation.,1723.png,,human oracle,androgynous,adult,hooded head,scarred cheek,glowing cyber eye,calm,small horns,Common
1724,Loxley #1724,An owner-controlled on-chain pixel agent with an immutable Public identity and one optional Outlaw transformation.,1724.png,,human hacker,feminine,adult,messy hair,soul patch,square glasses,serious,beanie,Common
1725,Loxley #1725,An owner-controlled on-chain pixel agent with an immutable Public identity and one optional Outlaw transformation.,1725.png,,alien,masculine,elder,receding hairline,face tattoo,square glasses,smirking,neck chain,Rare
1726,Loxley #1726,An owner-controlled on-chain pixel agent with an immutable Public identity and one optional Outlaw transformation.,1726.png,,portrait cat,masculine,elder,slicked-back hair,scarred cheek,normal eyes,smirking,headphones,Rare
1727,Loxley #1727,An owner-controlled on-chain pixel agent with an immutable Public identity and one optional Outlaw transformation.,1727.png,,alien,androgynous,young,slicked-back hair,stubble,sunglasses,scowling,flower behind ear,Rare
1728,Loxley #1728,An owner-controlled on-chain pixel agent with an immutable Public identity and one optional Outlaw transformation.,1728.png,,human ranger,feminine,elder,hooded head,eye scar,round glasses,scowling,laurel wreath,Common
1729,Loxley #1729,An owner-controlled on-chain pixel agent with an immutable Public identity and one optional Outlaw transformation.,1729.png,,human phantom,masculine,elder,pigtails,full beard,sharp piercing eyes,calm,small horns,Common
1730,Loxley #1730,An owner-controlled on-chain pixel agent with an immutable Public identity and one optional Outlaw transformation.,1730.png,,secret agent,feminine,elder,pigtails,sideburns,sharp piercing eyes,serious,glowing halo,Rare
1731,Loxley #1731,An owner-controlled on-chain pixel agent with an immutable Public identity and one optional Outlaw transformation.,1731.png,,human phantom,masculine,adult,top-knot,cybernetic jaw,normal eyes,smiling,cap,Common
1732,Loxley #1732,An owner-controlled on-chain pixel agent with an immutable Public identity and one optional Outlaw transformation.,1732.png,,human scout,feminine,elder,messy hair,nose ring,glowing eyes,neutral,cigarette,Common
1733,Loxley #1733,An owner-controlled on-chain pixel agent with an immutable Public identity and one optional Outlaw transformation.,1733.png,,human rogue,feminine,elder,wavy hair,full beard,sunglasses,neutral,face mask,Common
1734,Loxley #1734,An owner-controlled on-chain pixel agent with an immutable Public identity and one optional Outlaw transformation.,1734.png,,portrait dog,androgynous,elder,buzzcut,eye scar,square glasses,grinning,high collar,Rare
1735,Loxley #1735,An owner-controlled on-chain pixel agent with an immutable Public identity and one optional Outlaw transformation.,1735.png,,human rogue,feminine,young,buzzcut,wrinkles,glowing eyes,serious,helmet,Common
1736,Loxley #1736,An owner-controlled on-chain pixel agent with an immutable Public identity and one optional Outlaw transformation.,1736.png,,human hacker,masculine,adult,curly hair,scarred cheek,square glasses,grinning,earring,Common
1737,Loxley #1737,An owner-controlled on-chain pixel agent with an immutable Public identity and one optional Outlaw transformation.,1737.png,,portrait dog,masculine,elder,bangs,cheek markings,narrow eyes,surprised,face mask,Rare
1738,Loxley #1738,An owner-controlled on-chain pixel agent with an immutable Public identity and one optional Outlaw transformation.,1738.png,,human rogue,feminine,young,ponytail,mustache,wide eyes,calm,small horns,Common
1739,Loxley #1739,An owner-controlled on-chain pixel agent with an immutable Public identity and one optional Outlaw transformation.,1739.png,,human phantom,feminine,elder,man-bun,cybernetic jaw,round glasses,calm,cigarette,Common
1740,Loxley #1740,An owner-controlled on-chain pixel agent with an immutable Public identity and one optional Outlaw transformation.,1740.png,,secret agent,feminine,adult,mohawk,clean-shaven,square glasses,calm,headband,Rare
1741,Loxley #1741,An owner-controlled on-chain pixel agent with an immutable Public identity and one optional Outlaw transformation.,1741.png,,portrait cat,androgynous,adult,buzzcut,freckles,narrow eyes,scowling,crown,Rare
1742,Loxley #1742,An owner-controlled on-chain pixel agent with an immutable Public identity and one optional Outlaw transformation.,1742.png,,alien,feminine,elder,messy hair,wrinkles,sharp piercing eyes,scowling,flower behind ear,Rare
1743,Loxley #1743,An owner-controlled on-chain pixel agent with an immutable Public identity and one optional Outlaw transformation.,1743.png,,portrait dog,feminine,elder,undercut,freckles,round glasses,grinning,cigarette,Rare
1744,Loxley #1744,An owner-controlled on-chain pixel agent with an immutable Public identity and one optional Outlaw transformation.,1744.png,,human scout,feminine,elder,top-knot,clean-shaven,glowing cyber eye,scowling,flower behind ear,Common
1745,Loxley #1745,An owner-controlled on-chain pixel agent with an immutable Public identity and one optional Outlaw transformation.,1745.png,,human phantom,masculine,elder,hooded head,clean-shaven,closed eyes,smirking,antenna,Common
1746,Loxley #1746,An owner-controlled on-chain pixel agent with an immutable Public identity and one optional Outlaw transformation.,1746.png,,human scout,feminine,adult,long hair,sideburns,monocle,smirking,flower behind ear,Common
1747,Loxley #1747,An owner-controlled on-chain pixel agent with an immutable Public identity and one optional Outlaw transformation.,1747.png,,portrait dog,feminine,young,receding hairline,freckles,big round eyes,serious,antenna,Rare
1748,Loxley #1748,An owner-controlled on-chain pixel agent with an immutable Public identity and one optional Outlaw transformation.,1748.png,,human hacker,feminine,elder,top-knot,stubble,cyber visor,serious,flower behind ear,Common
1749,Loxley #1749,An owner-controlled on-chain pixel agent with an immutable Public identity and one optional Outlaw transformation.,1749.png,,human rogue,masculine,elder,buzzcut,dimples,big round eyes,neutral,hood up,Common
1750,Loxley #1750,An owner-controlled on-chain pixel agent with an immutable Public identity and one optional Outlaw transformation.,1750.png,,human phantom,androgynous,young,messy hair,dimples,heterochromia,scowling,bandana,Common
1751,Loxley #1751,An owner-controlled on-chain pixel agent with an immutable Public identity and one optional Outlaw transformation.,1751.png,,portrait dog,masculine,young,hooded head,sideburns,eyepatch,grinning,helmet,Rare
1752,Loxley #1752,An owner-controlled on-chain pixel agent with an immutable Public identity and one optional Outlaw transformation.,1752.png,,human oracle,feminine,adult,slicked-back hair,scarred cheek,winking,neutral,laurel wreath,Common
1753,Loxley #1753,An owner-controlled on-chain pixel agent with an immutable Public identity and one optional Outlaw transformation.,1753.png,,human rogue,masculine,young,bangs,face tattoo,narrow eyes,surprised,earring,Common
1754,Loxley #1754,An owner-controlled on-chain pixel agent with an immutable Public identity and one optional Outlaw transformation.,1754.png,,human ranger,masculine,young,wavy hair,war paint,normal eyes,surprised,bandana,Common
1755,Loxley #1755,An owner-controlled on-chain pixel agent with an immutable Public identity and one optional Outlaw transformation.,1755.png,,human ranger,androgynous,elder,long hair,goatee,winking,scowling,flower behind ear,Common
1756,Loxley #1756,An owner-controlled on-chain pixel agent with an immutable Public identity and one optional Outlaw transformation.,1756.png,,portrait dog,feminine,young,short hair,freckles,round glasses,smirking,flower behind ear,Rare
1757,Loxley #1757,An owner-controlled on-chain pixel agent with an immutable Public identity and one optional Outlaw transformation.,1757.png,,human ranger,masculine,elder,mohawk,mustache,closed eyes,surprised,cap,Common
1758,Loxley #1758,An owner-controlled on-chain pixel agent with an immutable Public identity and one optional Outlaw transformation.,1758.png,,human scout,androgynous,adult,top-knot,clean-shaven,eyepatch,serious,headphones,Common
1759,Loxley #1759,An owner-controlled on-chain pixel agent with an immutable Public identity and one optional Outlaw transformation.,1759.png,,portrait dog,masculine,adult,hooded head,stubble,narrow eyes,surprised,earring,Rare
1760,Loxley #1760,An owner-controlled on-chain pixel agent with an immutable Public identity and one optional Outlaw transformation.,1760.png,,alien,masculine,young,pigtails,cheek markings,monocle,frowning,headband,Rare
1761,Loxley #1761,An owner-controlled on-chain pixel agent with an immutable Public identity and one optional Outlaw transformation.,1761.png,,human scout,masculine,elder,wavy hair,face tattoo,wide eyes,smiling,bandana,Common
1762,Loxley #1762,An owner-controlled on-chain pixel agent with an immutable Public identity and one optional Outlaw transformation.,1762.png,,alien,masculine,adult,curly hair,cybernetic jaw,glowing cyber eye,surprised,beanie,Rare
1763,Loxley #1763,An owner-controlled on-chain pixel agent with an immutable Public identity and one optional Outlaw transformation.,1763.png,,secret agent,masculine,adult,undercut,stubble,square glasses,grinning,neck chain,Rare
1764,Loxley #1764,An owner-controlled on-chain pixel agent with an immutable Public identity and one optional Outlaw transformation.,1764.png,,secret agent,feminine,young,undercut,full beard,big round eyes,smiling,nothing on head,Rare
1765,Loxley #1765,An owner-controlled on-chain pixel agent with an immutable Public identity and one optional Outlaw transformation.,1765.png,,human phantom,androgynous,elder,undercut,wrinkles,sunglasses,serious,crown,Common
1766,Loxley #1766,An owner-controlled on-chain pixel agent with an immutable Public identity and one optional Outlaw transformation.,1766.png,,human scout,feminine,adult,afro hair,soul patch,glowing eyes,scowling,scarf,Common
1767,Loxley #1767,An owner-controlled on-chain pixel agent with an immutable Public identity and one optional Outlaw transformation.,1767.png,,human rogue,androgynous,young,short hair,cybernetic jaw,sunglasses,smiling,glowing halo,Common
1768,Loxley #1768,An owner-controlled on-chain pixel agent with an immutable Public identity and one optional Outlaw transformation.,1768.png,,secret agent,androgynous,young,dreadlocks,face tattoo,round glasses,calm,laurel wreath,Rare
1769,Loxley #1769,An owner-controlled on-chain pixel agent with an immutable Public identity and one optional Outlaw transformation.,1769.png,,human rogue,masculine,elder,spiky hair,freckles,glowing cyber eye,serious,small horns,Common
1770,Loxley #1770,An owner-controlled on-chain pixel agent with an immutable Public identity and one optional Outlaw transformation.,1770.png,,human ranger,feminine,adult,dreadlocks,goatee,narrow eyes,surprised,nothing on head,Common
1771,Loxley #1771,An owner-controlled on-chain pixel agent with an immutable Public identity and one optional Outlaw transformation.,1771.png,,portrait dog,masculine,adult,man-bun,clean-shaven,tired eyes,serious,nothing on head,Rare
1772,Loxley #1772,An owner-controlled on-chain pixel agent with an immutable Public identity and one optional Outlaw transformation.,1772.png,,human rogue,feminine,elder,dreadlocks,war paint,glowing eyes,smiling,nothing on head,Common
1773,Loxley #1773,An owner-controlled on-chain pixel agent with an immutable Public identity and one optional Outlaw transformation.,1773.png,,alien,feminine,adult,cornrows,clean-shaven,closed eyes,surprised,beanie,Rare
1774,Loxley #1774,An owner-controlled on-chain pixel agent with an immutable Public identity and one optional Outlaw transformation.,1774.png,,human phantom,feminine,adult,dreadlocks,freckles,glowing cyber eye,grinning,laurel wreath,Common
1775,Loxley #1775,An owner-controlled on-chain pixel agent with an immutable Public identity and one optional Outlaw transformation.,1775.png,,human oracle,feminine,young,pigtails,cybernetic jaw,big round eyes,calm,helmet,Common
1776,Loxley #1776,An owner-controlled on-chain pixel agent with an immutable Public identity and one optional Outlaw transformation.,1776.png,,human hacker,feminine,young,messy hair,soul patch,closed eyes,scowling,laurel wreath,Common
1777,Loxley #1777,An owner-controlled on-chain pixel agent with an immutable Public identity and one optional Outlaw transformation.,1777.png,,human phantom,androgynous,elder,cornrows,goatee,big round eyes,calm,nothing on head,Common
1778,Loxley #1778,An owner-controlled on-chain pixel agent with an immutable Public identity and one optional Outlaw transformation.,1778.png,,human hacker,feminine,adult,bangs,full beard,square glasses,smirking,flower behind ear,Common
1779,Loxley #1779,An owner-controlled on-chain pixel agent with an immutable Public identity and one optional Outlaw transformation.,1779.png,,human scout,feminine,adult,shaved sides,wrinkles,big round eyes,smiling,crown,Common
1780,Loxley #1780,An owner-controlled on-chain pixel agent with an immutable Public identity and one optional Outlaw transformation.,1780.png,,human oracle,feminine,elder,bald,soul patch,sharp piercing eyes,neutral,glowing halo,Common
1781,Loxley #1781,An owner-controlled on-chain pixel agent with an immutable Public identity and one optional Outlaw transformation.,1781.png,,human rogue,masculine,adult,top-knot,cybernetic jaw,eyepatch,scowling,antenna,Common
1782,Loxley #1782,An owner-controlled on-chain pixel agent with an immutable Public identity and one optional Outlaw transformation.,1782.png,,secret agent,androgynous,elder,messy hair,scarred cheek,tired eyes,frowning,flower behind ear,Rare
1783,Loxley #1783,An owner-controlled on-chain pixel agent with an immutable Public identity and one optional Outlaw transformation.,1783.png,,human rogue,feminine,young,shaved sides,beauty mark,glowing eyes,scowling,beanie,Common
1784,Loxley #1784,An owner-controlled on-chain pixel agent with an immutable Public identity and one optional Outlaw transformation.,1784.png,,secret agent,feminine,young,wavy hair,stubble,round glasses,calm,headband,Rare
1785,Loxley #1785,An owner-controlled on-chain pixel agent with an immutable Public identity and one optional Outlaw transformation.,1785.png,,alien,feminine,elder,hooded head,cheek markings,glowing eyes,grinning,headband,Rare
1786,Loxley #1786,An owner-controlled on-chain pixel agent with an immutable Public identity and one optional Outlaw transformation.,1786.png,,human scout,feminine,adult,messy hair,stubble,sharp piercing eyes,frowning,small horns,Common
1787,Loxley #1787,An owner-controlled on-chain pixel agent with an immutable Public identity and one optional Outlaw transformation.,1787.png,,human ranger,masculine,elder,buzzcut,wrinkles,winking,smiling,face mask,Common
1788,Loxley #1788,An owner-controlled on-chain pixel agent with an immutable Public identity and one optional Outlaw transformation.,1788.png,,portrait dog,masculine,adult,top-knot,war paint,narrow eyes,grinning,headband,Rare
1789,Loxley #1789,An owner-controlled on-chain pixel agent with an immutable Public identity and one optional Outlaw transformation.,1789.png,,portrait dog,masculine,young,man-bun,stubble,glowing eyes,grinning,scarf,Rare
1790,Loxley #1790,An owner-controlled on-chain pixel agent with an immutable Public identity and one optional Outlaw transformation.,1790.png,,human hacker,masculine,young,bangs,cheek markings,eyepatch,neutral,cigarette,Common
1791,Loxley #1791,An owner-controlled on-chain pixel agent with an immutable Public identity and one optional Outlaw transformation.,1791.png,,human ranger,feminine,adult,shaved sides,sideburns,wide eyes,surprised,headphones,Common
1792,Loxley #1792,An owner-controlled on-chain pixel agent with an immutable Public identity and one optional Outlaw transformation.,1792.png,,human scout,masculine,adult,short hair,freckles,winking,scowling,bandana,Common
1793,Loxley #1793,An owner-controlled on-chain pixel agent with an immutable Public identity and one optional Outlaw transformation.,1793.png,,human hacker,androgynous,elder,buzzcut,nose ring,big round eyes,serious,cigarette,Common
1794,Loxley #1794,An owner-controlled on-chain pixel agent with an immutable Public identity and one optional Outlaw transformation.,1794.png,,human phantom,feminine,adult,bowl cut,war paint,closed eyes,serious,small horns,Common
1795,Loxley #1795,An owner-controlled on-chain pixel agent with an immutable Public identity and one optional Outlaw transformation.,1795.png,,human ranger,androgynous,elder,long hair,full beard,normal eyes,calm,flower behind ear,Common
1796,Loxley #1796,An owner-controlled on-chain pixel agent with an immutable Public identity and one optional Outlaw transformation.,1796.png,,human phantom,feminine,adult,cornrows,nose ring,sharp piercing eyes,calm,small horns,Common
1797,Loxley #1797,An owner-controlled on-chain pixel agent with an immutable Public identity and one optional Outlaw transformation.,1797.png,,human ranger,androgynous,adult,short hair,cybernetic jaw,narrow eyes,scowling,flower behind ear,Common
1798,Loxley #1798,An owner-controlled on-chain pixel agent with an immutable Public identity and one optional Outlaw transformation.,1798.png,,human hacker,feminine,adult,afro hair,chin strap beard,big round eyes,grinning,hood up,Common
1799,Loxley #1799,An owner-controlled on-chain pixel agent with an immutable Public identity and one optional Outlaw transformation.,1799.png,,human ranger,masculine,young,undercut,war paint,glowing eyes,surprised,headphones,Common
1800,Loxley #1800,An owner-controlled on-chain pixel agent with an immutable Public identity and one optional Outlaw transformation.,1800.png,,human rogue,feminine,adult,man-bun,face tattoo,normal eyes,grinning,cigarette,Common
1801,Loxley #1801,An owner-controlled on-chain pixel agent with an immutable Public identity and one optional Outlaw transformation.,1801.png,,portrait cat,androgynous,elder,man-bun,sideburns,big round eyes,smirking,high collar,Rare
1802,Loxley #1802,An owner-controlled on-chain pixel agent with an immutable Public identity and one optional Outlaw transformation.,1802.png,,human oracle,androgynous,adult,shaved sides,wrinkles,winking,neutral,laurel wreath,Common
1803,Loxley #1803,An owner-controlled on-chain pixel agent with an immutable Public identity and one optional Outlaw transformation.,1803.png,,portrait dog,feminine,elder,cornrows,face tattoo,narrow eyes,smirking,cap,Rare
1804,Loxley #1804,An owner-controlled on-chain pixel agent with an immutable Public identity and one optional Outlaw transformation.,1804.png,,human ranger,feminine,adult,short hair,chin strap beard,winking,grinning,headband,Common
1805,Loxley #1805,An owner-controlled on-chain pixel agent with an immutable Public identity and one optional Outlaw transformation.,1805.png,,human rogue,masculine,adult,ponytail,chin strap beard,wide eyes,smirking,cap,Common
1806,Loxley #1806,An owner-controlled on-chain pixel agent with an immutable Public identity and one optional Outlaw transformation.,1806.png,,portrait dog,feminine,adult,pigtails,mustache,winking,surprised,small horns,Rare
1807,Loxley #1807,An owner-controlled on-chain pixel agent with an immutable Public identity and one optional Outlaw transformation.,1807.png,,secret agent,feminine,adult,buzzcut,beauty mark,heterochromia,calm,headband,Rare
1808,Loxley #1808,An owner-controlled on-chain pixel agent with an immutable Public identity and one optional Outlaw transformation.,1808.png,,human phantom,feminine,adult,wavy hair,scarred cheek,square glasses,neutral,scarf,Common
1809,Loxley #1809,An owner-controlled on-chain pixel agent with an immutable Public identity and one optional Outlaw transformation.,1809.png,,human oracle,masculine,adult,dreadlocks,cheek markings,winking,scowling,cigarette,Common
1810,Loxley #1810,An owner-controlled on-chain pixel agent with an immutable Public identity and one optional Outlaw transformation.,1810.png,,human rogue,androgynous,young,receding hairline,cybernetic jaw,glowing eyes,neutral,hood up,Common
1811,Loxley #1811,An owner-controlled on-chain pixel agent with an immutable Public identity and one optional Outlaw transformation.,1811.png,,human rogue,feminine,adult,curly hair,soul patch,glowing cyber eye,calm,face mask,Common
1812,Loxley #1812,An owner-controlled on-chain pixel agent with an immutable Public identity and one optional Outlaw transformation.,1812.png,,human rogue,masculine,elder,slicked-back hair,cybernetic jaw,big round eyes,calm,glowing halo,Common
1813,Loxley #1813,An owner-controlled on-chain pixel agent with an immutable Public identity and one optional Outlaw transformation.,1813.png,,human oracle,androgynous,adult,bald,dimples,eyepatch,scowling,earring,Common
1814,Loxley #1814,An owner-controlled on-chain pixel agent with an immutable Public identity and one optional Outlaw transformation.,1814.png,,portrait dog,androgynous,adult,dreadlocks,nose ring,sharp piercing eyes,frowning,headband,Rare
1815,Loxley #1815,An owner-controlled on-chain pixel agent with an immutable Public identity and one optional Outlaw transformation.,1815.png,,human rogue,androgynous,adult,curly hair,eye scar,cyber visor,smirking,flower behind ear,Common
1816,Loxley #1816,An owner-controlled on-chain pixel agent with an immutable Public identity and one optional Outlaw transformation.,1816.png,,portrait dog,masculine,elder,long hair,chin strap beard,narrow eyes,surprised,headband,Rare
1817,Loxley #1817,An owner-controlled on-chain pixel agent with an immutable Public identity and one optional Outlaw transformation.,1817.png,,human oracle,feminine,young,buzzcut,war paint,narrow eyes,calm,flower behind ear,Common
1818,Loxley #1818,An owner-controlled on-chain pixel agent with an immutable Public identity and one optional Outlaw transformation.,1818.png,,human scout,feminine,elder,bowl cut,full beard,square glasses,smirking,beanie,Common
1819,Loxley #1819,An owner-controlled on-chain pixel agent with an immutable Public identity and one optional Outlaw transformation.,1819.png,,human ranger,feminine,adult,bowl cut,dimples,cyber visor,frowning,high collar,Common
1820,Loxley #1820,An owner-controlled on-chain pixel agent with an immutable Public identity and one optional Outlaw transformation.,1820.png,,human scout,masculine,elder,curly hair,face tattoo,eyepatch,serious,antenna,Common
1821,Loxley #1821,An owner-controlled on-chain pixel agent with an immutable Public identity and one optional Outlaw transformation.,1821.png,,human phantom,feminine,young,mohawk,beauty mark,big round eyes,surprised,bandana,Common
1822,Loxley #1822,An owner-controlled on-chain pixel agent with an immutable Public identity and one optional Outlaw transformation.,1822.png,,portrait cat,androgynous,adult,wavy hair,war paint,closed eyes,neutral,neck chain,Rare
1823,Loxley #1823,An owner-controlled on-chain pixel agent with an immutable Public identity and one optional Outlaw transformation.,1823.png,,portrait dog,feminine,elder,hooded head,war paint,winking,scowling,hood up,Rare
1824,Loxley #1824,An owner-controlled on-chain pixel agent with an immutable Public identity and one optional Outlaw transformation.,1824.png,,human scout,androgynous,adult,mohawk,scarred cheek,tired eyes,grinning,neck chain,Common
1825,Loxley #1825,An owner-controlled on-chain pixel agent with an immutable Public identity and one optional Outlaw transformation.,1825.png,,portrait cat,feminine,elder,messy hair,freckles,normal eyes,neutral,headband,Rare
1826,Loxley #1826,An owner-controlled on-chain pixel agent with an immutable Public identity and one optional Outlaw transformation.,1826.png,,human ranger,androgynous,young,short hair,soul patch,round glasses,smiling,cap,Common
1827,Loxley #1827,An owner-controlled on-chain pixel agent with an immutable Public identity and one optional Outlaw transformation.,1827.png,,portrait dog,masculine,young,curly hair,stubble,square glasses,surprised,high collar,Rare
1828,Loxley #1828,An owner-controlled on-chain pixel agent with an immutable Public identity and one optional Outlaw transformation.,1828.png,,human rogue,masculine,young,spiky hair,beauty mark,glowing eyes,surprised,neck chain,Common
1829,Loxley #1829,An owner-controlled on-chain pixel agent with an immutable Public identity and one optional Outlaw transformation.,1829.png,,human rogue,feminine,elder,bangs,scarred cheek,normal eyes,scowling,cap,Common
1830,Loxley #1830,An owner-controlled on-chain pixel agent with an immutable Public identity and one optional Outlaw transformation.,1830.png,,human oracle,masculine,young,buzzcut,full beard,square glasses,scowling,beanie,Common
1831,Loxley #1831,An owner-controlled on-chain pixel agent with an immutable Public identity and one optional Outlaw transformation.,1831.png,,secret agent,masculine,adult,messy hair,freckles,sharp piercing eyes,neutral,face mask,Rare
1832,Loxley #1832,An owner-controlled on-chain pixel agent with an immutable Public identity and one optional Outlaw transformation.,1832.png,,human ranger,feminine,adult,messy hair,beauty mark,tired eyes,smiling,cap,Common
1833,Loxley #1833,An owner-controlled on-chain pixel agent with an immutable Public identity and one optional Outlaw transformation.,1833.png,,human oracle,androgynous,elder,top-knot,sideburns,sharp piercing eyes,smirking,nothing on head,Common
1834,Loxley #1834,An owner-controlled on-chain pixel agent with an immutable Public identity and one optional Outlaw transformation.,1834.png,,portrait dog,masculine,adult,spiky hair,nose ring,glowing eyes,serious,nothing on head,Rare
1835,Loxley #1835,An owner-controlled on-chain pixel agent with an immutable Public identity and one optional Outlaw transformation.,1835.png,,human hacker,feminine,young,mohawk,freckles,tired eyes,serious,cigarette,Common
1836,Loxley #1836,An owner-controlled on-chain pixel agent with an immutable Public identity and one optional Outlaw transformation.,1836.png,,portrait dog,androgynous,elder,mohawk,sideburns,square glasses,scowling,flower behind ear,Rare
1837,Loxley #1837,An owner-controlled on-chain pixel agent with an immutable Public identity and one optional Outlaw transformation.,1837.png,,human scout,feminine,adult,short hair,beauty mark,cyber visor,calm,neck chain,Common
1838,Loxley #1838,An owner-controlled on-chain pixel agent with an immutable Public identity and one optional Outlaw transformation.,1838.png,,human scout,androgynous,adult,undercut,mustache,monocle,scowling,high collar,Common
1839,Loxley #1839,An owner-controlled on-chain pixel agent with an immutable Public identity and one optional Outlaw transformation.,1839.png,,human rogue,androgynous,elder,cornrows,chin strap beard,glowing cyber eye,serious,cap,Common
1840,Loxley #1840,An owner-controlled on-chain pixel agent with an immutable Public identity and one optional Outlaw transformation.,1840.png,,human rogue,feminine,elder,dreadlocks,wrinkles,sharp piercing eyes,calm,glowing halo,Common
1841,Loxley #1841,An owner-controlled on-chain pixel agent with an immutable Public identity and one optional Outlaw transformation.,1841.png,,human scout,androgynous,young,pigtails,freckles,normal eyes,surprised,flower behind ear,Common
1842,Loxley #1842,An owner-controlled on-chain pixel agent with an immutable Public identity and one optional Outlaw transformation.,1842.png,,portrait dog,androgynous,adult,cornrows,beauty mark,winking,neutral,helmet,Rare
1843,Loxley #1843,An owner-controlled on-chain pixel agent with an immutable Public identity and one optional Outlaw transformation.,1843.png,,human oracle,feminine,elder,mohawk,sideburns,sharp piercing eyes,frowning,cap,Common
1844,Loxley #1844,An owner-controlled on-chain pixel agent with an immutable Public identity and one optional Outlaw transformation.,1844.png,,portrait dog,masculine,adult,afro hair,dimples,heterochromia,frowning,scarf,Rare
1845,Loxley #1845,An owner-controlled on-chain pixel agent with an immutable Public identity and one optional Outlaw transformation.,1845.png,,secret agent,feminine,adult,dreadlocks,freckles,big round eyes,smiling,glowing halo,Rare
1846,Loxley #1846,An owner-controlled on-chain pixel agent with an immutable Public identity and one optional Outlaw transformation.,1846.png,,human oracle,androgynous,adult,wavy hair,sideburns,round glasses,surprised,neck chain,Common
1847,Loxley #1847,An owner-controlled on-chain pixel agent with an immutable Public identity and one optional Outlaw transformation.,1847.png,,human phantom,masculine,elder,undercut,mustache,sunglasses,grinning,laurel wreath,Common
1848,Loxley #1848,An owner-controlled on-chain pixel agent with an immutable Public identity and one optional Outlaw transformation.,1848.png,,human rogue,masculine,elder,ponytail,wrinkles,winking,frowning,flower behind ear,Common
1849,Loxley #1849,An owner-controlled on-chain pixel agent with an immutable Public identity and one optional Outlaw transformation.,1849.png,,human hacker,feminine,elder,shaved sides,sideburns,tired eyes,grinning,nothing on head,Common
1850,Loxley #1850,An owner-controlled on-chain pixel agent with an immutable Public identity and one optional Outlaw transformation.,1850.png,,human oracle,androgynous,elder,short hair,stubble,closed eyes,frowning,cigarette,Common
1851,Loxley #1851,An owner-controlled on-chain pixel agent with an immutable Public identity and one optional Outlaw transformation.,1851.png,,human rogue,masculine,elder,undercut,beauty mark,tired eyes,grinning,beanie,Common
1852,Loxley #1852,An owner-controlled on-chain pixel agent with an immutable Public identity and one optional Outlaw transformation.,1852.png,,human phantom,masculine,young,shaved sides,eye scar,round glasses,smiling,small horns,Common
1853,Loxley #1853,An owner-controlled on-chain pixel agent with an immutable Public identity and one optional Outlaw transformation.,1853.png,,alien,feminine,elder,buzzcut,cheek markings,normal eyes,smirking,nothing on head,Rare
1854,Loxley #1854,An owner-controlled on-chain pixel agent with an immutable Public identity and one optional Outlaw transformation.,1854.png,,human rogue,feminine,elder,short hair,full beard,monocle,scowling,helmet,Common
1855,Loxley #1855,An owner-controlled on-chain pixel agent with an immutable Public identity and one optional Outlaw transformation.,1855.png,,portrait dog,masculine,adult,bowl cut,eye scar,glowing cyber eye,smiling,neck chain,Rare
1856,Loxley #1856,An owner-controlled on-chain pixel agent with an immutable Public identity and one optional Outlaw transformation.,1856.png,,human scout,masculine,elder,slicked-back hair,cheek markings,normal eyes,neutral,bandana,Common
1857,Loxley #1857,An owner-controlled on-chain pixel agent with an immutable Public identity and one optional Outlaw transformation.,1857.png,,human rogue,masculine,elder,man-bun,full beard,sunglasses,frowning,scarf,Common
1858,Loxley #1858,An owner-controlled on-chain pixel agent with an immutable Public identity and one optional Outlaw transformation.,1858.png,,human scout,feminine,adult,afro hair,nose ring,closed eyes,calm,crown,Common
1859,Loxley #1859,An owner-controlled on-chain pixel agent with an immutable Public identity and one optional Outlaw transformation.,1859.png,,human rogue,masculine,elder,receding hairline,cheek markings,glowing eyes,smiling,small horns,Common
1860,Loxley #1860,An owner-controlled on-chain pixel agent with an immutable Public identity and one optional Outlaw transformation.,1860.png,,human scout,masculine,adult,buzzcut,sideburns,square glasses,grinning,hood up,Common
1861,Loxley #1861,An owner-controlled on-chain pixel agent with an immutable Public identity and one optional Outlaw transformation.,1861.png,,secret agent,androgynous,elder,mohawk,goatee,cyber visor,calm,flower behind ear,Rare
1862,Loxley #1862,An owner-controlled on-chain pixel agent with an immutable Public identity and one optional Outlaw transformation.,1862.png,,human phantom,androgynous,adult,receding hairline,dimples,square glasses,surprised,nothing on head,Common
1863,Loxley #1863,An owner-controlled on-chain pixel agent with an immutable Public identity and one optional Outlaw transformation.,1863.png,,human hacker,feminine,young,top-knot,soul patch,glowing cyber eye,neutral,headband,Common
1864,Loxley #1864,An owner-controlled on-chain pixel agent with an immutable Public identity and one optional Outlaw transformation.,1864.png,,human ranger,androgynous,elder,bowl cut,full beard,closed eyes,neutral,cap,Common
1865,Loxley #1865,An owner-controlled on-chain pixel agent with an immutable Public identity and one optional Outlaw transformation.,1865.png,,portrait cat,masculine,adult,curly hair,beauty mark,tired eyes,smirking,beanie,Rare
1866,Loxley #1866,An owner-controlled on-chain pixel agent with an immutable Public identity and one optional Outlaw transformation.,1866.png,,portrait cat,androgynous,young,bowl cut,war paint,wide eyes,smirking,helmet,Rare
1867,Loxley #1867,An owner-controlled on-chain pixel agent with an immutable Public identity and one optional Outlaw transformation.,1867.png,,portrait dog,masculine,elder,afro hair,freckles,big round eyes,smiling,scarf,Rare
1868,Loxley #1868,An owner-controlled on-chain pixel agent with an immutable Public identity and one optional Outlaw transformation.,1868.png,,human phantom,androgynous,young,bowl cut,scarred cheek,normal eyes,smirking,high collar,Common
1869,Loxley #1869,An owner-controlled on-chain pixel agent with an immutable Public identity and one optional Outlaw transformation.,1869.png,,portrait dog,feminine,adult,bowl cut,soul patch,closed eyes,calm,cigarette,Rare
1870,Loxley #1870,An owner-controlled on-chain pixel agent with an immutable Public identity and one optional Outlaw transformation.,1870.png,,portrait cat,feminine,adult,hooded head,freckles,round glasses,grinning,headphones,Rare
1871,Loxley #1871,An owner-controlled on-chain pixel agent with an immutable Public identity and one optional Outlaw transformation.,1871.png,,portrait dog,masculine,adult,bangs,stubble,glowing cyber eye,scowling,flower behind ear,Rare
1872,Loxley #1872,An owner-controlled on-chain pixel agent with an immutable Public identity and one optional Outlaw transformation.,1872.png,,human rogue,masculine,young,afro hair,sideburns,eyepatch,smiling,beanie,Common
1873,Loxley #1873,An owner-controlled on-chain pixel agent with an immutable Public identity and one optional Outlaw transformation.,1873.png,,alien,masculine,adult,man-bun,war paint,heterochromia,smiling,high collar,Rare
1874,Loxley #1874,An owner-controlled on-chain pixel agent with an immutable Public identity and one optional Outlaw transformation.,1874.png,,human oracle,masculine,adult,mohawk,eye scar,sharp piercing eyes,smirking,headband,Common
1875,Loxley #1875,An owner-controlled on-chain pixel agent with an immutable Public identity and one optional Outlaw transformation.,1875.png,,portrait dog,feminine,elder,shaved sides,clean-shaven,closed eyes,frowning,neck chain,Rare
1876,Loxley #1876,An owner-controlled on-chain pixel agent with an immutable Public identity and one optional Outlaw transformation.,1876.png,,human rogue,masculine,elder,long hair,stubble,monocle,smiling,glowing halo,Common
1877,Loxley #1877,An owner-controlled on-chain pixel agent with an immutable Public identity and one optional Outlaw transformation.,1877.png,,human scout,androgynous,elder,bowl cut,soul patch,glowing eyes,scowling,flower behind ear,Common
1878,Loxley #1878,An owner-controlled on-chain pixel agent with an immutable Public identity and one optional Outlaw transformation.,1878.png,,portrait cat,masculine,elder,ponytail,scarred cheek,sunglasses,grinning,small horns,Rare
1879,Loxley #1879,An owner-controlled on-chain pixel agent with an immutable Public identity and one optional Outlaw transformation.,1879.png,,portrait cat,masculine,adult,wavy hair,scarred cheek,heterochromia,grinning,high collar,Rare
1880,Loxley #1880,An owner-controlled on-chain pixel agent with an immutable Public identity and one optional Outlaw transformation.,1880.png,,secret agent,androgynous,elder,shaved sides,face tattoo,square glasses,calm,nothing on head,Rare
1881,Loxley #1881,An owner-controlled on-chain pixel agent with an immutable Public identity and one optional Outlaw transformation.,1881.png,,secret agent,feminine,young,short hair,soul patch,round glasses,serious,nothing on head,Rare
1882,Loxley #1882,An owner-controlled on-chain pixel agent with an immutable Public identity and one optional Outlaw transformation.,1882.png,,human phantom,androgynous,young,curly hair,war paint,square glasses,scowling,cigarette,Common
1883,Loxley #1883,An owner-controlled on-chain pixel agent with an immutable Public identity and one optional Outlaw transformation.,1883.png,,human hacker,masculine,adult,wavy hair,mustache,square glasses,surprised,neck chain,Common
1884,Loxley #1884,An owner-controlled on-chain pixel agent with an immutable Public identity and one optional Outlaw transformation.,1884.png,,human oracle,masculine,young,receding hairline,mustache,monocle,neutral,headband,Common
1885,Loxley #1885,An owner-controlled on-chain pixel agent with an immutable Public identity and one optional Outlaw transformation.,1885.png,,portrait dog,androgynous,elder,receding hairline,cheek markings,normal eyes,grinning,cap,Rare
1886,Loxley #1886,An owner-controlled on-chain pixel agent with an immutable Public identity and one optional Outlaw transformation.,1886.png,,portrait dog,feminine,young,ponytail,wrinkles,cyber visor,scowling,antenna,Rare
1887,Loxley #1887,An owner-controlled on-chain pixel agent with an immutable Public identity and one optional Outlaw transformation.,1887.png,,human scout,androgynous,young,dreadlocks,clean-shaven,wide eyes,scowling,beanie,Common
1888,Loxley #1888,An owner-controlled on-chain pixel agent with an immutable Public identity and one optional Outlaw transformation.,1888.png,,portrait dog,androgynous,elder,slicked-back hair,dimples,glowing eyes,smiling,scarf,Rare
1889,Loxley #1889,An owner-controlled on-chain pixel agent with an immutable Public identity and one optional Outlaw transformation.,1889.png,,human ranger,masculine,adult,dreadlocks,dimples,glowing eyes,smirking,bandana,Common
1890,Loxley #1890,An owner-controlled on-chain pixel agent with an immutable Public identity and one optional Outlaw transformation.,1890.png,,human rogue,masculine,adult,dreadlocks,goatee,normal eyes,frowning,scarf,Common
1891,Loxley #1891,An owner-controlled on-chain pixel agent with an immutable Public identity and one optional Outlaw transformation.,1891.png,,alien,feminine,young,wavy hair,eye scar,eyepatch,surprised,flower behind ear,Rare
1892,Loxley #1892,An owner-controlled on-chain pixel agent with an immutable Public identity and one optional Outlaw transformation.,1892.png,,secret agent,androgynous,adult,bangs,clean-shaven,glowing eyes,scowling,laurel wreath,Rare
1893,Loxley #1893,An owner-controlled on-chain pixel agent with an immutable Public identity and one optional Outlaw transformation.,1893.png,,human rogue,feminine,young,receding hairline,eye scar,square glasses,serious,high collar,Common
1894,Loxley #1894,An owner-controlled on-chain pixel agent with an immutable Public identity and one optional Outlaw transformation.,1894.png,,human rogue,masculine,adult,bald,cheek markings,wide eyes,serious,neck chain,Common
1895,Loxley #1895,An owner-controlled on-chain pixel agent with an immutable Public identity and one optional Outlaw transformation.,1895.png,,human rogue,masculine,young,top-knot,goatee,wide eyes,calm,scarf,Common
1896,Loxley #1896,An owner-controlled on-chain pixel agent with an immutable Public identity and one optional Outlaw transformation.,1896.png,,human ranger,androgynous,adult,wavy hair,freckles,round glasses,calm,neck chain,Common
1897,Loxley #1897,An owner-controlled on-chain pixel agent with an immutable Public identity and one optional Outlaw transformation.,1897.png,,portrait dog,masculine,elder,messy hair,beauty mark,tired eyes,grinning,glowing halo,Rare
1898,Loxley #1898,An owner-controlled on-chain pixel agent with an immutable Public identity and one optional Outlaw transformation.,1898.png,,portrait cat,androgynous,young,long hair,soul patch,normal eyes,neutral,beanie,Rare
1899,Loxley #1899,An owner-controlled on-chain pixel agent with an immutable Public identity and one optional Outlaw transformation.,1899.png,,human rogue,androgynous,young,top-knot,mustache,sharp piercing eyes,grinning,small horns,Common
1900,Loxley #1900,An owner-controlled on-chain pixel agent with an immutable Public identity and one optional Outlaw transformation.,1900.png,,human scout,androgynous,young,short hair,cheek markings,glowing cyber eye,serious,helmet,Common
1901,Loxley #1901,An owner-controlled on-chain pixel agent with an immutable Public identity and one optional Outlaw transformation.,1901.png,,human phantom,androgynous,young,undercut,cheek markings,glowing cyber eye,frowning,high collar,Common
1902,Loxley #1902,An owner-controlled on-chain pixel agent with an immutable Public identity and one optional Outlaw transformation.,1902.png,,portrait cat,androgynous,young,top-knot,sideburns,glowing cyber eye,smiling,nothing on head,Rare
1903,Loxley #1903,An owner-controlled on-chain pixel agent with an immutable Public identity and one optional Outlaw transformation.,1903.png,,human hacker,androgynous,adult,messy hair,mustache,winking,scowling,headphones,Common
1904,Loxley #1904,An owner-controlled on-chain pixel agent with an immutable Public identity and one optional Outlaw transformation.,1904.png,,human rogue,feminine,elder,bowl cut,dimples,normal eyes,neutral,scarf,Common
1905,Loxley #1905,An owner-controlled on-chain pixel agent with an immutable Public identity and one optional Outlaw transformation.,1905.png,,portrait cat,androgynous,elder,hooded head,sideburns,wide eyes,smirking,antenna,Rare
1906,Loxley #1906,An owner-controlled on-chain pixel agent with an immutable Public identity and one optional Outlaw transformation.,1906.png,,human rogue,feminine,young,ponytail,eye scar,heterochromia,scowling,earring,Common
1907,Loxley #1907,An owner-controlled on-chain pixel agent with an immutable Public identity and one optional Outlaw transformation.,1907.png,,human oracle,feminine,adult,receding hairline,cheek markings,closed eyes,smirking,laurel wreath,Common
1908,Loxley #1908,An owner-controlled on-chain pixel agent with an immutable Public identity and one optional Outlaw transformation.,1908.png,,alien,feminine,young,shaved sides,cheek markings,round glasses,smirking,beanie,Rare
1909,Loxley #1909,An owner-controlled on-chain pixel agent with an immutable Public identity and one optional Outlaw transformation.,1909.png,,human hacker,feminine,adult,receding hairline,sideburns,closed eyes,calm,antenna,Common
1910,Loxley #1910,An owner-controlled on-chain pixel agent with an immutable Public identity and one optional Outlaw transformation.,1910.png,,alien,androgynous,young,top-knot,cybernetic jaw,closed eyes,calm,cap,Rare
1911,Loxley #1911,An owner-controlled on-chain pixel agent with an immutable Public identity and one optional Outlaw transformation.,1911.png,,human phantom,androgynous,adult,hooded head,cheek markings,glowing cyber eye,grinning,antenna,Common
1912,Loxley #1912,An owner-controlled on-chain pixel agent with an immutable Public identity and one optional Outlaw transformation.,1912.png,,human phantom,androgynous,young,afro hair,full beard,sharp piercing eyes,frowning,face mask,Common
1913,Loxley #1913,An owner-controlled on-chain pixel agent with an immutable Public identity and one optional Outlaw transformation.,1913.png,,human oracle,androgynous,young,undercut,wrinkles,monocle,grinning,flower behind ear,Common
1914,Loxley #1914,An owner-controlled on-chain pixel agent with an immutable Public identity and one optional Outlaw transformation.,1914.png,,portrait cat,androgynous,young,cornrows,freckles,monocle,grinning,headphones,Rare
1915,Loxley #1915,An owner-controlled on-chain pixel agent with an immutable Public identity and one optional Outlaw transformation.,1915.png,,portrait dog,feminine,adult,slicked-back hair,cybernetic jaw,closed eyes,smiling,nothing on head,Rare
1916,Loxley #1916,An owner-controlled on-chain pixel agent with an immutable Public identity and one optional Outlaw transformation.,1916.png,,human oracle,androgynous,young,ponytail,scarred cheek,glowing cyber eye,scowling,nothing on head,Common
1917,Loxley #1917,An owner-controlled on-chain pixel agent with an immutable Public identity and one optional Outlaw transformation.,1917.png,,human rogue,feminine,adult,slicked-back hair,stubble,big round eyes,frowning,crown,Common
1918,Loxley #1918,An owner-controlled on-chain pixel agent with an immutable Public identity and one optional Outlaw transformation.,1918.png,,secret agent,androgynous,adult,afro hair,soul patch,glowing eyes,neutral,cigarette,Rare
1919,Loxley #1919,An owner-controlled on-chain pixel agent with an immutable Public identity and one optional Outlaw transformation.,1919.png,,human ranger,androgynous,young,hooded head,wrinkles,glowing cyber eye,frowning,crown,Common
1920,Loxley #1920,An owner-controlled on-chain pixel agent with an immutable Public identity and one optional Outlaw transformation.,1920.png,,human phantom,androgynous,young,long hair,cheek markings,cyber visor,grinning,headphones,Common
1921,Loxley #1921,An owner-controlled on-chain pixel agent with an immutable Public identity and one optional Outlaw transformation.,1921.png,,human rogue,feminine,adult,curly hair,eye scar,narrow eyes,calm,cigarette,Common
1922,Loxley #1922,An owner-controlled on-chain pixel agent with an immutable Public identity and one optional Outlaw transformation.,1922.png,,portrait cat,masculine,elder,bald,full beard,square glasses,grinning,face mask,Rare
1923,Loxley #1923,An owner-controlled on-chain pixel agent with an immutable Public identity and one optional Outlaw transformation.,1923.png,,human phantom,feminine,young,messy hair,cybernetic jaw,normal eyes,grinning,laurel wreath,Common
1924,Loxley #1924,An owner-controlled on-chain pixel agent with an immutable Public identity and one optional Outlaw transformation.,1924.png,,secret agent,androgynous,young,dreadlocks,cybernetic jaw,monocle,smirking,small horns,Rare
1925,Loxley #1925,An owner-controlled on-chain pixel agent with an immutable Public identity and one optional Outlaw transformation.,1925.png,,human scout,masculine,elder,curly hair,chin strap beard,cyber visor,smirking,beanie,Common
1926,Loxley #1926,An owner-controlled on-chain pixel agent with an immutable Public identity and one optional Outlaw transformation.,1926.png,,human ranger,feminine,adult,afro hair,dimples,square glasses,neutral,nothing on head,Common
1927,Loxley #1927,An owner-controlled on-chain pixel agent with an immutable Public identity and one optional Outlaw transformation.,1927.png,,human rogue,masculine,adult,cornrows,face tattoo,tired eyes,scowling,flower behind ear,Common
1928,Loxley #1928,An owner-controlled on-chain pixel agent with an immutable Public identity and one optional Outlaw transformation.,1928.png,,human rogue,masculine,elder,wavy hair,scarred cheek,sharp piercing eyes,calm,bandana,Common
1929,Loxley #1929,An owner-controlled on-chain pixel agent with an immutable Public identity and one optional Outlaw transformation.,1929.png,,secret agent,masculine,adult,messy hair,mustache,glowing cyber eye,serious,nothing on head,Rare
1930,Loxley #1930,An owner-controlled on-chain pixel agent with an immutable Public identity and one optional Outlaw transformation.,1930.png,,human ranger,androgynous,young,wavy hair,clean-shaven,glowing eyes,frowning,scarf,Common
1931,Loxley #1931,An owner-controlled on-chain pixel agent with an immutable Public identity and one optional Outlaw transformation.,1931.png,,human phantom,feminine,elder,cornrows,face tattoo,sunglasses,grinning,flower behind ear,Common
1932,Loxley #1932,An owner-controlled on-chain pixel agent with an immutable Public identity and one optional Outlaw transformation.,1932.png,,human rogue,masculine,elder,messy hair,sideburns,eyepatch,serious,neck chain,Common
1933,Loxley #1933,An owner-controlled on-chain pixel agent with an immutable Public identity and one optional Outlaw transformation.,1933.png,,human scout,feminine,adult,bowl cut,sideburns,eyepatch,frowning,glowing halo,Common
1934,Loxley #1934,An owner-controlled on-chain pixel agent with an immutable Public identity and one optional Outlaw transformation.,1934.png,,secret agent,androgynous,young,curly hair,nose ring,cyber visor,frowning,cigarette,Rare
1935,Loxley #1935,An owner-controlled on-chain pixel agent with an immutable Public identity and one optional Outlaw transformation.,1935.png,,human hacker,androgynous,elder,hooded head,dimples,round glasses,calm,crown,Common
1936,Loxley #1936,An owner-controlled on-chain pixel agent with an immutable Public identity and one optional Outlaw transformation.,1936.png,,human phantom,androgynous,young,cornrows,nose ring,monocle,smiling,cigarette,Common
1937,Loxley #1937,An owner-controlled on-chain pixel agent with an immutable Public identity and one optional Outlaw transformation.,1937.png,,human rogue,feminine,adult,pigtails,stubble,normal eyes,smiling,earring,Common
1938,Loxley #1938,An owner-controlled on-chain pixel agent with an immutable Public identity and one optional Outlaw transformation.,1938.png,,human scout,feminine,adult,mohawk,cheek markings,wide eyes,smirking,crown,Common
1939,Loxley #1939,An owner-controlled on-chain pixel agent with an immutable Public identity and one optional Outlaw transformation.,1939.png,,human scout,feminine,adult,wavy hair,eye scar,tired eyes,smirking,cigarette,Common
1940,Loxley #1940,An owner-controlled on-chain pixel agent with an immutable Public identity and one optional Outlaw transformation.,1940.png,,human scout,feminine,young,curly hair,goatee,sharp piercing eyes,serious,crown,Common
1941,Loxley #1941,An owner-controlled on-chain pixel agent with an immutable Public identity and one optional Outlaw transformation.,1941.png,,human phantom,androgynous,elder,shaved sides,goatee,cyber visor,grinning,helmet,Common
1942,Loxley #1942,An owner-controlled on-chain pixel agent with an immutable Public identity and one optional Outlaw transformation.,1942.png,,human hacker,androgynous,young,curly hair,mustache,sharp piercing eyes,grinning,glowing halo,Common
1943,Loxley #1943,An owner-controlled on-chain pixel agent with an immutable Public identity and one optional Outlaw transformation.,1943.png,,human hacker,masculine,young,mohawk,scarred cheek,tired eyes,smirking,high collar,Common
1944,Loxley #1944,An owner-controlled on-chain pixel agent with an immutable Public identity and one optional Outlaw transformation.,1944.png,,secret agent,feminine,adult,hooded head,stubble,round glasses,calm,antenna,Rare
1945,Loxley #1945,An owner-controlled on-chain pixel agent with an immutable Public identity and one optional Outlaw transformation.,1945.png,,human ranger,masculine,adult,bangs,clean-shaven,round glasses,serious,antenna,Common
1946,Loxley #1946,An owner-controlled on-chain pixel agent with an immutable Public identity and one optional Outlaw transformation.,1946.png,,human scout,masculine,elder,buzzcut,dimples,big round eyes,scowling,face mask,Common
1947,Loxley #1947,An owner-controlled on-chain pixel agent with an immutable Public identity and one optional Outlaw transformation.,1947.png,,human rogue,feminine,elder,top-knot,full beard,round glasses,grinning,neck chain,Common
1948,Loxley #1948,An owner-controlled on-chain pixel agent with an immutable Public identity and one optional Outlaw transformation.,1948.png,,human hacker,androgynous,elder,dreadlocks,soul patch,tired eyes,neutral,high collar,Common
1949,Loxley #1949,An owner-controlled on-chain pixel agent with an immutable Public identity and one optional Outlaw transformation.,1949.png,,human rogue,masculine,young,dreadlocks,nose ring,tired eyes,serious,headphones,Common
1950,Loxley #1950,An owner-controlled on-chain pixel agent with an immutable Public identity and one optional Outlaw transformation.,1950.png,,human ranger,androgynous,young,receding hairline,sideburns,closed eyes,neutral,glowing halo,Common
1951,Loxley #1951,An owner-controlled on-chain pixel agent with an immutable Public identity and one optional Outlaw transformation.,1951.png,,human hacker,feminine,elder,curly hair,sideburns,sharp piercing eyes,neutral,face mask,Common
1952,Loxley #1952,An owner-controlled on-chain pixel agent with an immutable Public identity and one optional Outlaw transformation.,1952.png,,human hacker,feminine,adult,man-bun,nose ring,glowing eyes,smirking,small horns,Common
1953,Loxley #1953,An owner-controlled on-chain pixel agent with an immutable Public identity and one optional Outlaw transformation.,1953.png,,human scout,androgynous,young,receding hairline,eye scar,eyepatch,frowning,beanie,Common
1954,Loxley #1954,An owner-controlled on-chain pixel agent with an immutable Public identity and one optional Outlaw transformation.,1954.png,,secret agent,feminine,young,buzzcut,dimples,narrow eyes,scowling,cap,Rare
1955,Loxley #1955,An owner-controlled on-chain pixel agent with an immutable Public identity and one optional Outlaw transformation.,1955.png,,human rogue,androgynous,adult,pigtails,soul patch,narrow eyes,calm,earring,Common
1956,Loxley #1956,An owner-controlled on-chain pixel agent with an immutable Public identity and one optional Outlaw transformation.,1956.png,,portrait cat,masculine,young,messy hair,mustache,normal eyes,grinning,beanie,Rare
1957,Loxley #1957,An owner-controlled on-chain pixel agent with an immutable Public identity and one optional Outlaw transformation.,1957.png,,human phantom,masculine,young,shaved sides,freckles,cyber visor,scowling,nothing on head,Common
1958,Loxley #1958,An owner-controlled on-chain pixel agent with an immutable Public identity and one optional Outlaw transformation.,1958.png,,human ranger,feminine,elder,buzzcut,scarred cheek,square glasses,frowning,cap,Common
1959,Loxley #1959,An owner-controlled on-chain pixel agent with an immutable Public identity and one optional Outlaw transformation.,1959.png,,human scout,androgynous,young,wavy hair,goatee,glowing eyes,smirking,flower behind ear,Common
1960,Loxley #1960,An owner-controlled on-chain pixel agent with an immutable Public identity and one optional Outlaw transformation.,1960.png,,human rogue,masculine,adult,top-knot,war paint,sharp piercing eyes,smirking,helmet,Common
1961,Loxley #1961,An owner-controlled on-chain pixel agent with an immutable Public identity and one optional Outlaw transformation.,1961.png,,portrait cat,androgynous,young,cornrows,chin strap beard,round glasses,neutral,crown,Rare
1962,Loxley #1962,An owner-controlled on-chain pixel agent with an immutable Public identity and one optional Outlaw transformation.,1962.png,,human scout,masculine,young,messy hair,cheek markings,monocle,serious,hood up,Common
1963,Loxley #1963,An owner-controlled on-chain pixel agent with an immutable Public identity and one optional Outlaw transformation.,1963.png,,human scout,masculine,elder,curly hair,stubble,square glasses,scowling,laurel wreath,Common
1964,Loxley #1964,An owner-controlled on-chain pixel agent with an immutable Public identity and one optional Outlaw transformation.,1964.png,,human ranger,feminine,young,bangs,cheek markings,glowing eyes,frowning,cap,Common
1965,Loxley #1965,An owner-controlled on-chain pixel agent with an immutable Public identity and one optional Outlaw transformation.,1965.png,,human scout,feminine,young,long hair,goatee,closed eyes,neutral,glowing halo,Common
1966,Loxley #1966,An owner-controlled on-chain pixel agent with an immutable Public identity and one optional Outlaw transformation.,1966.png,,human rogue,masculine,elder,short hair,freckles,big round eyes,scowling,flower behind ear,Common
1967,Loxley #1967,An owner-controlled on-chain pixel agent with an immutable Public identity and one optional Outlaw transformation.,1967.png,,human ranger,masculine,adult,receding hairline,cybernetic jaw,heterochromia,scowling,small horns,Common
1968,Loxley #1968,An owner-controlled on-chain pixel agent with an immutable Public identity and one optional Outlaw transformation.,1968.png,,secret agent,masculine,adult,buzzcut,sideburns,sharp piercing eyes,frowning,bandana,Rare
1969,Loxley #1969,An owner-controlled on-chain pixel agent with an immutable Public identity and one optional Outlaw transformation.,1969.png,,human phantom,feminine,young,mohawk,soul patch,glowing cyber eye,surprised,crown,Common
1970,Loxley #1970,An owner-controlled on-chain pixel agent with an immutable Public identity and one optional Outlaw transformation.,1970.png,,human hacker,masculine,elder,top-knot,cheek markings,narrow eyes,frowning,helmet,Common
1971,Loxley #1971,An owner-controlled on-chain pixel agent with an immutable Public identity and one optional Outlaw transformation.,1971.png,,human ranger,masculine,elder,bowl cut,cybernetic jaw,winking,smiling,cap,Common
1972,Loxley #1972,An owner-controlled on-chain pixel agent with an immutable Public identity and one optional Outlaw transformation.,1972.png,,human ranger,androgynous,elder,shaved sides,cybernetic jaw,normal eyes,calm,bandana,Common
1973,Loxley #1973,An owner-controlled on-chain pixel agent with an immutable Public identity and one optional Outlaw transformation.,1973.png,,human scout,masculine,adult,spiky hair,full beard,tired eyes,surprised,high collar,Common
1974,Loxley #1974,An owner-controlled on-chain pixel agent with an immutable Public identity and one optional Outlaw transformation.,1974.png,,human rogue,feminine,elder,buzzcut,soul patch,tired eyes,serious,face mask,Common
1975,Loxley #1975,An owner-controlled on-chain pixel agent with an immutable Public identity and one optional Outlaw transformation.,1975.png,,human oracle,androgynous,young,man-bun,sideburns,round glasses,frowning,helmet,Common
1976,Loxley #1976,An owner-controlled on-chain pixel agent with an immutable Public identity and one optional Outlaw transformation.,1976.png,,alien,masculine,elder,hooded head,soul patch,sunglasses,frowning,neck chain,Rare
1977,Loxley #1977,An owner-controlled on-chain pixel agent with an immutable Public identity and one optional Outlaw transformation.,1977.png,,human hacker,masculine,elder,afro hair,wrinkles,glowing cyber eye,neutral,helmet,Common
1978,Loxley #1978,An owner-controlled on-chain pixel agent with an immutable Public identity and one optional Outlaw transformation.,1978.png,,human hacker,masculine,elder,slicked-back hair,stubble,narrow eyes,scowling,headband,Common
1979,Loxley #1979,An owner-controlled on-chain pixel agent with an immutable Public identity and one optional Outlaw transformation.,1979.png,,secret agent,feminine,adult,top-knot,beauty mark,sunglasses,frowning,scarf,Rare
1980,Loxley #1980,An owner-controlled on-chain pixel agent with an immutable Public identity and one optional Outlaw transformation.,1980.png,,human phantom,feminine,elder,short hair,cybernetic jaw,closed eyes,calm,earring,Common
1981,Loxley #1981,An owner-controlled on-chain pixel agent with an immutable Public identity and one optional Outlaw transformation.,1981.png,,portrait dog,androgynous,young,afro hair,nose ring,tired eyes,scowling,antenna,Rare
1982,Loxley #1982,An owner-controlled on-chain pixel agent with an immutable Public identity and one optional Outlaw transformation.,1982.png,,alien,masculine,young,slicked-back hair,stubble,eyepatch,scowling,neck chain,Rare
1983,Loxley #1983,An owner-controlled on-chain pixel agent with an immutable Public identity and one optional Outlaw transformation.,1983.png,,human scout,masculine,adult,wavy hair,full beard,heterochromia,neutral,small horns,Common
1984,Loxley #1984,An owner-controlled on-chain pixel agent with an immutable Public identity and one optional Outlaw transformation.,1984.png,,alien,androgynous,elder,man-bun,beauty mark,big round eyes,serious,helmet,Rare
1985,Loxley #1985,An owner-controlled on-chain pixel agent with an immutable Public identity and one optional Outlaw transformation.,1985.png,,portrait cat,feminine,young,undercut,mustache,winking,smiling,cigarette,Rare
1986,Loxley #1986,An owner-controlled on-chain pixel agent with an immutable Public identity and one optional Outlaw transformation.,1986.png,,human phantom,feminine,young,curly hair,stubble,heterochromia,neutral,cap,Common
1987,Loxley #1987,An owner-controlled on-chain pixel agent with an immutable Public identity and one optional Outlaw transformation.,1987.png,,human phantom,feminine,elder,ponytail,wrinkles,closed eyes,surprised,face mask,Common
1988,Loxley #1988,An owner-controlled on-chain pixel agent with an immutable Public identity and one optional Outlaw transformation.,1988.png,,human hacker,androgynous,elder,curly hair,cybernetic jaw,sunglasses,grinning,crown,Common
1989,Loxley #1989,An owner-controlled on-chain pixel agent with an immutable Public identity and one optional Outlaw transformation.,1989.png,,human hacker,androgynous,elder,dreadlocks,stubble,eyepatch,grinning,antenna,Common
1990,Loxley #1990,An owner-controlled on-chain pixel agent with an immutable Public identity and one optional Outlaw transformation.,1990.png,,human ranger,feminine,young,bald,mustache,sunglasses,smirking,headband,Common
1991,Robin Hood,"Robin Hood, a named rare Loxley in the normal mint pool. An owner-controlled on-chain pixel agent with an immutable Public identity and one optional Outlaw transformation.",1991.png,,secret agent,masculine,elder,cornrows,war paint,glowing eyes,smiling,crown,Named Rare
1992,Maid Marian,"Maid Marian, a named rare Loxley in the normal mint pool. An owner-controlled on-chain pixel agent with an immutable Public identity and one optional Outlaw transformation.",1992.png,,secret agent,feminine,elder,receding hairline,dimples,glowing eyes,calm,face mask,Named Rare
1993,Little John,"Little John, a named rare Loxley in the normal mint pool. An owner-controlled on-chain pixel agent with an immutable Public identity and one optional Outlaw transformation.",1993.png,,human scout,masculine,adult,afro hair,chin strap beard,closed eyes,grinning,high collar,Named Rare
1994,Friar Tuck,"Friar Tuck, a named rare Loxley in the normal mint pool. An owner-controlled on-chain pixel agent with an immutable Public identity and one optional Outlaw transformation.",1994.png,,human scout,masculine,adult,wavy hair,mustache,normal eyes,surprised,hood up,Named Rare
1995,Will Scarlet,"Will Scarlet, a named rare Loxley in the normal mint pool. An owner-controlled on-chain pixel agent with an immutable Public identity and one optional Outlaw transformation.",1995.png,,human ranger,masculine,adult,pigtails,mustache,monocle,smirking,small horns,Named Rare
1996,Alan-a-Dale,"Alan-a-Dale, a named rare Loxley in the normal mint pool. An owner-controlled on-chain pixel agent with an immutable Public identity and one optional Outlaw transformation.",1996.png,,human hacker,masculine,adult,bald,beauty mark,big round eyes,smirking,headphones,Named Rare
1997,Much the Miller's Son,"Much the Miller's Son, a named rare Loxley in the normal mint pool. An owner-controlled on-chain pixel agent with an immutable Public identity and one optional Outlaw transformation.",1997.png,,human ranger,masculine,young,hooded head,war paint,wide eyes,smirking,flower behind ear,Named Rare
1998,Sheriff of Nottingham,"Sheriff of Nottingham, a named rare Loxley in the normal mint pool. An owner-controlled on-chain pixel agent with an immutable Public identity and one optional Outlaw transformation.",1998.png,,human ranger,masculine,young,bald,eye scar,glowing eyes,neutral,headphones,Named Rare
1999,Sir Guy of Gisborne,"Sir Guy of Gisborne, a named rare Loxley in the normal mint pool. An owner-controlled on-chain pixel agent with an immutable Public identity and one optional Outlaw transformation.",1999.png,,human ranger,masculine,young,undercut,cheek markings,glowing eyes,neutral,nothing on head,Named Rare
2000,King Richard,"King Richard, a named rare Loxley in the normal mint pool. An owner-controlled on-chain pixel agent with an immutable Public identity and one optional Outlaw transformation.",2000.png,,human ranger,masculine,elder,curly hair,chin strap beard,eyepatch,calm,hood up,Named Rare
